seller_id,seller_zip_code_prefix,seller_city,seller_state,seller_state_name,seller_region,seller_revenue,seller_units_sold,seller_order_count,seller_avg_order_value
3442f8959a84dea7ee197c632cb2df15,13023,campinas,SP,Sao Paulo,Southeast,218.70000000000002,3,3,72.9
d1b65fc7debc3361ea86b5f14c68d2e2,13844,mogi guacu,SP,Sao Paulo,Southeast,11703.07,41,40,292.58
ce3ad9de960102d0677a81f5d0bb7b2d,20031,rio de janeiro,RJ,Rio de Janeiro,Southeast,158.0,1,1,158.0
c0f3eea2e14555b6faeea3dd58c1b1c3,4195,sao paulo,SP,Sao Paulo,Southeast,79.99,1,1,79.99
51a04a8a6bdcb23deccc82b0b80742cf,12914,braganca paulista,SP,Sao Paulo,Southeast,167.99,1,1,167.99
c240c4061717ac1806ae6ee72be3533b,20920,rio de janeiro,RJ,Rio de Janeiro,Southeast,59.9,1,1,59.9
e49c26c3edfa46d227d5121a6b6e4d37,55325,brejao,PE,Pernambuco,Northeast,3654.25,36,35,104.41
1b938a7ec6ac5061a66a3766e0e75f90,16304,penapolis,SP,Sao Paulo,Southeast,3987.6,33,30,132.92
768a86e36ad6aae3d03ee3c6433d61df,1529,sao paulo,SP,Sao Paulo,Southeast,587.46,17,17,34.56
ccc4bbb5f32a6ab2b7066a4130f114e3,80310,curitiba,PR,Parana,South,74004.62,192,187,395.75
8cb7c5ddf41f4d506eba76e9a4702a25,75110,anapolis,GO,Goias,Central-West,138.0,2,2,69.0
a7a9b880c49781da66651ccf4ba9ac38,13530,itirapina,SP,Sao Paulo,Southeast,307.6,4,3,102.53
8bd0f31cf0a614c658f6763bd02dea69,1222,sao paulo,SP,Sao Paulo,Southeast,4455.34,35,33,135.01
05a48cc8859962767935ab9087417fbb,5372,sao paulo,SP,Sao Paulo,Southeast,42.9,1,1,42.9
7b8e8ec35bad4b0ef7e3963650b0a87b,88705,tubarao,SC,Santa Catarina,South,2244.2799999999997,5,5,448.86
1444c08e64d55fb3c25f0f09c07ffcf2,42738,lauro de freitas,BA,Bahia,Northeast,2749.0,1,1,2749.0
166e8f1381e09651983c38b1f6f91c11,88780,imbituba,SC,Santa Catarina,South,78.8,2,2,39.4
e38db885400cd35c71dfd162f2c1dbcf,70740,brasilia,DF,Distrito Federal,Central-West,2066.8,32,30,68.89
d2e753bb80b7d4faa77483ed00edc8ca,45810,porto seguro,BA,Bahia,Northeast,1320.7,15,14,94.34
f9ec7093df3a7b346b7bcf7864069ca3,5138,sao paulo,SP,Sao Paulo,Southeast,519.2,9,9,57.69
4e6015589b781adaa5ce7f1892d06bb1,11440,guaruja,SP,Sao Paulo,Southeast,684.0,3,3,228.0
4cf490a58259286ada5ba8525ba9e84a,14910,tabatinga,SP,Sao Paulo,Southeast,1254.2,8,8,156.78
f7496d659ca9fdaf323c0aae84176632,4156,sao paulo,SP,Sao Paulo,Southeast,5087.57,27,26,195.68
2ff97219cb8622eaf3cd89b7d9c09824,13320,salto,SP,Sao Paulo,Southeast,4476.9,96,89,50.3
8bd0e3abda539b9479c4b44a691be1ec,98910,tres de maio,RS,Rio Grande do Sul,South,596.55,13,7,85.22
2a1348e9addc1af5aaa619b1a3679d6b,30494,belo horizonte,MG,Minas Gerais,Southeast,2843.0,55,52,54.67
2078fe5066350e7d220c0ad3a3bbc6c1,86707,arapongas,PR,Parana,South,29.9,1,1,29.9
116ccb1a1604bc88e4d234a8c23f33de,9850,sao bernardo do campo,SP,Sao Paulo,Southeast,2004.89,73,61,32.87
430315b7bb4b6e4b3c978f9dfa9b0558,4857,sao paulo,SP,Sao Paulo,Southeast,3118.4,21,20,155.92
406822777a0b9eb5c50e442dd4cd3ec5,18500,tatui,SP,Sao Paulo,Southeast,3648.08,47,45,81.07
4dbd95a08b31ede5c82d3f861cb1ce1a,80210,curitiba,PR,Parana,South,1304.67,6,6,217.45
e9e446d01bd10a97a8ffcfc4a3a20cb2,2261,sao paulo,SP,Sao Paulo,Southeast,60.05,4,4,15.01
d52cbce9845184537284a23c3bc3da0e,88495,garopaba,SC,Santa Catarina,South,75.0,4,2,37.5
d9a84e1403de8da0c3aa531d6d108ba6,3562,sao paulo,SP,Sao Paulo,Southeast,1425.2,59,54,26.39
9c690ceacd5c66731bf443ea810195cb,37650,camanducaia,MG,Minas Gerais,Southeast,871.8,12,10,87.18
1f9ab4708f3056ede07124aad39a2554,17602,tupa,SP,Sao Paulo,Southeast,13602.73,79,78,174.39
1961c3e1272bfeceb05d0b78b5bbfdaf,7241,guarulhos,SP,Sao Paulo,Southeast,896.0,4,3,298.67
d3e7d37c0df9aef383f3f2a15b0dddfb,83050,sao jose dos pinhais,PR,Parana,South,161.0,1,1,161.0
ec2e006556300a79a5a91e4876ab3a56,3445,sao paulo,SP,Sao Paulo,Southeast,125.2,8,4,31.3
b2a6d334e2833acea353624840e25a0e,4133,sao paulo,SP,Sao Paulo,Southeast,1650.98,26,25,66.04
d3674f271c91f824f82d24d92011f669,72233,brasilia,DF,Distrito Federal,Central-West,1718.3,20,20,85.92
768de2a4fc06aacecb9a586ccc30746a,70645,brasilia,DF,Distrito Federal,Central-West,475.59999999999997,14,14,33.97
a81466620e46a6970b22ef40379fdfc9,88730,sao ludgero,SC,Santa Catarina,South,321.8,2,2,160.9
5c030029b5916fed0986310385ec9009,88075,sao jose,SC,Santa Catarina,South,4164.4,10,7,594.91
c0f783394e37cd9c9d7f5f81141450fa,13416,piracicaba,SP,Sao Paulo,Southeast,249.39999999999998,6,6,41.57
c353f8fc0ce8344999f17d578eb69a5e,90850,porto alegre,RS,Rio Grande do Sul,South,175.98,2,2,87.99
8444e55c1f13cd5c179851e5ca5ebd00,37584,congonhal,MG,Minas Gerais,Southeast,22873.21,109,99,231.04
28a26ebce31d5918b181ede016fd693b,31950,belo horizonte,MG,Minas Gerais,Southeast,29.9,1,1,29.9
41ab63a91b8b264e8c8780368bf1dd5b,31555,belo horizonte,MG,Minas Gerais,Southeast,2571.95,13,12,214.33
8759e7aedd644f487315e5860962f162,9251,santo andre,SP,Sao Paulo,Southeast,627.0,3,3,209.0
e546117ed9cafbc40239c0c78635c584,4705,sao paulo,SP,Sao Paulo,Southeast,456.0,2,2,228.0
d71d863e5ef30d94e440c11be17dcd8f,6144,osasco,SP,Sao Paulo,Southeast,11900.9,36,29,410.38
0c7533c71df861ec58ad7ff999ed0e8d,13270,valinhos,SP,Sao Paulo,Southeast,2989.2999999999997,73,61,49.0
ef990a83bbea832f36ebe81376335aa8,89214,joinville,SC,Santa Catarina,South,4642.59,44,43,107.97
41e0fa5761c886a630994a55c12087e7,11446,guaruja,SP,Sao Paulo,Southeast,423.6,5,5,84.72
0747d5bb69f0586cc869d8af4c50f93e,28990,saquarema,RJ,Rio de Janeiro,Southeast,346.59999999999997,15,14,24.76
7d294cf9a6a69dc6a0c3e540fff0e039,88390,barra velha,SC,Santa Catarina,South,257.25,5,5,51.45
c89cf7c468a48af70aada384e722f9e2,25730,petropolis,RJ,Rio de Janeiro,Southeast,745.0,14,14,53.21
b7ba853e9551f4558440881fd3e5c815,95500,santo antonio da patrulha,RS,Rio Grande do Sul,South,376.8,2,2,188.4
13c2ed7698b3ca92dad49e849219da59,84010,ponta grossa,PR,Parana,South,498.61,9,8,62.33
cbbd5ae8f53de5f5097cd8217b529e24,6544,santana de parnaiba,SP,Sao Paulo,Southeast,351.8,2,2,175.9
02ecc2a19303f05e59ce133fd923fff7,9121,santo andre,SP,Sao Paulo,Southeast,5264.19,24,21,250.68
c013e57c075a06e5b5c48ee03c525719,13568,sao carlos,SP,Sao Paulo,Southeast,1971.55,45,42,46.94
55f7a3319d80f7fdf078b8f03e6725fe,6056,osasco,SP,Sao Paulo,Southeast,3013.78,22,22,136.99
2d50d6282f8aa2257819a77bfaa0efe0,14940,ibitinga,SP,Sao Paulo,Southeast,3353.48,45,44,76.22
b7e1750c1157341d2abd0251e07c186b,5741,sao paulo,SP,Sao Paulo,Southeast,159.6,4,3,53.2
b90e891671cffd9557f33a97dc523645,83010,sao jose dos pinhais,PR,Parana,South,4449.0,39,34,130.85
a416b6a846a11724393025641d4edd5e,3702,sao paulo,SP,Sao Paulo,Southeast,25670.72,181,162,158.46
7e93a43ef30c4f03f38b393420bc753a,6429,barueri,SP,Sao Paulo,Southeast,176431.87,340,336,525.09
5206cc4bc2297c833e6061c49bf9c43f,6192,osasco,SP,Sao Paulo,Southeast,35.0,1,1,35.0
f410c8873029fcc3809b9df6d0b28914,95076,caxias do sul,SP,Sao Paulo,Southeast,289.8,2,2,144.9
ef506c96320abeedfb894c34db06f478,3569,sao paulo,SP,Sao Paulo,Southeast,9771.43,340,324,30.16
a13aaf2d2886ab9fb30fb9a920160b8f,89207,joinville,SC,Santa Catarina,South,1011.52,4,4,252.88
7299e27ed73d2ad986de7f7c77d919fa,38440,araguari,MG,Minas Gerais,Southeast,34725.43,361,338,102.74
8a9260f2b0340411d6d2a56bcf4f7378,32180,contagem,MG,Minas Gerais,Southeast,1256.0,9,8,157.0
dedcab67899479e4ea5dcc4eba47f587,89258,jaragua do sul,SC,Santa Catarina,South,84.0,2,2,42.0
b2479f944e1b90cf8a5de1bbfde284d6,14940,ibitinga,SP,Sao Paulo,Southeast,4752.51,131,103,46.14
7722b1df1b0e383e000397b2c11e3e19,9715,sao bernardo do campo,SP,Sao Paulo,Southeast,7094.09,145,134,52.94
731ef20c231d9a7103a425e83fd91271,88501,lages - sc,SC,Santa Catarina,South,1692.0,3,2,846.0
78813699ffac347fe27dba345a5f1551,95711,bento goncalves,RS,Rio Grande do Sul,South,152.42,1,1,152.42
3296662b1331dea51e744505065ae889,15805,catanduva,SP,Sao Paulo,Southeast,517.8,1,1,517.8
411f3b52d857390502ee4e4d5ceabc2d,9400,ribeirao pires,SP,Sao Paulo,Southeast,1804.01,30,21,85.91
bba3293d6f5d5af2f415e004e8b93ae3,4726,sao paulo,SP,Sao Paulo,Southeast,11702.1,17,17,688.36
4e7c18b98d84e05cbae3ff0ff03846c2,14882,jaboticabal,SP,Sao Paulo,Southeast,9177.9,89,82,111.93
b56906f7fd1696e043f1bcce164c487b,19830,echapora,SP,Sao Paulo,Southeast,2148.49,42,40,53.71
d650b663c3b5f6fb392b6326366efa9a,6713,cotia,SP,Sao Paulo,Southeast,19242.9,60,60,320.72
669ae81880e08f269a64487cfb287169,89160,rio do sul,SC,Santa Catarina,South,13248.87,186,162,81.78
c2d70ce2c5d0a2eb75e78668236e6dc8,4275,sao paulo,SP,Sao Paulo,Southeast,2470.9,15,13,190.07
674207551483fec113276b67b0d871ff,18040,sorocaba,SP,Sao Paulo,Southeast,119.9,1,1,119.9
abe42c5d03695b4257b5c6cbf4e6784e,21235,rio de janeiro,RJ,Rio de Janeiro,Southeast,17159.0,50,50,343.18
1996942dc085d7773ba77a529b163cd0,14850,pradopolis,SP,Sao Paulo,Southeast,2943.51,10,10,294.35
79b93a308a97792cf53ac75f46da00b5,22420,rio de janeiro,RJ,Rio de Janeiro,Southeast,99.9,1,1,99.9
7cf4ea70955b00d6b3c22542598e2715,1125,sao paulo,SP,Sao Paulo,Southeast,189.9,1,1,189.9
63ffcb71394dd8ea3872ed9ffda17c74,24813,itaborai,RJ,Rio de Janeiro,Southeast,399.0,17,17,23.47
83353a83fd769dfafa4f21a72b15e3e5,5786,sao paulo,SP,Sao Paulo,Southeast,579.5,5,5,115.9
cda598c48d7c614bc1cad7d8ff6f0010,15137,mirassol,SP,Sao Paulo,Southeast,1118.6000000000001,18,17,65.8
d4910f1cdcfdabd48d6b316e395d4a23,9190,santo andre,SP,Sao Paulo,Southeast,1146.88,12,11,104.26
709e16e2b25c7474d980076c6bfc4806,16200,birigui,SP,Sao Paulo,Southeast,5151.9,80,60,85.86
9dc79dd988ac42f4d56c340d7048420a,3569,sao paulo,SP,Sao Paulo,Southeast,749.6,4,4,187.4
276677b5d08786d5dce7c2149dcce48b,31730,belo horizonte,MG,Minas Gerais,Southeast,3522.0,47,33,106.73
9c4d31c7e46ab03a43fc06e3142afd4e,20785,rio de janeiro,RJ,Rio de Janeiro,Southeast,1218.9,2,2,609.45
512d298ac2a96d1931b6bd30aa21f61d,20060,rio de janeiro,RJ,Rio de Janeiro,Southeast,7401.94,12,11,672.9
422be4cc81a457fdb46f47edeb968ae5,14940,ibitinga,SP,Sao Paulo,Southeast,239.9,1,1,239.9
99cd94252748d2bdde08e17858233602,12401,sao paulo,SP,Sao Paulo,Southeast,159.8,2,2,79.9
698624c6632eeba1774924dbea24c700,1425,sao paulo,SP,Sao Paulo,Southeast,19.9,1,1,19.9
8bb48dc19fccaa8613b6229bf7f452a2,19803,assis,SP,Sao Paulo,Southeast,4190.72,95,82,51.11
ad87df7699e83b8a91822a4a0b765c3a,13820,jaguariuna,SP,Sao Paulo,Southeast,349.9,7,6,58.32
d6b664fa0667064c6d76394e7848d790,14801,araraquara,SP,Sao Paulo,Southeast,6080.0,6,6,1013.33
98f52e1020fe788c10c0418de4393fec,27963,macae,RJ,Rio de Janeiro,Southeast,21.6,1,1,21.6
62760d278921b5f352461620d68a9cee,13320,salto,SP,Sao Paulo,Southeast,397.0,3,3,132.33
eb72802c83dc7547529c9546d1a9b8ef,13504,rio claro,SP,Sao Paulo,Southeast,1063.92,8,8,132.99
3f9be91358837bff69df67edfa3e42e8,86039,londrina,PR,Parana,South,569.7,7,7,81.39
1d4587203296c8f4ad134dc286fa6db0,5101,sao paulo,SP,Sao Paulo,Southeast,2323.3,43,42,55.32
791cfcfe22fe4a771ece27f90017da92,14010,ribeirao preto,SP,Sao Paulo,Southeast,596.26,2,2,298.13
392f7f2c797e4dc077e4311bde2ab8ce,21210,rio de janeiro,RN,Rio Grande do Norte,Northeast,52.0,2,2,26.0
0c8380b62e38e8a1e6adbeba7eb9688c,37410,tres coracoes,MG,Minas Gerais,Southeast,17348.79,220,182,95.32
37be5a7c751166fbc5f8ccba4119e043,4248,sao paulo,SP,Sao Paulo,Southeast,55350.55,281,272,203.49
87d73636a3acf123e842bb890a4db036,15190,nhandeara,SP,Sao Paulo,Southeast,269.9,1,1,269.9
3d3ccf2b2f8134b10dce9dd446f0e075,14940,ibitinga,SP,Sao Paulo,Southeast,608.6,3,3,202.87
e24d3429d294b2eb200b064ebb035879,3514,sao paulo,SP,Sao Paulo,Southeast,1878.58,22,19,98.87
44073f8b7e41514de3b7815dd0237f4f,71070,brasilia,DF,Distrito Federal,Central-West,18729.64,153,144,130.07
05ca864204d09595ae591b93ea9cf93d,6465,barueri,SP,Sao Paulo,Southeast,179.9,1,1,179.9
9d39404483343dd55c7ae254494d8388,1044,sao paulo,SP,Sao Paulo,Southeast,293.2,10,10,29.32
f9eda05b67bef472deaddbba84aca289,88870,orleans,SC,Santa Catarina,South,185.0,1,1,185.0
75745ef7bc7d4f3ea3380f6f5303f514,70384,brasilia,DF,Distrito Federal,Central-West,228.4,3,3,76.13
0692610d8abe24f287e9fae90ea0bbee,2310,sao paulo,SP,Sao Paulo,Southeast,173.99,4,4,43.5
7b07b3c7487f0ea825fc6df75abd658b,2016,sao paulo,SP,Sao Paulo,Southeast,9731.85,98,93,104.64
99002261c568a84cce14d43fcffb43ea,78095,cuiaba,MT,Mato Grosso,Central-West,4088.0,36,36,113.56
e5899683388855d3dabe8913bbe365de,13575,sao carlos,SP,Sao Paulo,Southeast,452.88,3,3,150.96
784ba75dd9d20200c4caed3d7a77141a,1040,sao paulo,SP,Sao Paulo,Southeast,8295.13,24,21,395.01
099095b050cfe8eb1ddff5317587e96e,3322,sao paulo,SP,Sao Paulo,Southeast,5193.83,20,17,305.52
0ad80de75c811326389cfb1daba7d45e,20261,rio de janeiro,RJ,Rio de Janeiro,Southeast,1449.3999999999999,6,6,241.57
b9a03475e6447e631b6799ec8274800f,85830,formosa do oeste,PR,Parana,South,1349.1,11,10,134.91
ba6b4a237f92479743cf0ca06b67a9ac,23550,rio de janeiro,RJ,Rio de Janeiro,Southeast,801.89,8,8,100.24
ea00f977a203ff88adf7057cb7806998,11085,santos,SP,Sao Paulo,Southeast,389.71999999999997,19,19,20.51
82e0a475a88cc9595229d8029273f045,3417,sao paulo,SP,Sao Paulo,Southeast,10930.02,80,42,260.24
ad75519a07f039025e83795a4418470f,76500,santa terezinha de goias,GO,Goias,Central-West,302.1,9,3,100.7
34aefe746cd81b7f3b23253ea28bef39,81210,curitiba,PR,Parana,South,8.0,1,1,8.0
ed4acab38528488b65a9a9c603ff024a,8260,sao paulo,SP,Sao Paulo,Southeast,12759.45,40,32,398.73
f0837c8d71434931d9e38e7b79234797,95995,arvorezinha,RS,Rio Grande do Sul,South,3446.9,23,22,156.68
fce62094ffe6a4009188ec44e681dfdd,4674,sao paulo,SP,Sao Paulo,Southeast,2969.7,11,4,742.42
ebef8d8c92b4fd3226e5d407bbff21ac,14020,ribeirao preto,SP,Sao Paulo,Southeast,253.70000000000002,3,3,84.57
d73cbd89533ce8b041a9190241453ac8,36525,guiricema,MG,Minas Gerais,Southeast,368.6,4,4,92.15
75a4764c108403a7a0575140cb22287c,95072,caxias do sul,RS,Rio Grande do Sul,South,716.9,9,5,143.38
70c0fda4c313d87115644d39e62eec60,55004,caruaru,PE,Pernambuco,Northeast,25.99,1,1,25.99
ffcfefa19b08742c5d315f2791395ee5,80045,curitiba,PR,Parana,South,69.9,1,1,69.9
26e13b6ff5b641b329e5524241ee2c93,14401,franca,SP,Sao Paulo,Southeast,119.69999999999999,4,4,29.92
0ade5cc4a305ed7093a23f68ca47519c,81030,curitiba,PR,Parana,South,158.88,2,2,79.44
fc59392d66ef99377e50356ee4f3b4e1,40243,salvador,BA,Bahia,Northeast,519.99,5,5,104.0
b18dc380845b24038cfc48006478f099,9951,diadema,SP,Sao Paulo,Southeast,8353.3,54,44,189.85
f22a247b79dd22ecd91dc8e3b2a1b07c,8573,itaquaquecetuba,SP,Sao Paulo,Southeast,439.94,8,8,54.99
889009a0ed0bb52c87819941192931b8,18682,lencois paulista,SP,Sao Paulo,Southeast,89.9,1,1,89.9
ffc470761de7d0232558ba5e786e57b7,7091,guarulhos,SP,Sao Paulo,Southeast,1649.01,31,28,58.89
4c498c7345e89aebad651544829beca0,6341,carapicuiba,SP,Sao Paulo,Southeast,4819.76,48,48,100.41
01bcc9d254a0143f0ce9791b960b2a47,76400,uruacu,GO,Goias,Central-West,1521.21,11,11,138.29
f021c962aaba8ef6eb527a9c2c8394d1,88301,itajai,SC,Santa Catarina,South,4398.5,5,5,879.7
024b564ae893ce8e9bfa02c10a401ece,3280,sao paulo,SP,Sao Paulo,Southeast,706.4000000000001,8,2,353.2
a513150f33f99a06569e9cd5c4bb889b,1545,sao paulo,SP,Sao Paulo,Southeast,677.0,2,2,338.5
c1dde11f12d05c478f5de2d7319ad3b2,1026,sao paulo,SP,Sao Paulo,Southeast,12.5,1,1,12.5
02f5837340d7eb4f653d676c7256523a,80620,curitiba,PR,Parana,South,3883.05,30,30,129.44
7b98de631987e26dd6d803490c43a13c,87900,loanda,PR,Parana,South,634.2,8,8,79.28
f12ff17ad8bbf01ec5c33b17e506649b,3186,sao paulo,SP,Sao Paulo,Southeast,6241.0,29,29,215.21
a64e44665225d19dfc0277eeeaaccc57,19400,sao paulo,SP,Sao Paulo,Southeast,335.0,6,6,55.83
6a8a889bde935bafa76d7848782dfaf9,2839,sao paulo,SP,Sao Paulo,Southeast,860.8199999999999,30,26,33.11
42b6488f5b8246d9141712abd4b1b693,87014,maringa,PR,Parana,South,247.99,2,2,124.0
d6cd01c59123df02fc226eadbadb5f89,1207,sao paulo,SP,Sao Paulo,Southeast,244.9,3,2,122.45
c8e135e7b21ecbc36c1153a29d2f5a06,1411,sao paulo,SP,Sao Paulo,Southeast,1165.5,7,7,166.5
229c3efbfb0ea2058de4ccdfbc3d784a,30190,belo horizonte,MG,Minas Gerais,Southeast,15744.0,148,121,130.12
f9a02f1922d1de564392e656d82b3fda,8502,ferraz de vasconcelos,SP,Sao Paulo,Southeast,125.9,1,1,125.9
9523fb39dd240aa958e040f8183d64f3,1541,sao paulo,SP,Sao Paulo,Southeast,146.99,1,1,146.99
95ec4458365c4d11f452ccf538377619,13481,limeira,SP,Sao Paulo,Southeast,1866.76,31,27,69.14
6ec1a01e866584bb679eb9b098345919,11040,santos,SP,Sao Paulo,Southeast,4248.91,32,31,137.06
f6122bc84774df1b372bdb3bb88ddb9f,6436,barueri,SP,Sao Paulo,Southeast,4799.87,3,3,1599.96
fa40cc5b934574b62717c68f3d678b6d,2310,sao paulo,SP,Sao Paulo,Southeast,16055.87,340,307,52.3
623ad9d0c1e14bb5464a8c72bff7b4af,35530,claudio,MG,Minas Gerais,Southeast,95.0,1,1,95.0
c0098efcf800861dcae589affca31408,14080,ribeirao preto,SP,Sao Paulo,Southeast,1189.28,9,9,132.14
a63bfbaa882c8f4542891b4e2246cc7f,24355,niteroi,RJ,Rio de Janeiro,Southeast,6772.0,7,7,967.43
48b6c3f4c6a93171da04b75313f2130f,17700,osvaldo cruz,SP,Sao Paulo,Southeast,290.26,2,2,145.13
270d3ef21830ad0ecf3a6c53d08a533a,6380,carapicuiba,SP,Sao Paulo,Southeast,509.0,18,6,84.83
89c127985a8b130cfa45c1d36764017a,6016,osasco,SP,Sao Paulo,Southeast,1419.5700000000002,7,7,202.8
8b2492b7ff4468839593fafeed55bad9,24451,sao goncalo,RJ,Rio de Janeiro,Southeast,3660.08,45,29,126.21
1e9d5a33694bddb76316fd1f54734d20,78820,jaciara,MT,Mato Grosso,Central-West,318.0,2,2,159.0
5e49e3a44bdeb5aab2684258bbd4f525,88330,balenario camboriu,SC,Santa Catarina,South,507.0,3,3,169.0
8e34331b7eedd03be4e5d965c1956225,4009,sao paulo,SP,Sao Paulo,Southeast,145.0,5,5,29.0
aaed1309374718fdd995ee4c58c9dfcd,89120,timbo,SC,Santa Catarina,South,9376.95,112,105,89.3
11d4c477d09821164bca4f70a2eae031,14075,ribeirao preto,SP,Sao Paulo,Southeast,83.04,4,3,27.68
ff314fa6033cc68ec451c47aee2d6ba4,5424,sao paulo,SP,Sao Paulo,Southeast,537.9,2,2,268.95
d1c7fa84e48cfa21a0e595167c1c500e,99730,jacutinga,RS,Rio Grande do Sul,South,1156.03,12,12,96.34
c7246702dc991a06d788120dc7544391,60440,fortaleza,CE,Ceara,Northeast,54.86,1,1,54.86
e819bcfade7b5d88a27325eb6cfd62c5,7242,guarulhos,SP,Sao Paulo,Southeast,202.89999999999998,11,5,40.58
6d2f2e3b539480db1e0842b3a4e32e6e,7051,guarulhos,SP,Sao Paulo,Southeast,305.96,6,3,101.99
e88165a185134e13fdfc85d4fa654db8,8517,ferraz de  vasconcelos,SP,Sao Paulo,Southeast,108.0,2,2,54.0
9e6229250fedbe05838fef417b74e7fb,16800,mirandopolis,SP,Sao Paulo,Southeast,13132.2,78,74,177.46
5abb8ea023c77787f2c15da891c8d384,89228,joinville,SC,Santa Catarina,South,2241.0,13,13,172.38
1d953075c2f0dd990bacf27b83b330f1,30421,belo horizonte,MG,Minas Gerais,Southeast,59.0,1,1,59.0
817245bcc3badd82bbd222e0366951a6,17056,bauru,SP,Sao Paulo,Southeast,5580.5,45,29,192.43
caa9bc43a9fe8cf9c564ddd8a03cc4a6,12308,jacarei,SP,Sao Paulo,Southeast,803.87,14,13,61.84
615005a3ef192c00c6f0e977cee3d2bc,13304,itu,SP,Sao Paulo,Southeast,286.5,11,10,28.65
1284de4ae8aa26997e748c851557cf0e,85301,laranjeiras do sul,SP,Sao Paulo,Southeast,1459.97,3,3,486.66
5fd924b4836098a5be0ecf81ba054ce0,3554,sao paulo,SP,Sao Paulo,Southeast,1148.8,8,7,164.11
7178f9f4dd81dcef02f62acdf8151e01,89560,videira,SC,Santa Catarina,South,37070.4,216,203,182.61
8132b9bd16876e1b0f8808d43825dd48,88058,florianopolis,SC,Santa Catarina,South,727.9,3,2,363.95
3f995f07c49d0d55a99d5c54957f7d81,6853,itapecerica da serra,SP,Sao Paulo,Southeast,3955.7,43,43,91.99
a6bd7d1ccdac48c6b33b28596b7eb122,58280,mamanguape,PB,Paraiba,Northeast,14368.61,16,16,898.04
6650fcccd8cd2f7e55ffa524f30c4c59,8490,sao paulo,SP,Sao Paulo,Southeast,529.7,3,3,176.57
3db66a856d18a9cba7c9241fc5221c50,35430,ponte nova,MG,Minas Gerais,Southeast,9478.300000000001,97,94,100.83
8b181ee5518df84f18f4e1a43fe07923,87360,goioere,SP,Sao Paulo,Southeast,27.9,1,1,27.9
10ff823eda2b032e2c93d17a7d294736,17280,pederneiras,SP,Sao Paulo,Southeast,1294.97,9,9,143.89
b4a476fbd28de64b1e347abf9089366a,6653,itapevi,SP,Sao Paulo,Southeast,5724.04,38,33,173.46
39c763cca83e654764b7a4a650fb9b7c,74563,goiania,GO,Goias,Central-West,761.0,11,11,69.18
dadc51ef321949ec9a3ab25cd902e23d,4821,sao paulo,SP,Sao Paulo,Southeast,85.0,1,1,85.0
83b08de96980757220871b31bf6cffca,21820,rio de janeiro,RJ,Rio de Janeiro,Southeast,1304.17,7,5,260.83
14a08204d03bb6b6bde8029f801ae0eb,1026,sao paulo,SP,Sao Paulo,Southeast,2185.4,38,28,78.05
bee36b4f9a2b9fdcaff6ec05df202ed0,3308,sao paulo,SP,Sao Paulo,Southeast,33.8,2,2,16.9
28872dc528e978a639754bc8c2ce5a4c,95070,caxias do sul,RS,Rio Grande do Sul,South,1009.9,1,1,1009.9
c85d7b477a709c85a1e8b8f25aa1b270,9640,sao bernardo do campo,SP,Sao Paulo,Southeast,75.0,2,1,75.0
739c7d7be81f63812dea0d1b1451c651,58400,campina grande,PB,Paraiba,Northeast,77.5,2,2,38.75
657969cca82e884d272385ec0ef06edd,93608,estancia velha,RS,Rio Grande do Sul,South,139.70000000000002,3,3,46.57
455befea1bb853c75ccbca94cff26e5c,27525,resende,RJ,Rio de Janeiro,Southeast,19.99,1,1,19.99
800214c63934acd05d47e84214db8ba8,89251,jaragua do sul,SC,Santa Catarina,South,259.6,4,4,64.9
5cf1ec37aea089f45110c70653a166ab,2215,sao paulo,SP,Sao Paulo,Southeast,50.0,3,3,16.67
0a82f5fb06a4fe4ac2cf7cb412ec71b8,5524,sao paulo,SP,Sao Paulo,Southeast,462.0,2,2,231.0
e45edf75f568ed2f93f78d060e246e25,22790,rio de janeiro,RJ,Rio de Janeiro,Southeast,164.29999999999998,7,6,27.38
3d621842b2ed28e2b474132480edac3c,8041,sao paulo,SP,Sao Paulo,Southeast,928.9100000000001,10,10,92.89
baf15155e37ef5492731459bdc05be8a,5715,sao paulo,SP,Sao Paulo,Southeast,47.0,1,1,47.0
c0aff2da32c17759d30b22fb0af6649d,88032,florianopolis,SC,Santa Catarina,South,188.8,5,4,47.2
a17f621c590ea0fab3d5d883e1630ec6,18055,sorocaba,SP,Sao Paulo,Southeast,2778.58,80,65,42.75
4deebb3199eeafb282ae33229144f94b,2112,sao paulo,SP,Sao Paulo,Southeast,779.7,5,4,194.92
9d69ba0a7a626a64dc5db08e529559cf,14075,ribeirao preto,SP,Sao Paulo,Southeast,19.3,1,1,19.3
f92d8c817434bd2d84d4e9c61322b7fa,18048,sorocaba,SP,Sao Paulo,Southeast,174.84,5,5,34.97
8ca5b19e0263150d2c57afdde2b3d011,9336,maua,SP,Sao Paulo,Southeast,180.60000000000002,4,3,60.2
eec3469d83e142f9a104886655338c37,17030,bauru,SP,Sao Paulo,Southeast,185.7,4,4,46.42
55bb6fe5bebe5012e2d7d9928e1128ff,17052,bauru,SP,Sao Paulo,Southeast,1816.55,16,15,121.1
d180e07dc1e58c31c3f0cd599dc4d945,30620,belo horizonte,MG,Minas Gerais,Southeast,58.8,1,1,58.8
d6b1ce66b035a475f00c017792ff9769,13327,salto,SP,Sao Paulo,Southeast,12277.4,108,92,133.45
3aa3c89ae3cd482385568be76120f63c,74343,goiania,GO,Goias,Central-West,29.9,1,1,29.9
fe4cd9461203cee790d36792420b310f,35300,caratinga,MG,Minas Gerais,Southeast,391.15,3,3,130.38
c3aad7dc65449ae90a5e9c3c6c1e78e0,15350,auriflama/sp,SP,Sao Paulo,Southeast,510.0,6,6,85.0
f5fea3ffed6c2e889bab72705557c63a,21240,rio de janeiro,RJ,Rio de Janeiro,Southeast,1059.9,3,3,353.3
ececbfcff9804a2d6b40f589df8eef2b,14407,franca,SP,Sao Paulo,Southeast,6792.4,104,98,69.31
a254c682cc01e119f83530446f1df9a9,16500,cafelandia,SP,Sao Paulo,Southeast,569.4,7,6,94.9
830379336fad8c6f3b15a4a3ddb5c66e,2518,sao paulo,SP,Sao Paulo,Southeast,268.0,4,2,134.0
7d13fca15225358621be4086e1eb0964,14050,ribeirao preto,SP,Sao Paulo,Southeast,113628.97,578,565,201.11
1b4c3a6f53068f0b6944d2d005c9fc89,88730,sao ludgero,SC,Santa Catarina,South,14760.300000000001,117,113,130.62
b92e3c8f9738272ff7c59e111e108d7c,36502,uba,MG,Minas Gerais,Southeast,8231.09,70,62,132.76
b8555308bfdb4ca1ed54325a58da9a97,9751,sao bernardo do campo,SP,Sao Paulo,Southeast,3047.2000000000003,28,26,117.2
71593c7413973a1e160057b80d4958f6,3407,sao paulo / sao paulo,SP,Sao Paulo,Southeast,299.5,5,2,149.75
1dc2de47ee26a0a5b12dc14fd6dc0dea,14940,ibitinga,SP,Sao Paulo,Southeast,1670.3,27,25,66.81
6c6e3d67f969468f3bfd33f827a31222,87035,maringa,PR,Parana,South,224.0,6,5,44.8
66d5ae34537110d3affc56174dad2b2f,15062,sao jose do rio preto,SP,Sao Paulo,Southeast,33.81,3,1,33.81
781a66c0d89e30814d49fe8b5e14cd07,13064,campinas,SP,Sao Paulo,Southeast,115.0,1,1,115.0
a4bd6e9adf39b63f43dc545d3ca1f53d,21020,rio de janeiro,RJ,Rio de Janeiro,Southeast,1848.59,5,4,462.15
f88adb15807168d3c43d71021090ce4a,13660,porto ferreira,SP,Sao Paulo,Southeast,488.8,3,3,162.93
fa8d335d68129e464e60c1826a683e96,95660,tres coroas,RS,Rio Grande do Sul,South,139.9,1,1,139.9
f12d3c2a14729ae461b920c11fe20fdc,9080,santo andre,SP,Sao Paulo,Southeast,364.45,11,9,40.49
4917cee8d902e13428c3ec4b1ca6f315,89031,blumenau,SC,Santa Catarina,South,5421.9,33,33,164.3
741f8c587cb4248ebc5b779a0e8e0e51,9110,santo andre,SP,Sao Paulo,Southeast,89.95,5,5,17.99
4bcec44888b30ba9001234c534716d3f,9230,santo andre,SP,Sao Paulo,Southeast,146.0,5,5,29.2
a663d9c3797e90eac99ff60939416a56,3951,sao paulo,SP,Sao Paulo,Southeast,235.0,1,1,235.0
dff87e4de60c9736ce8df835951b09bc,3172,sao paulo,SP,Sao Paulo,Southeast,998.0,2,2,499.0
ac1ed5fc15901fbc92920361eb4ab350,3334,sao paulo,SP,Sao Paulo,Southeast,110.25,1,1,110.25
f9903dd0f812c7e771fcad47b6fff231,89070,blumenau,SC,Santa Catarina,South,1684.8500000000001,15,10,168.48
ac9b01377919cdbd2a1bbb8d5837c70b,8773,mogi das cruzes,SP,Sao Paulo,Southeast,55.9,1,1,55.9
5011f0d93373a4c5753adf58ca77af8d,11013,santos,SP,Sao Paulo,Southeast,1009.4200000000001,22,12,84.12
a4e634166243bbb3a13fa584463fa468,6286,osasco,SP,Sao Paulo,Southeast,155.55,2,2,77.78
50bf89f1349bc0409a268c3a49678009,15155,jaci,SP,Sao Paulo,Southeast,179.9,1,1,179.9
50c9975695009e5e6473912e83a6d1da,35530,claudio,MG,Minas Gerais,Southeast,3964.4,68,50,79.29
42d4b7e70819438f5ada61c965e92d7e,74045,goiania,GO,Goias,Central-West,49.6,3,1,49.6
7aa4334be125fcdd2ba64b3180029f14,18500,laranjal paulista,SP,Sao Paulo,Southeast,16234.81,240,217,74.81
b14db04aa7881970e83ffa9426897925,18048,sorocaba,SP,Sao Paulo,Southeast,5898.6,111,83,71.07
fac1a9017ade7bdc94058fc1c969f355,1126,sao paulo,SP,Sao Paulo,Southeast,2010.84,10,9,223.43
31ae0774c17fabd06ff707cc5bde005f,13478,americana,SP,Sao Paulo,Southeast,6719.85,11,11,610.9
f0ec6a2adb05c62655a26dd347b8dede,1303,sao paulo,SP,Sao Paulo,Southeast,72.0,2,1,72.0
cc1f04647be106ba74e62b21f358af25,2739,sao paulo,SP,Sao Paulo,Southeast,11.9,1,1,11.9
1099a00e0ee3a50935e6c2447ca090c5,20921,rio de janeiro,RJ,Rio de Janeiro,Southeast,849.6999999999999,3,3,283.23
3d700782d7818f2c1e0d7a9e9d75fc00,86170,sertanopolis,SP,Sao Paulo,Southeast,149.7,3,3,49.9
a3e9a2c700480d9bb01fba070ba80a0e,14940,ibitinga,SP,Sao Paulo,Southeast,13440.8,144,130,103.39
c3f5668699a1b04c0fa61ecea1e2bff6,86808,apucarana,PR,Parana,South,407.81,3,3,135.94
80f2cf9abf6b5a0e5c612b5eea6646e6,15046,sao jose do rio preto,SP,Sao Paulo,Southeast,766.08,7,7,109.44
516e7738bd8f735ac19a010ee5450d8d,22230,rio de janeiro,RJ,Rio de Janeiro,Southeast,6643.09,84,76,87.41
4fe2f67634d00c021aa01f96b6f2d68e,87035,maringa,PR,Parana,South,86.8,2,2,43.4
9f505651f4a6abe901a56cdc21508025,4102,sao paulo,SP,Sao Paulo,Southeast,26361.82,430,397,66.4
17adeba047385fb0c67d8e90b4296d21,7052,guarulhos,SP,Sao Paulo,Southeast,809.6999999999999,3,1,809.7
7142540dd4c91e2237acb7e911c4eba2,16301,penapolis,SP,Sao Paulo,Southeast,37373.56,331,319,117.16
c04d70d515d15a7e3db3a73320598566,24020,niteroi,RJ,Rio de Janeiro,Southeast,158.2,4,3,52.73
a3a38f4affed601eb87a97788c949667,89204,joinville,SC,Santa Catarina,South,26533.32,263,254,104.46
744dac408745240a2c2528fb1b6028f3,83408,colombo,PR,Parana,South,22490.6,84,79,284.69
9b013e03b2ab786505a1d3b5c0756754,11450,vicente de carvalho,SP,Sao Paulo,Southeast,9027.4,225,174,51.88
8b9d6eec4a7eb7d0f9d579ce0b38324d,26562,mesquita,RJ,Rio de Janeiro,Southeast,4232.54,53,49,86.38
38e679b9e0064cd94c6f035707344dae,86010,londrina,PR,Parana,South,3694.5099999999998,30,28,131.95
5444b12c82f21c923f2639ebc722c1ea,2051,sao pauo,SP,Sao Paulo,Southeast,169.9,1,1,169.9
83deb69e889cf80f82be1dc6d5f2d486,88056,florianopolis,SC,Santa Catarina,South,5363.01,42,40,134.08
54aa8463e87776b5612f4bdc4bd5d4de,30550,belo horizonte,MG,Minas Gerais,Southeast,649.3,7,7,92.76
2e7ea2aafec5835e781b21d6d1faf1f1,2820,sao paulo,SP,Sao Paulo,Southeast,528.4,7,7,75.49
79ebd9a61bac3eaf882805ed4ecfa12a,85802,cascavel,PR,Parana,South,15092.79,143,136,110.98
1cbd50a8c52e6cf8e315c5709fab386f,83830,fazenda rio grande,PR,Parana,South,785.97,9,9,87.33
e503f22be6a4f456d9851920a5d9c670,4508,sao paulo,SP,Sao Paulo,Southeast,198.9,2,2,99.45
88af55b4a7ca402b27df16f7c7c9b5d2,6775,taboao da serra,SP,Sao Paulo,Southeast,130.0,1,1,130.0
5f3ae9136c875522250f8184f253413a,1550,sao paulo,SP,Sao Paulo,Southeast,1158.0,46,43,26.93
b026643914f651e8371425e5b8a1e780,22783,rio de janeiro,RJ,Rio de Janeiro,Southeast,27.9,1,1,27.9
26af45f5dfd967225a832838aa4e24a3,81070,curitiba,PR,Parana,South,573.1,11,10,57.31
9dd459b29a14bf89d47183cf2cd0e4c7,4716,sao paulo,SP,Sao Paulo,Southeast,180.0,2,2,90.0
8e6d7754bc7e0f22c96d255ebda59eba,12233,sao jose dos campos,SP,Sao Paulo,Southeast,14497.27,130,85,170.56
e250d617a0ad591ba9bd663e584a895d,7084,guarulhos,SP,Sao Paulo,Southeast,904.12,20,8,113.02
92c8bc6e8f925792247656fed09aad65,3384,sao paulo,SP,Sao Paulo,Southeast,259.7,3,3,86.57
e53d5b9b29d1218281f4a907ada18626,85903,toledo,PR,Parana,South,350.67,5,4,87.67
3ca08eeb8d5595949fed424bd3677742,82510,curitiba,PR,Parana,South,1768.8700000000001,14,14,126.35
cbd996ad3c1b7dc71fd0e5f5df9087e2,15081,sao jose do rio preto,SP,Sao Paulo,Southeast,8411.04,196,165,50.98
8daab2245ebdc277c51098d01c5ad8ef,8411,sao paulo,SP,Sao Paulo,Southeast,1604.59,16,16,100.29
15b3b1b81484422eb41df68ac87f1f50,17047,bauru,SP,Sao Paulo,Southeast,78.35,2,2,39.17
e067ad2c1c0b48758eb1b5228bcf7a68,11045,santos,SP,Sao Paulo,Southeast,5042.55,61,54,93.38
f626e15b7314c267e4429010866f70e9,85960,marechal candido rondon,SP,Sao Paulo,Southeast,193.54999999999998,7,5,38.71
f1fd5ab1181f827ffad998c1a5de7d74,80010,curitiba,PR,Parana,South,7045.99,15,15,469.73
a7c88262832dfc683781d6a421edefae,8710,mogi das cruzes,SP,Sao Paulo,Southeast,1520.0,5,5,304.0
6b1c4d4d9ccf0be3d8544eb0e71e5318,91130,porto alegre,RS,Rio Grande do Sul,South,1699.0,1,1,1699.0
4e85b538b0dad58852641540686d0e14,12238,sao jose dos campos,SP,Sao Paulo,Southeast,361.97999999999996,4,4,90.49
093805f8f2aeb63881444571e1f48f30,6236,osasco,SP,Sao Paulo,Southeast,1215.79,27,22,55.26
5acd070dd3fe441bbb2ec1f1ede515ee,13203,jundiai,SP,Sao Paulo,Southeast,764.17,8,7,109.17
3c010235b7345c92f125d14ee232a76b,83800,mandirituba,PR,Parana,South,3578.0,15,15,238.53
cb9fb4ca75d7ba8437480e8dde64fe98,3551,sao paulo,SP,Sao Paulo,Southeast,532.14,10,10,53.21
ce33c6211beaa8fef4cae8b52db39862,8655,suzano,SP,Sao Paulo,Southeast,49.0,1,1,49.0
081acf3de680d554796c9cf041be7bc2,33200,vespasiano,MG,Minas Gerais,Southeast,1597.3,8,4,399.32
6989574bd97d9773f10d232b6c07da59,80040,curitiba,PR,Parana,South,2478.3999999999996,7,7,354.06
535bf14f36346c7f59d87cece104d70c,20735,rio de janeiro,RJ,Rio de Janeiro,Southeast,50.0,1,1,50.0
8501d82f68d23148b6d78bb7c4a42037,89031,blumenau,SC,Santa Catarina,South,19.7,1,1,19.7
7f02656561b680def9986c0795a8a080,1417,sao paulo,SP,Sao Paulo,Southeast,84.0,2,2,42.0
57a834594e1e9e9219603bfec184eadc,98780,santa rosa,RS,Rio Grande do Sul,South,139.0,1,1,139.0
8fd3b4468f6425810648177996c14cbd,15015,sao jose do rio preto,SP,Sao Paulo,Southeast,354.9,1,1,354.9
6d803cb79cc31c41c4c789a75933b3c7,14600,sao joaquim da barra,SP,Sao Paulo,Southeast,8711.4,66,58,150.2
5f2684dab12e59f83bef73ae57724e45,5125,sao paulo,SP,Sao Paulo,Southeast,9000.87,74,68,132.37
713e3a23ca5e47786eb6f0d99f94cfac,81050,curitiba,PR,Parana,South,1126.0,4,4,281.5
f97e2b0650c2068227e1d366140eb62f,13830,santo antonio de posse,SP,Sao Paulo,Southeast,3654.0,21,16,228.38
8b321bb669392f5163d04c59e235e066,1212,sao paulo,SP,Sao Paulo,Southeast,17535.69,1018,943,18.6
32f83ffe11cd40f7adcf4eef171f52d9,97502,uruguaiana,RS,Rio Grande do Sul,South,29.99,1,1,29.99
76d64c4aca3a7baf218bf93ef7fa768d,80215,curitiba,PR,Parana,South,16911.8,69,64,264.25
d06d019f72a04e5497a0b64190af170c,6703,cotia,SP,Sao Paulo,Southeast,2415.93,17,17,142.11
ec80e49e69745ab6c14f984bf2149423,13480,limeira,SP,Sao Paulo,Southeast,3709.0,12,12,309.08
f8f35af4634605e6693c17cc3ffff5a8,37400,campanha,MG,Minas Gerais,Southeast,90.0,1,1,90.0
004c9cd9d87a3c30c522c48c4fc07416,14940,ibitinga,SP,Sao Paulo,Southeast,19712.71,170,158,124.76
3bdff180c7e1f6551a643b99c265a120,4811,sao paulo,SP,Sao Paulo,Southeast,3114.9,61,59,52.79
6b89abe95848c850399130d149a39b63,75640,piracanjuba,GO,Goias,Central-West,1135.2,8,8,141.9
aced59e9b31ef866a94f9e7f29d8d418,3306,sao paulo,SP,Sao Paulo,Southeast,7268.5,67,61,119.16
b4f8921fcc4ff77b66bea6dda43dcd51,95034,caxias do sul,RS,Rio Grande do Sul,South,11395.05,20,18,633.06
d2572f31e9023e9850ef986a636ff9bf,30640,belo horizonte,MG,Minas Gerais,Southeast,279.0,1,1,279.0
c731d18cea9bf687ffee82a241c25b11,89701,concordia,SC,Santa Catarina,South,3662.0,26,24,152.58
3dc69bf2c42f0568a5c4791ec3fd3745,2880,sao paulo,SP,Sao Paulo,Southeast,300.0,2,2,150.0
d8d9567d0bfb0bc7eb845a205ba42657,3688,sao paulo,SP,Sao Paulo,Southeast,74.6,4,4,18.65
0daf5180aa44356f60f8effa533b55a2,74043,goiania,GO,Goias,Central-West,144.8,2,2,72.4
5194c22ed1f616ec0c0f33c571542879,37540,santa rita do sapucai,MG,Minas Gerais,Southeast,245.6,4,4,61.4
fe8055980a4ff7f64ed889c2b5926929,81925,curitiba,PR,Parana,South,196.70000000000002,3,3,65.57
c42fd8e4d47dfb18ce5222f2dd7752f9,6246,osasco,SP,Sao Paulo,Southeast,466.99,11,7,66.71
671585f5a2af58b6e276bc01003c0d2b,80510,curitiba,PR,Parana,South,1244.0,27,27,46.07
2dd1fb6f0e42a2243b8a01e40cd41216,80240,curitiba,PR,Parana,South,845.89,5,4,211.47
a7c53f6b3b61adbdaa99dda97e8cbd56,14780,barretos,SP,Sao Paulo,Southeast,99.0,1,1,99.0
a11a0e0ca67423425691db355cff69b0,13330,indaiatuba,SP,Sao Paulo,Southeast,448.9,2,2,224.45
5bffbafbb22daf6d3bfc216a46db8708,26525,nilopolis,RJ,Rio de Janeiro,Southeast,5239.7,23,21,249.51
fc0b214b59a83615fea981c6424a02ae,9380,maua,SP,Sao Paulo,Southeast,159.9,1,1,159.9
011b0eaba87386a2ae96a7d32bb531d1,17580,pompeia,SP,Sao Paulo,Southeast,99.98,2,1,99.98
43753b27d77860f1654aa72e251a7878,44895,barro alto,BA,Bahia,Northeast,23.9,1,1,23.9
822b63912576852aea9a8436d72317b7,13840,mogi guacu,SP,Sao Paulo,Southeast,4905.6900000000005,9,8,613.21
a3fa18b3f688ec0fca3eb8bfcbd2d5b3,4557,são paulo,SP,Sao Paulo,Southeast,47.8,2,1,47.8
5587130f9850696ed7fafbc91c2cee44,4311,sao paulo,SP,Sao Paulo,Southeast,69.8,2,2,34.9
9c1c0c36cd23c20897e473901a8fb149,11702,praia grande,SP,Sao Paulo,Southeast,544.97,7,6,90.83
34a557286ead8fe75c989e0afcf7d98c,14406,franca,SP,Sao Paulo,Southeast,414.9,4,4,103.72
c716e0b86ed568878475b60fbb6323ad,22783,rio de janeiro,SP,Sao Paulo,Southeast,35.0,1,1,35.0
455c5640e8c5bd1b2ee85c0158f85727,89128,luiz alves,SC,Santa Catarina,South,6729.5,8,8,841.19
87d30a6a0cbf89356e49324971ab1d24,2036,sao paulo,SP,Sao Paulo,Southeast,2134.13,17,17,125.54
217f005bb37ff3aeef5b2ae1788e75ba,6038,osasco,SP,Sao Paulo,Southeast,74.97,3,3,24.99
cac4e0bc1a3269fa2b6ea5e763f6115b,88351,brusque,SC,Santa Catarina,South,57.88,3,2,28.94
8ec76bb0965af3f007692b26fa9d6623,88804,criciuma,SC,Santa Catarina,South,1999.0,1,1,1999.0
aba1721a889e04decc910aa13b768ef4,5729,sao paulo,SP,Sao Paulo,Southeast,14103.3,92,83,169.92
7238f877570096ae403c51898fa64566,6519,santana de parnaiba,SP,Sao Paulo,Southeast,1200.0,3,3,400.0
044668ccd5316b12a7cf0d54a156e3e9,6016,osasco,SP,Sao Paulo,Southeast,137.8,4,3,45.93
643c01d7c56a724bec0454f4780e8a3e,89222,joinville,SC,Santa Catarina,South,205.55,2,2,102.78
cab85505710c7cb9b720bceb52b01cee,2252,sao paulo,SP,Sao Paulo,Southeast,11389.1,209,206,55.29
312ba1d77e9c332ef21f9598b7f64cd7,7179,guarulhos,SP,Sao Paulo,Southeast,756.0,10,9,84.0
8c3b533c63cca56240f94f1e3a6b18ef,31050,belo horizonte,MG,Minas Gerais,Southeast,3312.16,8,5,662.43
1fdc574883ef3b33ad41562d93f3a74a,13480,limeira,SP,Sao Paulo,Southeast,4251.0,18,18,236.17
9a03a4e9eb0b947652fae4f6121a3f5e,15805,catanduva,SP,Sao Paulo,Southeast,1497.0,7,7,213.86
33cbda8716511e27e556dff9d8418bf2,89052,blumenau,SC,Santa Catarina,South,507.40000000000003,6,5,101.48
6cd68b3ed6d59aaa9fece558ad360c0a,31255,belo horizonte,MG,Minas Gerais,Southeast,11188.57,157,149,75.09
3df020b72d3d44b3af9d110fa3940b65,15704,jales,SP,Sao Paulo,Southeast,5039.9,101,55,91.63
537eb890efff034a88679788b647c564,20270,rio de janeiro,RJ,Rio de Janeiro,Southeast,4679.7,173,160,29.25
89de2d6f23e9746ff309705b23581faa,86060,londrina,PR,Parana,South,340.0,8,8,42.5
c611f4ce9ce875bcc063fa97fd4d7d12,12944,atibaia,SP,Sao Paulo,Southeast,319.0,1,1,319.0
4be2e7f96b4fd749d52dff41f80e39dd,69900,rio branco,AC,Acre,North,267.0,1,1,267.0
3bfba5a77604f6dfae7e6dd7aaf65821,86046,londrina,PR,Parana,South,2095.5,4,4,523.88
48fb026ed7455a42f5d3e9390ed5088e,27321,barra mansa,RJ,Rio de Janeiro,Southeast,555.71,11,11,50.52
0d33a55da925bbf1ff02af5f6059fc7f,5632,sao paulo,SP,Sao Paulo,Southeast,547.3,24,22,24.88
cea729054f157f5870bdd321a958d994,3161,sao paulo,SP,Sao Paulo,Southeast,2482.1,26,24,103.42
955fee9216a65b617aa5c0531780ce60,4782,sao paulo,SP,Sao Paulo,Southeast,135171.7,1499,1287,105.03
0f0c984a4a955310903b6b6008660bad,14403,franca,SP,Sao Paulo,Southeast,369.81,4,4,92.45
f805b96fa705ba7995a221f1749dc141,87013,maringa,PR,Parana,South,2744.44,7,7,392.06
751bdc4d83a466c7206cd42e8f426b03,9405,ribeirao pires,SP,Sao Paulo,Southeast,6648.93,71,54,123.13
2f4b0d3b9634b647d4edee577d7ebb7e,2310,sao paulo,SP,Sao Paulo,Southeast,337.9,11,10,33.79
ba5daa4041e1f15cdf34b76e3e18a450,4363,sao paulo,SP,Sao Paulo,Southeast,806.8000000000001,15,15,53.79
6e386f64c84e482f0b9abf960797ee1b,1539,sao paulo,SP,Sao Paulo,Southeast,12938.3,30,30,431.28
83c465a786b06574376909b35ef6752a,13560,sao carlos,SP,Sao Paulo,Southeast,281.4,3,3,93.8
d93b8458c6fe139d85cfa5eadbf55bd2,2238,sao paulo,SP,Sao Paulo,Southeast,19.9,1,1,19.9
71592660bbcb6a4664e97b6f8b68babc,15055,sao jose do rio preto,SP,Sao Paulo,Southeast,2027.18,7,6,337.86
6a53b90c3ad9e0b56d9fe5c69165fff5,82220,curitiba,PR,Parana,South,139.78,4,2,69.89
38f276ca6e7cc95a6d1bb55ac9e5550f,17520,marilia,SP,Sao Paulo,Southeast,24.99,1,1,24.99
eae9af4811c294c56795d70e715b7337,3060,sao paulo,SP,Sao Paulo,Southeast,15.9,1,1,15.9
039b29ff3b3473435d0cd59040575de9,9443,ribeirao pires,SP,Sao Paulo,Southeast,114.9,9,9,12.77
ac51cac5e20d69ff485a54746488ef48,14096,ribeirao preto,SP,Sao Paulo,Southeast,759.9,4,4,189.98
4221a7df464f1fe2955934e30ff3a5a1,48602,bahia,BA,Bahia,Northeast,849.5,5,5,169.9
48e954b2da4f6a750c844173b347ed40,91740,porto alegre,RS,Rio Grande do Sul,South,397.79999999999995,6,2,198.9
fc4751cfe3b279c419615b9b00c1abb4,86047,londrina,PR,Parana,South,453.7,1,1,453.7
e1a210d482714ce337763a19aef94ba4,85807,cascavel,PR,Parana,South,49.9,1,1,49.9
085f6f7e049c996695fb2074fe38d45e,12020,taubate,SP,Sao Paulo,Southeast,305.4,8,6,50.9
34675b28b826facfde119785bf287dc1,85802,cascavael,PR,Parana,South,21.99,1,1,21.99
7d7866a99a8656a42c7ff6352a433410,1320,sao paulo,SP,Sao Paulo,Southeast,147.89,5,5,29.58
5a93f3ab0ef4c84ed5e1b5dbf23978bc,12250,monteiro lobato,SP,Sao Paulo,Southeast,2338.25,44,39,59.96
64cc804291f90c81f02bfc2bb58ff55a,81250,curitiba,PR,Parana,South,517.6,2,2,258.8
5f57db27027655e6c6a391601daa0258,29138,viana,ES,Espirito Santo,Southeast,98.0,1,1,98.0
e1b12447a7563944843191754aeb5562,7145,guarulhos,SP,Sao Paulo,Southeast,472.46000000000004,10,9,52.5
2f3d8b4c9e2ee165075331fea3f3095a,88107,sao jose,SC,Santa Catarina,South,130.0,1,1,130.0
1fe5540d7c1c37a595fefbacd5570d9e,25850,paraiba do sul,RJ,Rio de Janeiro,Southeast,4537.6,25,20,226.88
d3f39f05462b79a4562d35893a28f159,13730,mococa,SP,Sao Paulo,Southeast,2411.3,38,34,70.92
528ce32f560edd11add4169f6a5b65be,18130,sao roque,SP,Sao Paulo,Southeast,59.8,2,2,29.9
b86a47b3366e3b5424a7b225781f4908,37900,passos,MG,Minas Gerais,Southeast,86.5,1,1,86.5
0176f73cc1195f367f7b32db1e5b3aa8,14940,ibitinga,SP,Sao Paulo,Southeast,4733.1,39,38,124.56
01cf7e3d21494c41fb86034f2e714fa1,85603,francisco beltrao,PR,Parana,South,9729.36,67,61,159.5
ceaec5548eefc6e23e6607c5435102e7,3821,sao paulo,SP,Sao Paulo,Southeast,52917.18,211,203,260.68
c8771b1a10bb99bb34d3c459c5cffb53,36512,tocantins,SP,Sao Paulo,Southeast,64.9,1,1,64.9
2d42ebcda99fd55f6f4bc2f1ca035d50,76400,uruacu,GO,Goias,Central-West,921.5,11,10,92.15
e9bc59e7b60fc3063eb2290deda4cced,87083,maringa,PR,Parana,South,34343.06,269,216,159.0
13d95f0f6f73943d4ceffad0fc2cd32c,74473,goiania,GO,Goias,Central-West,249.99,1,1,249.99
6f229cc508fc6915ed5c499efd93baa4,21931,rio de janeiro,RJ,Rio de Janeiro,Southeast,2654.8,14,13,204.22
83f2b4881141ce3fcd4e985125d3279e,14055,ribeirao preto,SP,Sao Paulo,Southeast,60.7,3,3,20.23
c8c1bea22194a4eefa2dc9a9fa89f536,88210,porto belo,SC,Santa Catarina,South,1266.0,13,7,180.86
b0b346d3a89f5eb4c2968af3f083cd43,13105,campinas,SP,Sao Paulo,Southeast,614.0,12,11,55.82
a0415d9b25ede3c4b1e477e9916ffc03,26255,nova iguacu,RJ,Rio de Janeiro,Southeast,4044.1,10,10,404.41
3dfd3dc96f7f8598eca74e9ac8a2fa31,3343,sao paulo,SP,Sao Paulo,Southeast,183.0,6,6,30.5
e5545d4d4473876ea78c5bcebca365c3,17512,marilia,SP,Sao Paulo,Southeast,44.5,1,1,44.5
fa1a9dec3a9940c072684a46728bf1fc,88820,icara,SC,Santa Catarina,South,6674.0,60,55,121.35
6ddc28b61be28373b4503a1f61cf98a9,3543,sao paulo,SP,Sao Paulo,Southeast,1732.9,11,11,157.54
c5ebe6598748b0aeaa61cfb820478b92,95910,lajeado,RS,Rio Grande do Sul,South,297.0,3,3,99.0
5670f4db5b62c43d542e1b2d56b0cf7c,3694,sao paulo,SP,Sao Paulo,Southeast,6630.09,22,22,301.37
e1c76f339ebd5460999f25a2aa8c92c5,3029,sao paulo,SP,Sao Paulo,Southeast,899.9,1,1,899.9
cb8bcce248bb1fb274ba762d8b971456,37540,santa rita do sapucai,MG,Minas Gerais,Southeast,9402.2,69,68,138.27
6524b847b982cd56bb5d4b02b776ee42,13042,campinas,SP,Sao Paulo,Southeast,779.8,2,1,779.8
610f72e407cdd7caaa2f8167b0163fd8,1201,sao paulo,SP,Sao Paulo,Southeast,13585.16,17,16,849.07
b6d44737c043328708f6749c2dbe50bd,9230,santo andre,SP,Sao Paulo,Southeast,5369.6,80,62,86.61
972d0f9cf61b499a4812cf0bfa3ad3c4,88359,brusque,SC,Santa Catarina,South,8089.29,88,83,97.46
8c91bfea4263b8fba54081460693e2a1,98920,horizontina,RS,Rio Grande do Sul,South,739.0,2,2,369.5
38af8acfd46ac4a7bf754e8ca6736664,4364,sao paulo,SP,Sao Paulo,Southeast,345.0,5,5,69.0
d90fe2229fee1a5da999ccd0c06c1667,3416,sao paulo,SP,Sao Paulo,Southeast,450.0,3,3,150.0
75fdd0a732287f9497b179f6bd445d32,9350,maua,SP,Sao Paulo,Southeast,59.9,1,1,59.9
5b2e94f2c22b39ccc24d34ad0f669672,1214,sao paulo,SP,Sao Paulo,Southeast,949.78,10,10,94.98
9ac75591b69c3402684b6ce0310f22ee,2880,sao paulo,SP,Sao Paulo,Southeast,60.5,1,1,60.5
e5bd51692380fd8cabb19b756b95e714,9220,santo andre,SP,Sao Paulo,Southeast,119.69999999999999,3,3,39.9
cfb1a033743668a192316f3c6d1d2671,18110,votorantim,SP,Sao Paulo,Southeast,12803.64,184,147,87.1
adcf50477d6a1f5d91bb9d54c4903cb5,35530,claudio,MG,Minas Gerais,Southeast,1425.14,38,19,75.01
8476243f92442881ddd5b578975cf115,93700,campo bom,RS,Rio Grande do Sul,South,7838.0,12,12,653.17
f2336e113377dd21c744d9c4fc8293a9,3659,sao paulo,SP,Sao Paulo,Southeast,3563.0,4,4,890.75
f25e239052084705e17a982bc600ab2a,1123,sao paulo,SP,Sao Paulo,Southeast,7380.0,8,8,922.5
714b9a1332840f257b49f476bea4e341,15910,monte alto,SP,Sao Paulo,Southeast,1499.94,6,6,249.99
89d9a386b0b6e5fc8403071b03f7206a,3103,sao paulo,SP,Sao Paulo,Southeast,167.0,5,2,83.5
bd15ee794d5e640d9dd71b665b2ab15b,14078,ribeirao preto,SP,Sao Paulo,Southeast,374.79999999999995,12,12,31.23
f326006815956455b2859abd58fe7e39,15601,fernandopolis,SP,Sao Paulo,Southeast,3147.16,30,9,349.68
bac692d6c0ed08467878018e6cc9c26c,89041,blumenau,SC,Santa Catarina,South,477.0,3,1,477.0
6a51fc556dab5f766ced6fbc860bc613,17500,marilia,SP,Sao Paulo,Southeast,7577.67,33,26,291.45
a90a5da8b09e44264a177c0374a5ac87,84010,ponta grossa,PR,Parana,South,74.69999999999999,3,3,24.9
ea6b12bf9ffe2bac34602ec631d97a47,7093,guarulhos,SP,Sao Paulo,Southeast,2625.7999999999997,11,11,238.71
dc64d75cc406bb0697be983831430e60,31560,belo horizonte,MG,Minas Gerais,Southeast,813.0,4,4,203.25
fa7ad8ae9bcb2c4493fdf38e96b1d74f,13920,pedreira,SP,Sao Paulo,Southeast,88.0,2,1,88.0
d1ef48b38baca7e831711c4a0aeb398f,86800,apucarana,PR,Parana,South,1469.1200000000001,35,29,50.66
67e43d802fde8cfd3f9580124f8167d1,7062,guarulhos,SP,Sao Paulo,Southeast,36.0,3,2,18.0
f18112da765e0971ca5d510dec322bdd,88351,brusque,SC,Santa Catarina,South,327.8,2,2,163.9
259f7b5e6e482c230e5bfaa670b6bb8f,8550,poa,SP,Sao Paulo,Southeast,8526.04,165,138,61.78
dd7ddc04e1b6c2c614352b383efe2d36,3471,sao paulo,SP,Sao Paulo,Southeast,9178.51,143,122,75.23
f457c46070d02cadd8a68551231220dd,87047,maringa,PR,Parana,South,19093.0,234,199,95.94
5962468f885ea01a1b6a97a218797b0a,82040,curitiba,PR,Parana,South,791.0,9,8,98.88
1f50f920176fa81dab994f9023523100,15025,sao jose do rio preto,SP,Sao Paulo,Southeast,106939.20999999999,1931,1404,76.17
2b1a40c1daabc6ca280c4b815c101841,35500,divinopolis,MG,Minas Gerais,Southeast,12732.6,35,23,553.59
26b482dccfa29bd2e40703ba45523702,13450,santa barbara d´oeste,SP,Sao Paulo,Southeast,344.78,4,3,114.93
f356c348fbc8df6a882823e21f5ce8b7,92025,canoas,RS,Rio Grande do Sul,South,195.18,2,2,97.59
2ba91c7ad80ff88b23b7db823b43c233,13310,itu,SP,Sao Paulo,Southeast,740.4,6,6,123.4
3d0cd21d41671c46f82cd11176bf7277,89217,joinville,SC,Santa Catarina,South,447.8,11,9,49.76
d93919c944be9cff128f6c9cb899eacb,13375,mombuca,SP,Sao Paulo,Southeast,2666.7000000000003,33,33,80.81
f7ba60f8c3f99e7ee4042fdef03b70c4,9628,sao bernardo do campo,SP,Sao Paulo,Southeast,68395.0,230,219,312.31
0ee4fb99ac55ffbbc98795aa01b7f8fa,6539,santana de parnaiba,SP,Sao Paulo,Southeast,59.9,1,1,59.9
c5f7e746b7e6d07def6c0dae9903279b,81350,curitiba,PR,Parana,South,1429.0,11,10,142.9
2d20f1cd18725c91147da0791d498022,86040,londrina,PR,Parana,South,99.8,1,1,99.8
002100f778ceb8431b7a1020ff7ab48f,14405,franca,SP,Sao Paulo,Southeast,1234.5,55,51,24.21
70f84699be677ec988d1fa824aef7d90,35700,sete lagoas,MG,Minas Gerais,Southeast,1588.3,5,5,317.66
5bc24d989e71e93c33e50a7782431b0e,37165,campo do meio,MG,Minas Gerais,Southeast,3148.0,17,17,185.18
36f98ad67cc981f50ce8aed093d5783c,85904,toledo,PR,Parana,South,119.4,2,2,59.7
70ee69419916dc13e3aed619061f996c,8780,mogi das cruzes,SP,Sao Paulo,Southeast,45.0,1,1,45.0
6eb94e1466490d327a09abf8f3552a50,13219,jundiai,SP,Sao Paulo,Southeast,1511.95,10,10,151.2
8ff1a9df749e454105c55cda13e79143,17509,marilia,SP,Sao Paulo,Southeast,1400.6000000000001,14,13,107.74
c4fabeea6e569d42d02993bb1f4f1cbc,60741,fortaleza,CE,Ceara,Northeast,859.3000000000001,11,11,78.12
5236605f4d4b0b3e4df85b850393fca0,3311,sao paulo,SP,Sao Paulo,Southeast,265.3,5,5,53.06
45c20d94d9171b0bcfab3c955e47d67b,13490,cordeiropolis,SP,Sao Paulo,Southeast,129.45999999999998,4,4,32.36
5bc237df65098fe211bb4818f4d26d78,38410,uberlandia,MG,Minas Gerais,Southeast,126.80000000000001,2,2,63.4
6a38087bc8ad4f89ff453561005f6dea,75123,anapolis,GO,Goias,Central-West,1833.43,22,15,122.23
4e5725ba188db8252977a4f0227bd462,14092,ribeirao preto,SP,Sao Paulo,Southeast,1930.59,25,22,87.75
e4f121bf6ef8b9a1d4d3e65dd0473fab,15085,sao jose do rio preto,SP,Sao Paulo,Southeast,70.0,2,2,35.0
eebb3372362aa9a46975164bed19a7e7,4578,sao paulo,SP,Sao Paulo,Southeast,591.92,8,7,84.56
2ec6e37d992a95eaddb3369dcbcc76d9,91310,porto alegre,RS,Rio Grande do Sul,South,159.8,2,2,79.9
f84a00e60c73a49e7e851c9bdca3a5bb,20756,rio de janeiro,RJ,Rio de Janeiro,Southeast,5949.9400000000005,99,90,66.11
e5a38146df062edaf55c38afa99e42dc,1233,sao paulo,SP,Sao Paulo,Southeast,15360.07,125,121,126.94
80cfd480be3eb6d6267139f5cb793555,8223,sao paulo,SP,Sao Paulo,Southeast,99.9,1,1,99.9
62c50c1af4dfdc4149d25c5222043d39,4782,sao paulo,SP,Sao Paulo,Southeast,2785.7200000000003,19,14,198.98
4de6e4ba574aa9dfdc824bc44dc47fdd,83402,colombo,PR,Parana,South,451.1,14,14,32.22
6548c2550b6e2d8f18053216e1c7b6f3,9920,diadema,SP,Sao Paulo,Southeast,217.7,5,3,72.57
f45122a9ab94eb4f3f8953578bc0c560,13419,piracicaba,SP,Sao Paulo,Southeast,22078.29,200,187,118.07
7901646fdd36a55f564ffaf2dbccaaf7,20021,rio de janeiro,RJ,Rio de Janeiro,Southeast,11857.08,27,22,538.96
6481e96574816ead57975da2c0f6d80d,18072,sorocaba,SP,Sao Paulo,Southeast,3324.9,43,32,103.9
e8dba4d70f7f2b20e775d09cae01142d,13456,santa barbara d oeste,SP,Sao Paulo,Southeast,855.91,9,9,95.1
13e85aac53340018b40c2af68001b7e0,13920,pedreira,SP,Sao Paulo,Southeast,17.8,1,1,17.8
b6dc74ed30f124f95227bed4e43a3bed,86702,arapongas,PR,Parana,South,518.9599999999999,13,11,47.18
48436dade18ac8b2bce089ec2a041202,27277,volta redonda,SP,Sao Paulo,Southeast,12271.710000000001,151,138,88.93
f5f2ab9bdb6b30c14c61be68c5ed37da,13660,porto ferreira,SP,Sao Paulo,Southeast,2134.6800000000003,18,18,118.59
8ed8ea9a57c862f2c18c2fe41f601d56,89030,blumenau,SC,Santa Catarina,South,3831.9,19,19,201.68
c76d418370990614e89e956c7a7567d9,6787,taboao da serra,SP,Sao Paulo,Southeast,305.24,2,2,152.62
ceb7b4fb9401cd378de7886317ad1b47,22790,04482255,RJ,Rio de Janeiro,Southeast,399.9,1,1,399.9
ea846a0e7ad98a741783e886d89dfa44,16072,aracatuba,SP,Sao Paulo,Southeast,137.0,3,2,68.5
2c54051840f19eca309a5423cf22df36,81830,curitiba,PR,Parana,South,23.7,2,2,11.85
ee27a8f15b1dded4d213a468ba4eb391,74210,goiania,GO,Goias,Central-West,6499.0,1,1,6499.0
69b5eaa096c3f9d1e5c398c597f567d6,16200,birigui,SP,Sao Paulo,Southeast,938.0,2,2,469.0
5b92bfa4120daa27c574daa2e386c693,18070,sorocaba,SP,Sao Paulo,Southeast,14.0,1,1,14.0
1554a68530182680ad5c8b042c3ab563,37580,monte siao,MG,Minas Gerais,Southeast,29052.53,269,247,117.62
fc38b5dceee1a730fad8853453437fbd,13073,campinas,SP,Sao Paulo,Southeast,119.2,5,5,23.84
152ee17e4c8aaf53dac99f3462e4999b,89248,garuva,SC,Santa Catarina,South,308.96000000000004,6,6,51.49
fac35d150712afb921ec59ac5f39bb11,38650,bonfinopolis de minas,MG,Minas Gerais,Southeast,696.0,6,5,139.2
04aa0a1c5ce6b222003403a3e11c3cc0,13150,cosmopolis,SP,Sao Paulo,Southeast,5518.0,17,11,501.64
ede0c03645598cdfc63ca8237acbe73d,14092,ribeirao preto,SP,Sao Paulo,Southeast,2518.37,50,46,54.75
1e47defeeadeca0e9a18fa5a9311e735,15800,catanduva,SP,Sao Paulo,Southeast,234.12,3,3,78.04
a7b7354cc588f7566a848bcbb1ce3d96,1215,sao paulo,SP,Sao Paulo,Southeast,79.8,2,2,39.9
ef0ace09169ac090589d85746e3e036f,24451,sao goncalo,RJ,Rio de Janeiro,Southeast,16223.300000000001,140,129,125.76
a7dc4098e4da6e41b426269d12ae7e91,4386,sao paulo,SP,Sao Paulo,Southeast,518.0,3,2,259.0
918717417d88a9f9ae9735567e6c7682,5547,sao paulo,SP,Sao Paulo,Southeast,345.70000000000005,4,4,86.43
26f6b7ab07be3e9e69ce82a6552efc19,21070,rio de janeiro,RJ,Rio de Janeiro,Southeast,54.8,2,2,27.4
cad9969167c09b48ae6f1d123f7fa68d,37706,pocos de caldas,MG,Minas Gerais,Southeast,43.2,2,2,21.6
7c4adcc13272c0e26fa23aac642adb7b,24725,sao goncalo,RJ,Rio de Janeiro,Southeast,135.0,2,2,67.5
f19516b9ff26bfeb091b30108db4ddbd,13160,artur nogueira,SP,Sao Paulo,Southeast,727.6,5,5,145.52
ed8cb7b190ceb6067227478e48cf8dde,11015,santos,SP,Sao Paulo,Southeast,573.5,17,15,38.23
97e50a621f8e801f4baf69e08687c192,4209,sao paulo,SP,Sao Paulo,Southeast,89.9,1,1,89.9
562f8cfc51f265411f487d07e9c40e7f,30575,belo horizonte,MG,Minas Gerais,Southeast,766.9200000000001,13,13,58.99
a21c11ec5c3f03e7cc9f9203bff9e1c6,6513,santana de parnaiba,SP,Sao Paulo,Southeast,385.0,4,3,128.33
97e4a63591ca439a2b8b7efd20e6e19e,20520,rio de janeiro,RJ,Rio de Janeiro,Southeast,349.95,5,5,69.99
07017df32dc5f2f1d2801e579548d620,58030,joao pessoa,PB,Paraiba,Northeast,946.49,9,8,118.31
52092ddbd3a58c450a4459bf051b2287,17300,dois corregos,SP,Sao Paulo,Southeast,351.7,6,6,58.62
1a8e2d9c38b84a9702ac7922924b0573,89245,araquari,SC,Santa Catarina,South,80.0,1,1,80.0
f1198c871e0171278b63f40d112caeec,1220,sao paulo,SP,Sao Paulo,Southeast,475.8,2,2,237.9
87142160b41353c4e5fca2360caf6f92,90230,porto alegre,RS,Rio Grande do Sul,South,31095.98,339,305,101.95
a0e19590a0923cdd0614ea9427713ced,83075,sao jose dos pinhais,PR,Parana,South,258.3,7,2,129.15
289cdb325fb7e7f891c38608bf9e0962,31570,belo horizonte,SP,Sao Paulo,Southeast,13544.95,126,110,123.14
11305281b50fff20ae8bb473f8e11876,36500,uba,MG,Minas Gerais,Southeast,6528.7,40,35,186.53
723a46b89fd5c3ed78ccdf039e33ac63,93310,"novo hamburgo, rio grande do sul, brasil",RS,Rio Grande do Sul,South,66.64,1,1,66.64
d9b00a97818674c7f8d8b1ef0e689679,84035,ponta grossa,PR,Parana,South,69.9,1,1,69.9
9d681c7e12db302cb261e721040dde65,80330,curitiba,PR,Parana,South,785.6,14,13,60.43
c7bb64409aa480bb7d0335faaaf3d242,89218,joinville,SC,Santa Catarina,South,97.6,4,4,24.4
bb7ad8a45c027be8ab075b8e465f8ca0,88056,floranopolis,SC,Santa Catarina,South,19.98,2,2,9.99
8a207b6080964f3c1fc9d35bd6096ba4,15155,jaci,SP,Sao Paulo,Southeast,553.7,3,2,276.85
fa1c13f2614d7b5c4749cbc52fecda94,13170,sumare,SP,Sao Paulo,Southeast,194042.03,586,585,331.7
bf100ecb7997df312b285358fb32f92c,83070,sao jose dos pinhais,PR,Parana,South,1991.9,21,20,99.6
3504c0cb71d7fa48d967e0e4c94d59d9,9350,maua,SP,Sao Paulo,Southeast,2349.94,53,53,44.34
164a5a8794e6d42e14f55e447b12a3bc,85980,guaira,PR,Parana,South,73.99,1,1,73.99
de09d00cfc265b8804c7df34075a68fa,2118,sao paulo,SP,Sao Paulo,Southeast,784.0,3,3,261.33
638cba8be1fb599bbb76fd6948351eb3,12242,sao jose dos campos,SP,Sao Paulo,Southeast,598.1999999999999,26,17,35.19
2f73e04d12cdf0c945ded66bb3fcf6c7,29313,cachoeiro de itapemirim,ES,Espirito Santo,Southeast,1359.0,3,3,453.0
fbc14c0cf93505ef89f64665ffa4a7b5,14150,serrana,SP,Sao Paulo,Southeast,12227.82,18,18,679.32
c3ee2331a724e6fc02c4b698b57a73f3,5108,sao paulo,SP,Sao Paulo,Southeast,1347.0,3,2,673.5
e9874ae10b2d60d43917b6bbfa13a599,86604,rolandia,PR,Parana,South,199.0,1,1,199.0
df47da4ae86fa4db890d05aaf24e21d8,4360,sao paulo,SP,Sao Paulo,Southeast,310.5,5,5,62.1
ddd51ae8cda92f3995a51fc0f0f3eec7,23062,rio de janeiro,RJ,Rio de Janeiro,Southeast,842.6999999999999,25,8,105.34
e644cbadf7eeb30d0d29f335ce7d52ec,3029,sao paulo,SP,Sao Paulo,Southeast,878.9,10,8,109.86
2bdb95a56a36ebbc6640337ac5eac174,4054,sao paulo,SP,Sao Paulo,Southeast,89.9,1,1,89.9
34d1ca11b242c0fee2c834ae8d788566,36415,congonhas,MG,Minas Gerais,Southeast,13422.24,41,40,335.56
324583d68897f5ddbaf38f6248322176,15046,sao jose do rio preto,SP,Sao Paulo,Southeast,84.0,3,2,42.0
96493fab2fbb13a14d0c0e8772eef5c3,5537,sao paulo,SP,Sao Paulo,Southeast,18969.0,64,63,301.1
d4ffeb15b67e81ff9af2b4252d99fb7e,12943,atibaia,SP,Sao Paulo,Southeast,1400.4,12,11,127.31
b5d034ac251546e25afe9067f05c1539,6852,itapecerica da serra,SP,Sao Paulo,Southeast,69.9,1,1,69.9
8a1ff5c35f6595a73fef4c7b96e4908a,83091,sao  jose dos pinhais,PR,Parana,South,1598.0,2,2,799.0
a150c540f572d0fb53992264bc5c10b5,18035,sorocaba,SP,Sao Paulo,Southeast,119.9,1,1,119.9
7c1fea10b5b006671d608b1d7c446ec4,18550,boituva,SP,Sao Paulo,Southeast,423.59999999999997,14,14,30.26
b6e1504972665f739dec4facb9943775,13405,piracicaba,SP,Sao Paulo,Southeast,1484.48,14,14,106.03
f76a3b1349b6df1ee875d1f3fa4340f0,3275,sao paulo,SP,Sao Paulo,Southeast,4160.79,24,24,173.37
99eaacc9e6046db1c82b163c5f84869f,14400,franca,SP,Sao Paulo,Southeast,13139.17,70,66,199.08
8603f0038fe0e52fedd3382d266723de,88495,garopaba,SC,Santa Catarina,South,2355.0,10,10,235.5
d98eec89afa3380e14463da2aabaea72,90010,porto alegre,RS,Rio Grande do Sul,South,6968.53,183,168,41.48
ab75b89cc49c9ab3160d0c91565a442a,17604,tupa,SP,Sao Paulo,Southeast,37.98,2,2,18.99
08084d990eb3f53af056ccbc1730c8a7,3612,sao paulo,SP,Sao Paulo,Southeast,372.5,12,12,31.04
d85efbc8eff2b7adf524e2820569adc8,5268,sao paulo,SP,Sao Paulo,Southeast,55.0,1,1,55.0
23613d49c3ac2bd302259e55c06c050c,13660,porto ferreira,SP,Sao Paulo,Southeast,4293.0,80,70,61.33
87d3c3aeb3ead335511b3ce315eb341e,3059,sao paulo,SP,Sao Paulo,Southeast,749.3499999999999,15,15,49.96
93b9a99027bd8bd6af682aff18dd19bf,7600,mairipora,SP,Sao Paulo,Southeast,1953.0,21,20,97.65
0bf0150d5b9d60d9cd2906003332f085,1547,sao paulo,SP,Sao Paulo,Southeast,5774.6,62,39,148.07
7ecef8194babfec876ca720714327841,13041,campinas,SP,Sao Paulo,Southeast,990.5,8,7,141.5
87b4428a334b8f676fd9a7f3bf544fb5,16480,guaimbe,SP,Sao Paulo,Southeast,29.99,1,1,29.99
30829ded4523ab9224b93bc49a62c95f,95360,parai,RS,Rio Grande do Sul,South,6911.71,31,18,383.98
dcb7367a92f5ffb89f1e2152ed260285,17700,osvaldo cruz,SP,Sao Paulo,Southeast,79.9,1,1,79.9
513a54369b6a8a6602fcb0e129c6d78d,9862,sao bernardo do campo,SP,Sao Paulo,Southeast,47.8,2,2,23.9
5075aaa8404020ae6aa8bf4792099b41,37706,pocos de caldas,MG,Minas Gerais,Southeast,1822.8,23,13,140.22
d354c38a7182125a748cb10474fe963b,28495,aperibe,RJ,Rio de Janeiro,Southeast,1610.33,20,18,89.46
4be9ae93c4fc0f41713d71a4194ee1b3,35500,divinopolis,MG,Minas Gerais,Southeast,109.9,1,1,109.9
e0487761face83d64fcada2408959a36,1021,sao paulo,SP,Sao Paulo,Southeast,49.25,2,2,24.62
9996ae921c50e8dff411ac69c0b4bb8b,17605,tupa,SP,Sao Paulo,Southeast,29.700000000000003,3,2,14.85
c3cfdc648177fdbbbb35635a37472c53,80610,curitiba,PR,Parana,South,43048.18,307,278,154.85
c8cc60ffd415254af5d9b9f34f32c369,18053,sorocaba,SP,Sao Paulo,Southeast,722.2,9,8,90.28
1ce3ae5a399804d1a87e706f8a813c3e,88715,jaguaruna,SC,Santa Catarina,South,2563.0,44,40,64.08
5f26c1408a65b42a7224cd463bdf3292,86707,arapongas,PR,Parana,South,1139.8,10,10,113.98
e59e575a175fadcadf8479e191770425,26210,nova iguacu,RJ,Rio de Janeiro,Southeast,199.9,1,1,199.9
2138ccb85b11a4ec1e37afbd1c8eda1f,8250,sao paulo,SP,Sao Paulo,Southeast,12357.03,429,396,31.2
83d458c0d6d4f94295d63f091460bd60,29101,vila velha,SP,Sao Paulo,Southeast,89.9,1,1,89.9
ef30892870c278497523264be1be2241,14801,araraquara,SP,Sao Paulo,Southeast,783.2,9,9,87.02
d5b9a084373da994a6e37f732169a853,9182,santo andre,SP,Sao Paulo,Southeast,1769.0,7,7,252.71
e9c2dc0dd4ac38448289be644ac94f42,89210,joinville,SC,Santa Catarina,South,118.39,3,3,39.46
fe87f472055fbcf1d7e691c00b1560dc,13085,campinas,SP,Sao Paulo,Southeast,1085.8,6,6,180.97
5a32c398a06c345440bf2a683b017ad3,21070,rio de janeiro,RJ,Rio de Janeiro,Southeast,79.8,2,2,39.9
f46490624488d3ff7ce78613913a7711,7194,guarulhos,SP,Sao Paulo,Southeast,5802.85,91,83,69.91
4d0041cdbe51b4617d95c70b19decc74,36052,juiz de fora,MG,Minas Gerais,Southeast,5235.200000000001,8,8,654.4
db46ca7bce82b11f7e247539271fc390,23080,rio de janeiro,RJ,Rio de Janeiro,Southeast,933.97,16,16,58.37
ad420dd0c4f92f8af951ac24b86d0cf5,38230,fronteira,MG,Minas Gerais,Southeast,4705.29,46,42,112.03
e8b4225284fbb02d16f200513f1f395d,14960,novo horizonte,SP,Sao Paulo,Southeast,5788.52,31,31,186.73
f61c63d13f7cd800549d5acdd390ae72,18185,pilar do sul,SP,Sao Paulo,Southeast,3072.3,26,26,118.17
054694fa03fe82cec4b7551487331d74,15840,itajobi,SP,Sao Paulo,Southeast,9983.1,22,21,475.39
dc50afafdfa325eadc890c7fa42a8f4e,87050,maringa,PR,Parana,South,424.2,4,4,106.05
376d67b61dce0c990155286e7ae486a4,4815,sao paulo,SP,Sao Paulo,Southeast,94.0,1,1,94.0
7994b065a7ffb14e71c6312cf87b9de2,29142,cariacica / es,ES,Espirito Santo,Southeast,453.0,7,5,90.6
a9415cf907dfa12f9ed18693244f5329,36320,prados,MG,Minas Gerais,Southeast,210.0,2,1,210.0
b7d5b4b87af9d42b601865d3f3810bff,88020,florianopolis,SC,Santa Catarina,South,1049.0,2,2,524.5
7315baebc0572ff220d226283dc66728,13560,sao carlos,SP,Sao Paulo,Southeast,49.849999999999994,2,2,24.92
4125d9385a25e82d2f72d3a0fd55bc3f,11065,santos,SP,Sao Paulo,Southeast,42.9,1,1,42.9
c8b0e2b0a7095e5d8219575d5e7e1181,8598,itaquaquecetuba,SP,Sao Paulo,Southeast,12170.210000000001,85,84,144.88
38102b031c2a15e54623d711bfc753d3,62170,mucambo,CE,Ceara,Northeast,457.0,11,9,50.78
160e4f13fd3a64b1b86807be88b5ffb0,83409,colombo,PR,Parana,South,886.0,4,4,221.5
8ccf3cf69651cc1d8a02c8bfaf3b8568,13504,rio claro,SP,Sao Paulo,Southeast,250.0,2,2,125.0
391fc6631aebcf3004804e51b40bcf1e,14940,ibitinga,SP,Sao Paulo,Southeast,39951.95,613,526,75.95
33cbbec1e7e1044aaf11d152172c776f,95705,bento goncalves,RS,Rio Grande do Sul,South,730.67,16,15,48.71
da03c298e3999e9d828591fc2179d109,4041,sao paulo,SP,Sao Paulo,Southeast,787.7,5,4,196.92
49383af7ab774e4e8f3000f49c83dc4b,12080,taubate,SP,Sao Paulo,Southeast,660.0,12,8,82.5
8a2d12a90e92f012ce5226fc6592b653,81210,curitiba,PR,Parana,South,1594.6499999999999,18,18,88.59
52956b80ae65fda598f06f6b9943e7a9,87050,maringa,PR,Parana,South,792.0,3,3,264.0
762ed976527cddf02787edba70fffa2a,86026,londrina,PR,Parana,South,179.8,4,3,59.93
7994081388d55b9cf976c050653dd359,1244,sao paulo,SP,Sao Paulo,Southeast,1020.0,6,2,510.0
585175ec331ea177fa47199e39a6170a,39400,montes claros,MG,Minas Gerais,Southeast,3549.0,1,1,3549.0
e59aa562b9f8076dd550fcddf0e73491,82810,curitiba,PR,Parana,South,31574.3,84,70,451.06
e84ad2127668df3aafc6b73531a0beb8,4613,sao paulo,SP,Sao Paulo,Southeast,987.0,23,19,51.95
1a6245add4353f18ed55138808906979,9694,sao bernardo do campo,SP,Sao Paulo,Southeast,30.0,1,1,30.0
e9779976487b77c6d4ac45f75ec7afe9,11701,praia grande,SP,Sao Paulo,Southeast,43162.95,750,657,65.7
6b90f847357d8981edd79a1eb1bf0acb,7152,guarulhos,SP,Sao Paulo,Southeast,3322.08,47,45,73.82
48328ec9a579151d9cc6a86d4a59336c,92310,canoas,RS,Rio Grande do Sul,South,1099.0,1,1,1099.0
73a63f72308aa20a46f4b1632018f196,82510,curitiba,PR,Parana,South,9606.8,41,29,331.27
f62d7bb4a613ec758a03342d46b580b2,36570,vicosa,MG,Minas Gerais,Southeast,24665.0,32,32,770.78
252e76235acb79183cfca6e34f13337d,13090,campinas,SP,Sao Paulo,Southeast,261.2,4,3,87.07
7c5b05cbdb5542049f38d90d7815b97d,5201,sao paulo,SP,Sao Paulo,Southeast,1038.96,24,22,47.23
db4350fd57ae30082dec7acbaacc17f9,3126,sao paulo,SP,Sao Paulo,Southeast,3331.31,146,137,24.32
845e8036c3f7bf62099352f5ed910240,21041,rio de janeiro,RJ,Rio de Janeiro,Southeast,1584.6000000000001,24,21,75.46
712efd3b68f9686dc856b84abd0f21ae,82130,curitiba,PR,Parana,South,139.0,1,1,139.0
3364a91ec4d56c98e44174de954b94f6,76804,porto velho,RO,Rondonia,North,3579.94,6,6,596.66
b00af24704019bd2e1b335e70ad11f7c,40130,salvador,BA,Bahia,Northeast,189.0,1,1,189.0
4324dd16853115efb0fd9d0d131ba6f4,13720,sao jose do rio pardo,SP,Sao Paulo,Southeast,1052.25,18,12,87.69
0a198e95d32b1be2da9424c962a6ebfa,32260,contagem,MG,Minas Gerais,Southeast,69.99,1,1,69.99
d1a1b40ec554c593a1a99366746289dd,85501,pato branco,PR,Parana,South,49.7,1,1,49.7
55a5b51f93f2b70ea513f5a047b0262a,36301,sao joao del rei,MG,Minas Gerais,Southeast,4002.3,41,39,102.62
6426d21aca402a131fc0a5d0960a3c90,14091,ribeirao preto,SP,Sao Paulo,Southeast,1209.64,23,23,52.59
8a432f4e5b471f8da497d7dc517666e2,19042,presidente prudente,SP,Sao Paulo,Southeast,7555.0,106,95,79.53
da3fede3469bf49b7293ce3fc45b294d,8743,mogi das cruzes,SP,Sao Paulo,Southeast,44.9,1,1,44.9
c092292535a57dacd95a8765f5518f87,26600,paracambi,RJ,Rio de Janeiro,Southeast,125.0,1,1,125.0
20a8b0dc55da94fe74d112082427c84f,13312,itu,SP,Sao Paulo,Southeast,407.4,7,7,58.2
bfd27a966d91cfaafdb25d076585f0da,13930,serra negra,SP,Sao Paulo,Southeast,19921.0,118,117,170.26
fadb07c842a2aef5d5a676b85f220e71,15052,sao jose do rio preto,SP,Sao Paulo,Southeast,398.75,7,7,56.96
6b15924333bd1a741595fe981ea04822,9541,sao caetano do sul,SP,Sao Paulo,Southeast,614.3199999999999,21,21,29.25
1c83418358f249c9d6affa52d579db0e,1420,sao paulo,SP,Sao Paulo,Southeast,24.9,1,1,24.9
04e38a233f726ef161074ab1c9b0399a,1239,sao paulo,SP,Sao Paulo,Southeast,1352.2,28,23,58.79
1b4b28463457a256e9a784ebe2a8f630,13418,piracicaba,SP,Sao Paulo,Southeast,699.42,1,1,699.42
db7ed69a53aa9fb1c01930ba54a88bbe,13820,jaguariuna,SP,Sao Paulo,Southeast,109.0,1,1,109.0
f664f98bfda2eaf266a23ff144e7a872,4001,sao paulo,SP,Sao Paulo,Southeast,153.99,2,2,77.0
7ade73f1b9b4e965f9009a4c3a7e2c15,17051,bauru,SP,Sao Paulo,Southeast,1880.3000000000002,28,27,69.64
a369d693961cb93b61ca2cc518872a85,15081,sao jose do rio preto,SP,Sao Paulo,Southeast,2597.0,18,11,236.09
fb8904a8ea99f8831b64ce27db2c1765,9550,sao caetano do sul,SP,Sao Paulo,Southeast,278.0,2,2,139.0
2ef086a599b597572aca4433b7ed6b3d,89256,jaragua do sul,SC,Santa Catarina,South,49.0,1,1,49.0
134285d1f41da5c13a756ee8142c8a4e,2523,sao paulo,SP,Sao Paulo,Southeast,1572.6999999999998,4,3,524.23
9ed65337433adfbedefd23dd76eaa494,5462,sao paulo,SP,Sao Paulo,Southeast,1262.6,6,6,210.43
aec99834ab5d38ead22766ada8497e87,83411,colombo,PR,Parana,South,459.0,1,1,459.0
b8578d2d823bd8e251f6fdd02b40902d,89069,blumenau,SC,Santa Catarina,South,1255.6,9,9,139.51
d9d43faf741ceaa8da52fdbb81d9e0e3,36010,juiz de fora,SP,Sao Paulo,Southeast,210.0,8,6,35.0
964ff64dc05b13811c6d0f41e0aa5f6b,4154,sao paulo,SP,Sao Paulo,Southeast,180.0,1,1,180.0
96e5dc09087bad639b4ee193104ec2e5,28660,bom jardim,RJ,Rio de Janeiro,Southeast,101.9,2,2,50.95
24c1de8d9551c0b4fbc53317d53efda8,58385,serra redonda,PB,Paraiba,Northeast,355.0,1,1,355.0
0336182e1b3e92f029d5354832045fdf,14940,ibitinga,SP,Sao Paulo,Southeast,29.8,2,1,29.8
c03121937e54a93fcc1825c3098bbb6e,82800,curitiba,PR,Parana,South,1043.0,7,7,149.0
b87a7ea0c30fad2dd6781b74a0064859,4133,sao paulo,SP,Sao Paulo,Southeast,515.4,9,9,57.27
84c945f15571830c1a91a33978e94009,2851,sao paulo,SP,Sao Paulo,Southeast,51.98,2,2,25.99
2d378dbb39815785238c0139c7647fb7,89240,sao francisco do sul,SC,Santa Catarina,South,1154.0,2,2,577.0
0b0ddbc7b9d9584f442c7ac92b0ff6c9,7052,guarulhos,SP,Sao Paulo,Southeast,1416.76,3,3,472.25
51209b446b2073894bdc0face6c73ffc,29104,vila velha,ES,Espirito Santo,Southeast,359.6,4,2,179.8
5996cddab893a4652a15592fb58ab8db,19010,presidente prudente,SP,Sao Paulo,Southeast,810.0,1,1,810.0
aa8af66c623d7d544dfe4bb85b5ebe3b,32672,betim,MG,Minas Gerais,Southeast,99.0,1,1,99.0
1690cada046eb7e92c12f98b1f8a8167,1303,sao paulo,SP,Sao Paulo,Southeast,1959.0,11,11,178.09
385799a1cddbd26dfeb9157356a42282,4676,sao paulo,SP,Sao Paulo,Southeast,633.93,7,5,126.79
42b729f859728f5079499127a9c2ef37,3910,sao paulo,SP,Sao Paulo,Southeast,4118.86,132,104,39.6
556a6409838156ea299c9d1f9e2dde43,81200,curitiba,PR,Parana,South,1362.8,4,4,340.7
179d859f51292aac5c10806a356f7af9,9411,ribeirao pires,SP,Sao Paulo,Southeast,404.46999999999997,19,18,22.47
934ed5cd1b9c1c7382d0a94a94b9e639,81070,curitiba,PR,Parana,South,125.85,1,1,125.85
be3b4b0f050a6aa1b2d901c4b77e979f,84430,imbituva,PR,Parana,South,578.1999999999999,8,3,192.73
6806dad1da97bfb5a9038eac6881f706,83280,guaratuba,PR,Parana,South,1477.0,14,10,147.7
94231344608e603693b0a8891143f65d,91520,porto alegre,SP,Sao Paulo,Southeast,722.0,3,3,240.67
446cc09cdbb130904da114e807dbec40,5615,sao paulo,SP,Sao Paulo,Southeast,252.8,3,3,84.27
47efca563408aae19bb7206c2d969ea9,64033,teresina,PI,Piaui,Northeast,2522.0,12,12,210.17
00ab3eff1b5192e5f1a63bcecfee11c8,4164,sao paulo,SP,Sao Paulo,Southeast,98.0,1,1,98.0
71271995e85f5b8530be99ed54a91b89,91360,porto alegre,RS,Rio Grande do Sul,South,776.0,8,8,97.0
a435b009cd956ea60748b5cfbddf2e24,14406,franca,SP,Sao Paulo,Southeast,361.18,3,3,120.39
11938fcc75f6902fea1d0a6f72b54a57,89900,sao miguel d'oeste,SC,Santa Catarina,South,594.98,2,2,297.49
9b76ad3d04236f76bc71c59470305e13,18550,boituva,SP,Sao Paulo,Southeast,394.70000000000005,3,2,197.35
d7ab82074b5f1dfba46db123df101bff,12941,atibaia,SP,Sao Paulo,Southeast,38.67,3,2,19.34
9c0e69c7bf2619675bbadf47b43f655a,12230,sao jose dos campos,SP,Sao Paulo,Southeast,33702.78,206,157,214.67
94d76e96eedd976258cd3278ce56d5f2,18132,sao roque,SP,Sao Paulo,Southeast,385.61,1,1,385.61
52f976b17ea7f2f087f56dcc419328f6,86820,california,PR,Parana,South,7630.0,6,6,1271.67
4e326052e5dbba8adcd512f3450a307e,8020,sao paulo,SP,Sao Paulo,Southeast,570.0,6,3,190.0
3586b8580d9c917874e053a1bb37b5ff,14802,araraquara,SP,Sao Paulo,Southeast,1524.7,43,36,42.35
6edacfd9f9074789dad6d62ba7950b9c,7135,guarulhos,SP,Sao Paulo,Southeast,13147.1,219,208,63.21
52831e5990d0771cb4951d6f12928167,17600,tupa,SP,Sao Paulo,Southeast,65.0,1,1,65.0
9e7c5f4d7770eab65738cca38f9efccf,2562,sao paulo,SP,Sao Paulo,Southeast,184.8,2,2,92.4
4677a5437afda5fa7140b927b07be1cc,84920,japira,PR,Parana,South,3415.7,11,11,310.52
3e8bd881d92466e63ba9e3e809cd3c50,20751,rio de janeiro,RJ,Rio de Janeiro,Southeast,2242.28,10,9,249.14
4a1917ef994878940e1fb03eeb787ad7,70610,brasilia,DF,Distrito Federal,Central-West,768.0,3,2,384.0
334cab711dee080b079fa5779b584783,9190,santo andre,SP,Sao Paulo,Southeast,1069.7,26,11,97.25
9dd59e43f0c9f0553244e8f9c2fb247e,85851,foz do iguacu,PR,Parana,South,356.3,10,10,35.63
ccf8813e5a7d6c84d865cd38bfc2b130,12080,taubate,SP,Sao Paulo,Southeast,2635.5,26,26,101.37
8d956fec2e4337affcb520f56fd8cbfd,9780,sao bernardo do campo,SP,Sao Paulo,Southeast,11015.19,228,211,52.2
e5a3438891c0bfdb9394643f95273d8e,13483,limeira,SP,Sao Paulo,Southeast,7738.349999999999,255,224,34.55
f9f68daa2af419d38f745478bcb3da1a,13180,sumare,SP,Sao Paulo,Southeast,22.4,2,2,11.2
138dbe45fc62f1e244378131a6801526,2215,sao paulo,SP,Sao Paulo,Southeast,1125.56,58,49,22.97
5058e8c1e82653974541e83690655b4a,8583,itaquaquecetuba,SP,Sao Paulo,Southeast,10022.82,78,63,159.09
cd2169d9f31ff6fbb9ca3373b0c9e354,28633,nova friburgo,RJ,Rio de Janeiro,Southeast,569.0,1,1,569.0
15aec03fe4cf30dfa574cf550f5ff5ff,21862,rio de janeiro,RJ,Rio de Janeiro,Southeast,28.9,1,1,28.9
9674754b5a0cb32b638cec001178f799,4438,sao paulo,SP,Sao Paulo,Southeast,5069.92,97,86,58.95
c161d1327ebc3a156c09582ab2f59f6c,3521,sao paulo,SP,Sao Paulo,Southeast,52.99,3,3,17.66
4d232b78ab7ef10393dc3807d827bc0d,30120,belo horizonte,MG,Minas Gerais,Southeast,1475.0,5,5,295.0
23ff42c4bf1f8f16cddb19d8b972974a,37975,itau de minas,MG,Minas Gerais,Southeast,174.70000000000002,3,2,87.35
d3dcf0604eabf0224fbd5948b5e02f69,3654,sao paulo,SP,Sao Paulo,Southeast,2902.2999999999997,9,9,322.48
49067458c68f7701fd334ce326accbe0,36050,juiz de fora,MG,Minas Gerais,Southeast,1047.6499999999999,37,17,61.63
dfa0c4c6229ab200a4a1336b4d7128ff,88085,florianopolis,SC,Santa Catarina,South,4777.1,86,77,62.04
35281d148dcf7134bae913c57db4e6da,5171,sao paulo,SP,Sao Paulo,Southeast,119.99,1,1,119.99
76833248bbc0e65a0293ec62023e4396,16200,birigui,SP,Sao Paulo,Southeast,2399.98,2,2,1199.99
48e5ee06fb2dc74df1c711a9b6dfac2a,35540,oliveira,MG,Minas Gerais,Southeast,57.0,3,1,57.0
2cb6eb1b7185064167657fa09f541105,34710,sabara,MG,Minas Gerais,Southeast,1217.9,7,6,202.98
0f7eea709efdf942b5f95c7516dbacd7,19865,pedrinhas paulista,SP,Sao Paulo,Southeast,195.74,3,3,65.25
54583ab379489add547fe47b628db589,9810,sao bernardo do campo,SP,Sao Paulo,Southeast,2240.0,10,10,224.0
51e0557bc7b86de13e946c60ee91ce39,31510,belo horizonte,MG,Minas Gerais,Southeast,45.8,1,1,45.8
0bebbb2cea103a4a020c95d43fd7d754,2515,sao paulo,SP,Sao Paulo,Southeast,1367.2,9,9,151.91
9da1ca0bef29ee170e541927a5aeabdc,15500,votuporanga,SP,Sao Paulo,Southeast,1484.3999999999999,6,6,247.4
6c7d50c24b3ccd2fd83b44d8bb34e073,19025,presidente prudente,SP,Sao Paulo,Southeast,8699.34,128,114,76.31
3faf68a3b0af94b10bac70d86077be49,13825,holambra,SP,Sao Paulo,Southeast,1322.93,7,7,188.99
05feb94f19d094d4b0f9281f0b1d4c99,8752,mogi das cruzes,SP,Sao Paulo,Southeast,9353.0,6,6,1558.83
f650a9708fa1bab22bdd8d3a818cc415,88901,ararangua,SC,Santa Catarina,South,507.75,5,5,101.55
5cbbd5a299cab112b7bf23862255e43e,83324,pinhais,PR,Parana,South,2726.06,38,36,75.72
07d75e33f2750d97d467fb57e4dfdd8a,2117,sao paulo,SP,Sao Paulo,Southeast,722.4,2,2,361.2
8a8835a43bda99fd37310ad76c457510,9540,sao caetano do sul,SP,Sao Paulo,Southeast,224.34,3,2,112.17
ca3bd7cd9f149df75950150d010fe4a2,4361,sao paulo,SP,Sao Paulo,Southeast,9731.85,138,71,137.07
323ce52b5b81df2cd804b017b7f09aa7,3306,sao paulo,SP,Sao Paulo,Southeast,2554.2,30,30,85.14
ebd1417732defaf66c50b5a800eb293e,86047,londrina,PR,Parana,South,309.0,1,1,309.0
76ea5315acb3f5f7ade3cd261faf922a,4213,sao paulo,SP,Sao Paulo,Southeast,1087.06,15,15,72.47
4b1eaadf791bdbbad8c4a35b65236d52,14092,ribeirao preto,SP,Sao Paulo,Southeast,1849.79,8,8,231.22
4cc43a222a0f94910728b62b97a8c5f8,14026,ribeirao preto,SP,Sao Paulo,Southeast,108.5,1,1,108.5
bc503e244f187939d10c92a5c8e378ce,16200,birigui,SP,Sao Paulo,Southeast,637.67,16,7,91.1
b6f52e346160519c24a23af05410ad32,1254,sao paulo,SP,Sao Paulo,Southeast,129.9,1,1,129.9
70125af26c2d6d4ef401a1d02ae7701f,74435,goiania,GO,Goias,Central-West,371.2,8,5,74.24
c84592044b180dec206770c38603814b,1026,sao paulo,SP,Sao Paulo,Southeast,511.94000000000005,15,15,34.13
1caf283236cd69af44cbc09a0a1e7d32,26020,nova iguacu,RJ,Rio de Janeiro,Southeast,917.6,37,33,27.81
ba90964cff9b9e0e6f32b23b82465f7b,7140,guarulhos,SP,Sao Paulo,Southeast,44212.5,38,38,1163.49
5e9f5bd34e0830569f05c9d4f56e04a8,90560,porto alegre,RS,Rio Grande do Sul,South,239.98,2,2,119.99
15fa791d5e017f66402dc28c44480657,3307,sao paulo,SP,Sao Paulo,Southeast,1802.0,8,8,225.25
20d83f3ef0e6925fd74bfd59170babf7,2804,sao paulo,SP,Sao Paulo,Southeast,2903.6,54,40,72.59
59417c56835dd8e2e72f91f809cd4092,13480,limeira,SP,Sao Paulo,Southeast,36459.0,18,18,2025.5
a13580f0e8f782b7a543885a0ef99f08,22790,rio de janeiro,RJ,Rio de Janeiro,Southeast,1304.9,10,10,130.49
ccada0ef508e698917a6eab263375905,85948,pato bragado,PR,Parana,South,172.8,3,3,57.6
4bde6149c15cf7e177b36fa060dd6de8,99500,carazinho,RS,Rio Grande do Sul,South,159.8,2,2,79.9
fe1bbc5feda5c8979a8a1b3b2512d5a6,38680,arinos,MG,Minas Gerais,Southeast,724.72,10,9,80.52
23a0ffca143a15b9b5bbdb7d552f626a,13520,sao pedro,SP,Sao Paulo,Southeast,3718.51,24,23,161.67
32b8764b4ef628b53608fc34011fcc13,88504,lages,SC,Santa Catarina,South,8884.0,38,36,246.78
e7df4cd29ab5abab70fb0783ddb53987,4122,sao paulo,SP,Sao Paulo,Southeast,9608.699999999999,24,23,417.77
0432ead42b6c8a0bdf68154add917fdf,9320,maua,SP,Sao Paulo,Southeast,7792.1,90,85,91.67
7e959205cebc10adefcb331f934238a4,1223,sao paulo,SP,Sao Paulo,Southeast,513.9000000000001,2,2,256.95
2a261b5b644fa05f4f2700eb93544f2c,13660,porto ferreira,SP,Sao Paulo,Southeast,5355.0,82,51,105.0
f680f85bee2d253556ac91be391d2c82,6365,carapicuiba,SP,Sao Paulo,Southeast,5183.92,54,45,115.2
3785b653b1b82de85ab47dd139938091,85640,ampere,PR,Parana,South,1552.0,24,21,73.9
d379f449f2a3b271bc01c0782020f705,35500,divinopolis,MG,Minas Gerais,Southeast,4423.06,29,28,157.97
7ea5bfa6c340f58f8e71fc1f0412b0d6,30180,belo horizonte,MG,Minas Gerais,Southeast,11002.89,104,98,112.27
dc120d932ddf9d4dfb6fd68beefda622,83010,sao jose dos pinhais,PR,Parana,South,130.0,1,1,130.0
6902157ee16728322d61a1321fa79e58,1026,sao paulo,SP,Sao Paulo,Southeast,159.8,2,2,79.9
f3041c2e75ec683697a6a5ea82192210,35680,itauna,MG,Minas Gerais,Southeast,145.0,1,1,145.0
c54679b132454625907c773d273d4126,11443,guaruja,SP,Sao Paulo,Southeast,1032.0,8,7,147.43
d26aa40b90272d4843d63be7c1462c8d,3065,sao paulo,SP,Sao Paulo,Southeast,152.9,2,2,76.45
a2fa0bdc798ee84cdb08281337cf4fb6,88063,florianopolis,SC,Santa Catarina,South,392.75,13,10,39.28
bd697db56ff8e7c9cd1abeb7f72029b2,3533,sao paulo,SP,Sao Paulo,Southeast,3069.78,22,22,139.54
2aafae69bf4c41fbd94053d9413e87ee,91901,porto alegre,RS,Rio Grande do Sul,South,94.0,2,2,47.0
483ca627d131e18f988349b1655c0acd,13800,mogi mirim,SP,Sao Paulo,Southeast,264.0,1,1,264.0
1a3df491d1c4f1589fc2b934ada68bf2,89224,joinville,SC,Santa Catarina,South,23302.7,178,167,139.54
e81e1f9c3e762e620f3fb60a51499e16,89520,curitibanos,SC,Santa Catarina,South,4465.99,18,17,262.71
4170f6a9367e6b5d6401d03ce6d54569,71906,brasilia df,DF,Distrito Federal,Central-West,568.78,5,4,142.2
4e480be820e37de1444325ff358c9296,37410,tres coracoes,MG,Minas Gerais,Southeast,430.3,2,1,430.3
6560211a19b47992c3666cc44a7e94c0,5849,sao paulo,SP,Sao Paulo,Southeast,123304.83,2033,1854,66.51
3da38366e7bd9baf6369071f782ecdf0,60346,fortaleza,CE,Ceara,Northeast,59.47,1,1,59.47
e3e290b38963293022cdcd6db8328103,1403,sao paulo,SP,Sao Paulo,Southeast,135.7,3,3,45.23
70b52a4cfc823994561b00bad161b4ed,2727,sao paulo,SP,Sao Paulo,Southeast,585.0,10,8,73.12
c1552b1dab6e6f760950368ae61fb600,12215,sao jose dos campos,SP,Sao Paulo,Southeast,53.8,2,2,26.9
596849622429351f47b32e6cae1055ff,8710,mogi das cruses,SP,Sao Paulo,Southeast,1104.7,14,14,78.91
e6ffc9ac6a7adc9d16a1cfc2286dd546,2565,sao paulo,SP,Sao Paulo,Southeast,34.99,1,1,34.99
bf0045791395e66460eb04749c68672a,4256,sao paulo,SP,Sao Paulo,Southeast,119.8,2,2,59.9
718539d38d07dd351c76db862760e2e2,13088,campinas,SP,Sao Paulo,Southeast,1318.9,45,37,35.65
b76f4d90e85657a240495c876313adc5,13185,hortolandia,SP,Sao Paulo,Southeast,299.0,1,1,299.0
979e9f8b5b39dd243a2550c8b05aecf0,4160,sao paulo,SP,Sao Paulo,Southeast,525.0,4,3,175.0
22a23e5ac7061fc538cc2a019afaaf16,30310,belo horizonte,MG,Minas Gerais,Southeast,95.0,1,1,95.0
0b90b6df587eb83608a64ea8b390cf07,87025,maringa,PR,Parana,South,28592.32,210,164,174.34
9200e6ce317b67196b6b0bad4d4bd567,20771,rio de janeiro,RJ,Rio de Janeiro,Southeast,36.9,1,1,36.9
4c60877808f4318ef1107fbeb8f89afa,12940,atibaia,SP,Sao Paulo,Southeast,118.0,2,2,59.0
3bb32fedaa74e4ad20f4ce067733bd31,88210,porto belo,SC,Santa Catarina,South,103.69999999999999,3,2,51.85
ae8bfdbf1c2a2a2dee92d799db0a31c6,85900,toledo,PR,Parana,South,339.92,8,8,42.49
1927cdb9fa74f5270097f6250e8e8f34,17511,marilia,SP,Sao Paulo,Southeast,120.0,1,1,120.0
8a87611c08849ffeeccab52aa798b6c7,82940,curitiba,PR,Parana,South,2369.8,14,13,182.29
679769a98cfcc6da877c8486ff1c13f3,35162,ipatinga,MG,Minas Gerais,Southeast,7029.0,21,21,334.71
acf974e4d5950ad143a247471b831eb9,95059,caxias do sul,RS,Rio Grande do Sul,South,423.8,12,5,84.76
20a7efa9721046319bdde5d60b6b5365,88790,laguna,SP,Sao Paulo,Southeast,501.20000000000005,6,3,167.07
febab0275244b9a49a623f0bd613ca2f,13920,pedreira,SP,Sao Paulo,Southeast,7272.42,129,109,66.72
f3da5b2ff499efb8d4a6d371d175d7dd,2407,sao paulo,SP,Sao Paulo,Southeast,3702.29,84,79,46.86
436bf27f2f18474fc6047702e9f8a866,13041,campinas,SP,Sao Paulo,Southeast,29.9,1,1,29.9
d2f3e277560ed4c6361284429b00f037,12942,atibaia,SP,Sao Paulo,Southeast,320.55,7,7,45.79
cd843d4cf8ef32827de0396605163ba3,36071,juiz de fora,MG,Minas Gerais,Southeast,1915.0,5,5,383.0
67883baaae6134ee81b271a542613728,1310,sao paulo,SP,Sao Paulo,Southeast,8167.9,19,19,429.89
7dc9a3355bae96dd82008b313d3a456c,36213,dores de campos,MG,Minas Gerais,Southeast,899.0,1,1,899.0
05e107217c7266362fd44b75b2cd4cc4,5353,sao paulo - sp,SP,Sao Paulo,Southeast,193.38,8,5,38.68
1acde099eb406aa220b1169b188b42da,2532,sao paulo,SP,Sao Paulo,Southeast,311.1,10,9,34.57
d97df38225e5abadaff1e72cb72b823c,9560,sao caetano do sul,SP,Sao Paulo,Southeast,1846.0,29,29,63.66
45213867cefbf2cd4c6177e10216a951,13603,araras,SP,Sao Paulo,Southeast,4955.42,14,14,353.96
61b893c57e33626afb104d4112b1be76,37142,divisa nova,MG,Minas Gerais,Southeast,74.99,1,1,74.99
a420f60ff1aa9acc80d0e42959f2b313,5138,sao paulo,SP,Sao Paulo,Southeast,7443.3,69,67,111.09
ff4ea69c2a729e83e63c7579e4ef8170,7071,guarulhos,SP,Sao Paulo,Southeast,7017.0,9,9,779.67
fa5fdc4e4bb6bd1009ad0e4ac4096562,9111,santo andre,SP,Sao Paulo,Southeast,161.99,1,1,161.99
916748bc99315c2d202898ae58b1617e,18040,sorocaba,SP,Sao Paulo,Southeast,369.40000000000003,32,25,14.78
bc2ac6b95e1accce9858528ee566c17e,13085,campinas,SP,Sao Paulo,Southeast,2045.0,22,18,113.61
25debeafbce801fdd479539350185eee,17350,igaracu do tiete,SP,Sao Paulo,Southeast,302.84000000000003,7,6,50.47
02c988090b766852e088c69d7fb3b551,13473,americana,SP,Sao Paulo,Southeast,1618.65,17,13,124.51
e5f9e61ceb5f523cc966e0f34095032f,88353,brusque,SC,Santa Catarina,South,2238.0,4,4,559.5
ad97a199236354e53fcd91a5a913e9a2,88350,brusque,SC,Santa Catarina,South,13205.9,18,17,776.82
3606774ec64634822d78dc2db6d37045,9510,sao caetano do sul,SP,Sao Paulo,Southeast,299.8,2,2,149.9
94165aea8a35c3c21499cbcae239b16c,38412,uberlandia,MG,Minas Gerais,Southeast,180.0,1,1,180.0
c8665a4dd081a2c436b1cd921079d0d9,14750,pitangueiras,SP,Sao Paulo,Southeast,79.39,1,1,79.39
c7dcd301ecfe5ab7f778ac172cf74be7,30120,belo horizonte,MG,Minas Gerais,Southeast,457.69,4,4,114.42
6c17baf138731a4aaacc3210adf2037b,14400,franca,SP,Sao Paulo,Southeast,538.8,5,4,134.7
50c361bcf670d16f6df4d52de3dff924,4131,sao paulo,SP,Sao Paulo,Southeast,35.0,1,1,35.0
32e5635e63cb374eb63afdd242fb6134,22451,rio de janeiro,RJ,Rio de Janeiro,Southeast,910.0,1,1,910.0
c1f12f926d0ba950578b4fa41115cbb6,4317,sao paulo,SP,Sao Paulo,Southeast,479.6,4,2,239.8
8602a61d680a10a82cceeeda0d99ea3d,1001,sao paulo,SP,Sao Paulo,Southeast,826.99,19,17,48.65
c3acdfac4e3e97ff87529454fbc03642,5705,sao paulo,SP,Sao Paulo,Southeast,16788.0,12,12,1399.0
fde0cc9ea29c8ccfc0a2c22256a58c71,81650,curitiba,PR,Parana,South,3922.0,35,35,112.06
e63e8bfa530fb16910dd6956e592bb81,7160,guarulhos,SP,Sao Paulo,Southeast,1311.7,43,42,31.23
c4f7fee5b0db50e87766f5a4d1b1b758,18085,sorocaba,SP,Sao Paulo,Southeast,11961.829999999998,9,8,1495.23
d7485b33791774c36108f8c69602d48d,81020,curitiba,PR,Parana,South,399.82,10,10,39.98
515d781150feed28a6ac091bb0e3cb8c,79090,campo grande,MS,Mato Grosso do Sul,Central-West,1002.35,6,6,167.06
e908c0f3646e8b60375734a350d95d71,1226,sao paulo,SP,Sao Paulo,Southeast,2951.0,1,1,2951.0
2646baaf662d4d92ac48f047e35db92d,3303,sao paulo,SP,Sao Paulo,Southeast,1263.05,18,15,84.2
13fa2a6c6b9d0f43cb588d7c82117a12,3567,sao paulo,SP,Sao Paulo,Southeast,4528.0,10,9,503.11
5343d0649eca2a983820bfe93fc4d17e,9270,santo andre,SP,Sao Paulo,Southeast,10000.64,111,71,140.85
7c9130f5f3729edd32aa059141d92484,17400,garca,SP,Sao Paulo,Southeast,126.0,4,3,42.0
e4ebd3f87bf70440014f07ddda7fbe03,19470,presidente epitacio,SP,Sao Paulo,Southeast,671.5,7,7,95.93
33a17d60c64393351ebf1ef860f4e0f2,91510,porto alegre,RS,Rio Grande do Sul,South,8152.4800000000005,47,43,189.59
640e21a7d01df7614a3b4923e990d40c,14940,ibitinga,SP,Sao Paulo,Southeast,7598.88,137,116,65.51
d57e18d5f73c7ccb7f7339b61166898d,3613,sao paulo,SP,Sao Paulo,Southeast,3187.7,63,61,52.26
dd2bdf855a9172734fbc3744021ae9b9,31255,belo horizonte,MG,Minas Gerais,Southeast,10816.7,113,108,100.15
9d213f303afae4983637247556438ede,14940,ibitinga,SP,Sao Paulo,Southeast,47.7,3,2,23.85
aadfe0417e61315688b6bd7043361e25,74340,goiania,GO,Goias,Central-West,289.9,1,1,289.9
079d295dcbf06ee8bb1b65ba964eb2b6,2124,sao paulo,SP,Sao Paulo,Southeast,349.3,10,5,69.86
55c26bcb609f480eb7868594245febb5,14910,tabatinga,SP,Sao Paulo,Southeast,664.4000000000001,6,6,110.73
cbf09e831b0c11f6f23ffb51004db972,9726,sbc/sp,SP,Sao Paulo,Southeast,1535.2,10,10,153.52
7fdb0720c8d7c9075538b365dc8c3a22,85904,toledo,PR,Parana,South,1804.0,10,9,200.44
933446e9a59dece7ae9175103820ca8f,81730,curitiba,PR,Parana,South,381.39,3,2,190.7
3f8247d0f772ffa58560e5c682521ad5,89211,joinville,SC,Santa Catarina,South,139.9,1,1,139.9
e46bc031f2c5bae4ccb40bb90712e9b4,5174,sao paulo,SP,Sao Paulo,Southeast,277.3,1,1,277.3
4aba391bc3b88717ce08eb11e44937b2,45816,arraial d'ajuda (porto seguro),BA,Bahia,Northeast,7595.87,30,29,261.93
fcba71d4d5db057f43249145e4eb1e27,13481,limeira,SP,Sao Paulo,Southeast,494.55,3,3,164.85
c747d5b92c7648417faea95d36d763e8,61800,pacatuba,CE,Ceara,Northeast,139.0,1,1,139.0
715bbd5ba4e6b74cb0d2f29eb45058b0,13930,serra negra,SP,Sao Paulo,Southeast,4043.3,64,62,65.21
1430239a858e7682bbc43b20758af153,4087,sao paulo,SP,Sao Paulo,Southeast,660.79,23,18,36.71
bb7a14e229b1c95156719c3d9552eeee,23095,rio de janeiro,RJ,Rio de Janeiro,Southeast,3190.1,11,11,290.01
d598f929fc44e1e38678e7f47250ec04,73801,formosa,GO,Goias,Central-West,69.9,1,1,69.9
edc518ba25576a0188a0e8f2c3af186f,7023,guarulhos,SP,Sao Paulo,Southeast,1647.3899999999999,8,6,274.56
4c18691b6037662be2df78a765d98ab5,3167,sao paulo,SP,Sao Paulo,Southeast,3195.52,67,63,50.72
8f2b51a30523cdecddc2f179f351c7d6,4833,sao paulo,SP,Sao Paulo,Southeast,1027.9,8,7,146.84
6b536a23086fba0d58c08d68814397f6,24346,niteroi,RJ,Rio de Janeiro,Southeast,2068.8,23,19,108.88
95f83f51203c626648c875dd41874c7f,37564,borda da mata,MG,Minas Gerais,Southeast,3217.46,67,52,61.87
6b243f80ed07b10f0e8aa0f21a205f3c,81825,curitiba,PR,Parana,South,6260.1,89,79,79.24
e7f3bf1ecd8526eb7f3b18059e6716e5,11680,ubatuba,SP,Sao Paulo,Southeast,1471.54,19,18,81.75
4d600e08ecbe08258c79e536c5a42fee,85988,entre rios do oeste,PR,Parana,South,4465.34,8,8,558.17
2089a6d640999f9b9141ac719b2af596,13566,sao carlos,SP,Sao Paulo,Southeast,8830.82,44,44,200.7
2a167ca73899c85001a837d8fb4962f6,37540,sao paulo,SP,Sao Paulo,Southeast,4097.0,3,2,2048.5
458c6fa920810ce2492da71bc26d9eec,15813,catanduva,SP,Sao Paulo,Southeast,756.76,2,2,378.38
7494d0dcba8551df6cf37f1b905dc2f7,11013,santos,SP,Sao Paulo,Southeast,45.9,1,1,45.9
698f5fa55a5f73d0740e9d9a773e8093,20751,rio de janeiro,RJ,Rio de Janeiro,Southeast,120.0,6,4,30.0
4f0d637c1197fd65405ebd755ac9f86b,6768,taboao da serra,SP,Sao Paulo,Southeast,199.8,2,2,99.9
3969863bb8af7f72580b3b1ffd3a17b3,3550,sao paulo,SP,Sao Paulo,Southeast,623.15,13,12,51.93
2a5b78b41cd05baeac8df54c6606b92c,35570,formiga,MG,Minas Gerais,Southeast,19025.36,60,49,388.27
1f7dfad2cb384ea4d2d7e1ffbd78c407,1139,sao paulo,SP,Sao Paulo,Southeast,49.0,1,1,49.0
08f5819815f3d06545011850bd70f0a8,11075,santos,SP,Sao Paulo,Southeast,452.0,3,3,150.67
b32be1695eb7ec5f10f72d9610a12527,95012,caxias do sul,RS,Rio Grande do Sul,South,26874.0,46,45,597.2
b94cc9f10ddc85e4ba73a6f7974e7101,27930,macae,RJ,Rio de Janeiro,Southeast,25346.1,39,39,649.9
53243585a1d6dc2643021fd1853d8905,42738,lauro de freitas,BA,Bahia,Northeast,222776.05,410,358,622.28
6df688df543f90e9b38f4319e75a9d88,31230,belo horizonte,MG,Minas Gerais,Southeast,1949.96,56,40,48.75
7f40d06aa0b5f1aa4f41af8c0480e2ef,13506,rio claro,SP,Sao Paulo,Southeast,1309.94,6,6,218.32
dd88d13bea9e4c2bf47daf224f8141e5,95900,lajeado,RS,Rio Grande do Sul,South,458.0,1,1,458.0
72c38a04bd6a1c3dbc5298425a0db86d,85804,cascavel,PR,Parana,South,647.3,5,4,161.82
9e17b9d64683aebcbb9ee362d06463b4,14020,ribeirao preto,SP,Sao Paulo,Southeast,98.69999999999999,3,2,49.35
b5bb2b985208834bd5bd86c7a402bbad,95800,venancio aires,RS,Rio Grande do Sul,South,621.06,2,2,310.53
b1fecf4da1fa2689bccffa0121953643,79107,campo grande,MS,Mato Grosso do Sul,Central-West,3669.64,20,19,193.14
7b1222c3624aa89b9558b50a2594188c,15041,sao jose do rio preto,SP,Sao Paulo,Southeast,10103.52,22,22,459.25
e595809a6c31ec4314fd06ef198c244d,88370,navegantes,SC,Santa Catarina,South,39.0,1,1,39.0
ba6b68b55fe8704377a7d43c8e5c0185,30130,belo horizonte,MG,Minas Gerais,Southeast,739.77,5,5,147.95
b8114f2f589a6804810f04f99b36b498,9633,sao bernardo do campo,SP,Sao Paulo,Southeast,1399.62,11,8,174.95
83d7070a0b9a8b4625fa8682b819fabb,6717,cotia,SP,Sao Paulo,Southeast,694.77,2,2,347.38
570d4583587a5fe2d47c7be89b91ad27,2220,sao paulo,SP,Sao Paulo,Southeast,125.25,2,2,62.62
9591fc341b1bfb7ef561e2968ec6e011,4456,sao paulo,SP,Sao Paulo,Southeast,79.9,1,1,79.9
0af977692321d895349eded183341d28,11070,santos,SP,Sao Paulo,Southeast,257.75,2,2,128.88
b33aaadd1a8891d2dfef0c4c3bdf0371,13481,limeira,SP,Sao Paulo,Southeast,1504.0,17,16,94.0
5d9dc90a686a8fddacffab6bab5653a3,6513,santana de parnaiba,SP,Sao Paulo,Southeast,3761.94,12,12,313.5
cc80e2f693fa6e2408f47ccf62413fc1,81050,curitiba,PR,Parana,South,420.0,2,2,210.0
dee656f0f566ed1aa85bd137c943f08f,12701,cruzeiro,SP,Sao Paulo,Southeast,6271.9800000000005,95,93,67.44
ace601496e211a664100321f038f50af,2372,sao paulo,SP,Sao Paulo,Southeast,165.0,1,1,165.0
d673a59aac7a70d8b01e6902bf090a11,14940,ibitinga,SP,Sao Paulo,Southeast,3908.94,84,79,49.48
966cb4760537b1404caedd472cc610a5,9920,diadema,SP,Sao Paulo,Southeast,51286.05,75,75,683.81
d4a5e99e0dd915df64ba55a7fbd583fd,5041,sao paulo,SP,Sao Paulo,Southeast,65.15,6,2,32.58
6bcb2352a2a0c38b845f598298ab9d26,87050,maringa,PR,Parana,South,31.8,2,2,15.9
2c2c9832d1bb38c5b0034a3b47d313ee,97050,santa maria,RS,Rio Grande do Sul,South,49.9,1,1,49.9
f3b80352b986ab4d1057a4b724be19d0,71200,brasilia,DF,Distrito Federal,Central-West,10505.1,92,87,120.75
b452cb0ae35044c4a53179c39f49fb06,18047,sorocaba,SP,Sao Paulo,Southeast,63.699999999999996,2,2,31.85
0307f7565ff85b299b6e5ef162b1b1a9,15085,sao jose do rio preto,SP,Sao Paulo,Southeast,4728.8,7,7,675.54
ffeee66ac5d5a62fe688b9d26f83f534,15130,mirassol,SP,Sao Paulo,Southeast,1839.8600000000001,14,14,131.42
3bfad056cf05c00dabe2f895925d83b1,6033,osasco,SP,Sao Paulo,Southeast,206.64999999999998,5,1,206.65
9aa388272ee334b6ae07bc73706e254a,36886,muriae,MG,Minas Gerais,Southeast,678.0,7,6,113.0
74bafed391319577bce6f4d2acc0589a,1311,sao paulo,SP,Sao Paulo,Southeast,1847.0,3,3,615.67
2b03ac196f5ed62ac483960fe0fa3b65,2510,sao paulo,SP,Sao Paulo,Southeast,843.1,7,7,120.44
0b64bcdb0784abc139af04077d49a20e,92420,canoas,RS,Rio Grande do Sul,South,137.6,4,4,34.4
0bfd0b434243adc5c2e1aa6baf19c6aa,22745,rio de janeiro,RJ,Rio de Janeiro,Southeast,371.20000000000005,6,6,61.87
92d14edfb62ee5ae7fdff70b0f4e7233,9810,sao bernardo do campo,SP,Sao Paulo,Southeast,322.0,13,8,40.25
5e105f5c9f63f5f1fd75d6cb942e55b1,15076,sao jose do rio preto,SP,Sao Paulo,Southeast,1471.9,8,8,183.99
2fb25ab44bdbeae6a4d816e0d0c9d500,27274,volta redonda,RJ,Rio de Janeiro,Southeast,683.08,5,5,136.62
ed4311e67debd72b8610a5347a743087,7170,guarulhos,SP,Sao Paulo,Southeast,3636.0,26,25,145.44
5bf397d04035b5f45cc41e82ec106803,4144,sao paulo,SP,Sao Paulo,Southeast,1525.0,4,3,508.33
f9bbdd976532d50b7816d285a22bd01e,5319,sao paulo,SP,Sao Paulo,Southeast,268.0,2,2,134.0
e3e15e2c0b9700561efac21c6be48066,5315,sao paulo,SP,Sao Paulo,Southeast,97.24,4,3,32.41
a5bff0f43eb51f0cad7c37fac7244c8a,4827,sao paulo,SP,Sao Paulo,Southeast,445.0,5,4,111.25
f52c2422904463fdd7741f99045fecb6,9230,santo andre/sao paulo,SP,Sao Paulo,Southeast,567.79,13,12,47.32
14f2b3587172b9db894c9bad8dab520b,95240,ipe,RS,Rio Grande do Sul,South,244.0,2,2,122.0
1354d51653f645349064725ed204e85e,1230,sao paulo,SP,Sao Paulo,Southeast,2410.0,20,18,133.89
eaaa46e98c9e61f6764dd1d7a2ab8b3e,59775,messias targino,RN,Rio Grande do Norte,Northeast,98.0,1,1,98.0
5b664594895aefb418afaee6d40a9a23,25750,petropolis,RJ,Rio de Janeiro,Southeast,1008.8,22,16,63.05
bf00385a5f7fc1ef39a13c2e9ee50a5f,1224,sao paulo,SP,Sao Paulo,Southeast,870.3,29,29,30.01
391bbd13b6452244774beff1824006ed,13082,campinas,SP,Sao Paulo,Southeast,127.8,2,2,63.9
c714262700f93defc16bf17a51a4cb23,2751,sao paulo,SP,Sao Paulo,Southeast,421.8,4,4,105.45
bcd2d7510d58e293f20fad6438c1b314,81540,curitiba,PR,Parana,South,23.9,1,1,23.9
ec4608a1f76453166bb312b2968aeaf4,13660,porto ferreira,SP,Sao Paulo,Southeast,1181.75,35,18,65.65
5c603ffb38cbbf25a0e0698941324143,37004,varginha,MG,Minas Gerais,Southeast,348.8,2,2,174.4
2bd05d410a8fd26dc4184a15f4f2f588,31130,belo horizonte,MG,Minas Gerais,Southeast,1316.73,7,6,219.46
4dab98ca6cd6d3df586203cefd28a042,91150,porto alegre,RS,Rio Grande do Sul,South,154.9,1,1,154.9
293dee954235e4e4e43f129313625ebe,72125,brasilia,DF,Distrito Federal,Central-West,1778.92,8,8,222.36
cd68562d3f44870c08922d380acae552,14050,ribeirao preto,SP,Sao Paulo,Southeast,18569.7,132,125,148.56
082e0bf4cb865a6533b1e8e498cc0255,18608,botucatu,SP,Sao Paulo,Southeast,2073.3,23,11,188.48
c286ec035ee04ba81c97508f0b5df544,81320,curitiba,PR,Parana,South,493.0,2,2,246.5
dd8a29ce82d5c705ba932d81494600a5,8220,sao paulo,SP,Sao Paulo,Southeast,205.75,2,2,102.88
41da412d33e8da4f22baf55cb1bde82c,29260,domingos martins,ES,Espirito Santo,Southeast,862.9,21,15,57.53
782f78b632a43875dd5b53e3e49c9564,13030,campinas,SP,Sao Paulo,Southeast,146.01,3,2,73.0
28405831a29823802aa22c084cfd0649,3644,sao paulo,SP,Sao Paulo,Southeast,245.0,7,7,35.0
fe19dce63ae80346207c6c55713d1023,38010,uberaba,MG,Minas Gerais,Southeast,49.9,1,1,49.9
a67780aba9dd436e7ac0aa1f889e73ec,19027,presidente prudente,SP,Sao Paulo,Southeast,863.0,6,6,143.83
d594982fd877af63ace38ea1fca27c76,1031,sao paulo,SP,Sao Paulo,Southeast,217.04,7,7,31.01
dda37071807e404c5bb2a1590c66326f,3282,sao paulo,SP,Sao Paulo,Southeast,199.99,1,1,199.99
5bc55dbe2f12b6af6d83ed46023e0dc8,35170,coronel fabriciano,MG,Minas Gerais,Southeast,2992.1,21,17,176.01
b1b3948701c5c72445495bd161b83a4c,3390,sao paulo,SP,Sao Paulo,Southeast,24699.19,18,18,1372.18
4e92348462c75b6c842b994ce84a0ed4,94930,cachoeirinha,RS,Rio Grande do Sul,South,69.9,1,1,69.9
6e13dd869aa7185f601c941423abcc8f,5311,sao paulo,SP,Sao Paulo,Southeast,522.0,6,5,104.4
723cd880edaacdb998898b67c8f9da30,14940,ibitinga,SP,Sao Paulo,Southeast,2136.5299999999997,12,11,194.23
00ee68308b45bc5e2660cd833c3f81cc,3333,sao paulo,SP,Sao Paulo,Southeast,20260.0,172,135,150.07
1fbe10c70e30765ed1de86d9f7e98409,9320,maua,SP,Sao Paulo,Southeast,98.75,6,2,49.38
001e6ad469a905060d959994f1b41e4f,24754,sao goncalo,RJ,Rio de Janeiro,Southeast,250.0,1,1,250.0
685b870da5b52a710782c9c0fefbeb5b,9820,sao bernardo do campo,SP,Sao Paulo,Southeast,627.0,2,2,313.5
701938c450705b8ae65fc923b70f35c7,15014,s jose do rio preto,SP,Sao Paulo,Southeast,11983.28,112,75,159.78
f3862c2188522d89860c38a3ea8b550d,14092,ribeirao preto,SP,Sao Paulo,Southeast,15.5,1,1,15.5
f5f1f2c5f923f36ad79ea1d07185ddc9,19820,taruma,SP,Sao Paulo,Southeast,1912.15,13,12,159.35
cf8ab1616079e2793aa29d524df01bb1,4088,sao paulo,SP,Sao Paulo,Southeast,14391.0,9,9,1599.0
160851d3ece7aa1a510f8d1a4bb8a8af,17400,garca,SP,Sao Paulo,Southeast,102.05,2,2,51.02
61c36f0fc4a47f9532e5512b66668e62,7043,guarulhos,SP,Sao Paulo,Southeast,750.0,1,1,750.0
59b22a78efb79a4797979612b885db36,38414,uberlandia,MG,Minas Gerais,Southeast,27184.5,133,125,217.48
553a440137d6e0cf776aee0bb83ac9f5,13481,limeira,SP,Sao Paulo,Southeast,144.8,2,2,72.4
ea8482cd71df3c1969d7b9473ff13abc,4160,sao paulo,SP,Sao Paulo,Southeast,37177.52,1203,1146,32.44
72bc2cce903c872fe376a8faaa81d237,4693,sao paulo,SP,Sao Paulo,Southeast,2149.2,18,17,126.42
65c255b299faf2d12050937cc219c46c,3060,sao paulo,SP,Sao Paulo,Southeast,88.2,2,2,44.1
f09e26011d833ddab11593c1a097a92a,13632,pirassununga,SP,Sao Paulo,Southeast,79.9,1,1,79.9
72c73be2b085b9d57650dd53eb2004c9,2116,sao paulo,SP,Sao Paulo,Southeast,29.4,1,1,29.4
c2bda99904207edd1834f03e0022b007,8280,sao paulo,SP,Sao Paulo,Southeast,79.8,2,2,39.9
3d4824f20035949c710eaf111f869d39,18015,sorocaba,SP,Sao Paulo,Southeast,1041.04,10,9,115.67
042573af89b6d931f672efaf789d8358,18015,sorocaba,SP,Sao Paulo,Southeast,413.48,3,3,137.83
5b925e1d006e9476d738aa200751b73b,4567,sao paulo,SP,Sao Paulo,Southeast,7748.5,63,63,122.99
06bb3a2fe5e7b7a845b13e8fb91bd944,31844,belo horizonte,MG,Minas Gerais,Southeast,1536.19,18,17,90.36
5f5a58930c3c35f3b5af264f34fb8c85,14020,ribeirao preto,SP,Sao Paulo,Southeast,560.0,3,3,186.67
fe2032dab1a61af8794248c8196565c9,13030,campinas,SP,Sao Paulo,Southeast,65959.61,306,294,224.35
3092c0b297aacfb4bb6e056ebe13b9b8,7402,aruja,SP,Sao Paulo,Southeast,1623.9,21,19,85.47
c004e5ea15737026cecaee0447e00b75,2035,sao paulo,SP,Sao Paulo,Southeast,4700.0,2,2,2350.0
8629a7efec1aab257e58cda559f03ba7,74223,goiania,GO,Goias,Central-West,45.22,1,1,45.22
1c56ffe0e9dea2657fc6e95b53f40b13,13575,sao carlos,SP,Sao Paulo,Southeast,183.0,3,3,61.0
74a9b9bddf14ece02beb81f52c41a88d,1156,sao paulo,SP,Sao Paulo,Southeast,95.0,2,2,47.5
1cbd32d00d01bb8087a5eb088612fd9c,3363,sp / sp,SP,Sao Paulo,Southeast,1045.47,12,11,95.04
850857dfac77488c307e2b1cbd84ab5a,85802,cascavel,PR,Parana,South,1599.0,1,1,1599.0
e0a366315b1b726b6c7832d664c0f530,2258,sao paulo,SP,Sao Paulo,Southeast,7400.09,51,43,172.1
4049512728d969bec69f84088b012416,30310,belo horizonte,MG,Minas Gerais,Southeast,389.84,9,7,55.69
120476eb7a04c149d14772edaf5d9bf2,23954,angra dos reis,RJ,Rio de Janeiro,Southeast,2368.8,6,4,592.2
cd6efc47efaabf134f8bdb654e10b4f1,23050,rio de janeiro,RJ,Rio de Janeiro,Southeast,4158.55,32,31,134.15
2a7c6c0b0d5efde2bf75ec1e1cec2d41,87015,maringa,PR,Parana,South,147.6,3,3,49.2
4e17c65a516f69d023a2ae78b84f28d6,8673,suzano,SP,Sao Paulo,Southeast,7639.26,74,61,125.23
a8739afb32aaa45e01815ca76f76f54b,9850,sao bernardo do campo,SP,Sao Paulo,Southeast,298.83,15,13,22.99
d4828feed4cda2cd9d6b37899a95a71e,63020,juzeiro do norte,CE,Ceara,Northeast,39.9,1,1,39.9
e3d3b3efac954a60d61be70b7e05b49b,3370,sao paulo,SP,Sao Paulo,Southeast,1282.05,3,3,427.35
d558ebe531605a1285ab2b1bc3256dfb,35501,divinopolis,MG,Minas Gerais,Southeast,709.0,3,3,236.33
c7a0a13cbcf29d5ce51c8f80afdc0b89,89170,laurentino,SC,Santa Catarina,South,483.08,9,8,60.38
33ac3e28642ab8bda860a2f693000e78,6717,cotia,SP,Sao Paulo,Southeast,3661.03,35,34,107.68
8936ba0de1073ee888cb3185ae5dc661,3372,sao paulo,SP,Sao Paulo,Southeast,389.99,1,1,389.99
18a349e75d307f4b4cc646a691ed4216,1319,sao paulo,SP,Sao Paulo,Southeast,8711.53,148,121,72.0
a72c2f59332659e361d647515c698798,95270,flores da cunha,RS,Rio Grande do Sul,South,802.9,6,5,160.58
b55638ad525e906c698fa2ce742c1742,88780,imbituba,SC,Santa Catarina,South,1094.8,12,11,99.53
be9a160a9011f627c3e121d076c1ec7b,89256,jaragua do sul,SC,Santa Catarina,South,2934.0,7,7,419.14
ed859002ad59dbf8cf3602696a6c3000,86035,londrina,PR,Parana,South,2421.7,13,7,345.96
12b9676b00f60f3b700e83af21824c0e,95780,montenegro,RS,Rio Grande do Sul,South,26774.0,135,135,198.33
ef2fbc2b607d8492bcffe657a4645434,20051,rio de janeiro,RJ,Rio de Janeiro,Southeast,970.8,22,20,48.54
a080fc8a850289b27500f6b49cca2553,3382,sao paulo,SP,Sao Paulo,Southeast,383.0,4,4,95.75
9c57bc60cfad5ee62d35d3f1ce4593a1,81200,curitiba,PR,Parana,South,180.0,1,1,180.0
9539213aa8e023c01937bef95dc006da,3673,sao paulo,SP,Sao Paulo,Southeast,229.1,9,9,25.46
69a43819c758c65a5befb0b471c954d7,86802,apucarana,PR,Parana,South,299.85,3,2,149.93
8fdca8e349553f99bc738833a62c8802,2189,sao paulo,SP,Sao Paulo,Southeast,989.34,29,22,44.97
0bb27263628258b8111a0262769fa9db,3077,sao paulo,SP,Sao Paulo,Southeast,22.2,1,1,22.2
08061dc0fc165ed41288cc7acde738ee,6036,osasco,SP,Sao Paulo,Southeast,123.80000000000001,4,4,30.95
4ebdc7e6cd6102a022dadc49156d4ea8,5030,sao paulo,SP,Sao Paulo,Southeast,928.6999999999999,32,29,32.02
f918546be4bec7104d117789ba758b2b,5634,sao paulo,SP,Sao Paulo,Southeast,1483.0,23,20,74.15
eb4a59a06b3948e851a7d7a830bcbc42,41820,salvador,BA,Bahia,Northeast,64.0,2,2,32.0
80146bc52c4f6af5239b23de2a20262b,6753,taboao da serra,SP,Sao Paulo,Southeast,27.1,2,1,27.1
4091f77d8c768fc3e81c20761471761d,3059,sao paulo,SP,Sao Paulo,Southeast,1079.0,8,8,134.88
0dfbed20065e425d2eaefb101f9816c0,13660,porto ferreira,SP,Sao Paulo,Southeast,84.35,3,3,28.12
26bad72add1f86e08a776ce4ffdaf1ca,14470,pedregulho,SP,Sao Paulo,Southeast,622.0,7,7,88.86
e174dc2de86d60fee178170a154c05e7,9210,santo andre,SP,Sao Paulo,Southeast,19.8,1,1,19.8
612170e34b97004b3ba37eae81836b4c,93542,novo hamburgo,RS,Rio Grande do Sul,South,23065.02,110,107,215.56
2a84855fd20af891be03bc5924d2b453,30111,belo horizonte,MG,Minas Gerais,Southeast,15819.1,168,164,96.46
cf2384dd2f1dddea3f838efed0945e65,13930,serra negra,SP,Sao Paulo,Southeast,2101.5,16,16,131.34
377bc18334c78dd2f1535ef22a3ad225,83015,sao jose dos pinhais,PR,Parana,South,135.98,1,1,135.98
439a47cc365d6e3bd526812ea9de3c29,8730,mogi das cruzes,SP,Sao Paulo,Southeast,1186.5,13,8,148.31
6ba4733aa33f6386e9fb0c0fd3993b38,95560,torres,RS,Rio Grande do Sul,South,149.79,3,3,49.93
4b39558c138930b9e5489c93b6df5fe3,49055,aracaju,SE,Sergipe,Northeast,1096.7,5,4,274.18
4b9750c8ad28220fe6702d4ecb7c898f,13484,limeira,SP,Sao Paulo,Southeast,15915.3,222,218,73.01
278b6e0b20c4f61fefaa0577943d7a35,88316,itajai,SC,Santa Catarina,South,1078.0,2,1,1078.0
ba8e85df286308fe68a2ce83a8f8b2d6,88135,santa catarina,SC,Santa Catarina,South,80.9,1,1,80.9
2059c39f76271d4ca3f15b5ffaccc8b8,81930,curitiba,PR,Parana,South,604.9,12,12,50.41
5a05a16bb50629ee31afab8a6d4c2674,95076,caxias do sul,RS,Rio Grande do Sul,South,794.3,15,14,56.74
edb65fe661681b1c0de8bd47c8655855,8111,sao paulo,SP,Sao Paulo,Southeast,69.0,1,1,69.0
8cbac7e12637ed9cffa18c7875207478,89254,jaragua do sul,SC,Santa Catarina,South,2990.98,82,67,44.64
fdb9095204a334cd8872252ffec6f2db,3331,sao paulo,SP,Sao Paulo,Southeast,8156.0,61,46,177.3
0cab2da43793a6f3c5ed8514c5f54627,80060,curitiba,PR,Parana,South,309.70000000000005,3,3,103.23
5b97c06a046398e7005b2b7c0d707a92,38770,joao pinheiro,MG,Minas Gerais,Southeast,1519.96,4,4,379.99
aae3bfea055532c57fb453ed3ec80b30,9271,santo andre,SP,Sao Paulo,Southeast,3057.92,50,48,63.71
866558b3bccef2dbc6d29a2b5995016f,86706,arapongas,PR,Parana,South,1519.3999999999999,6,5,303.88
cb5df0dcb9e280b1780e9d589889f2c7,15115,bady bassitt,SP,Sao Paulo,Southeast,2934.7200000000003,19,16,183.42
9bcdfa7b615b3abb9461d9e3ad9886ae,89053,blumenau,SC,Santa Catarina,South,2126.07,20,14,151.86
271c58a1d139c45eaf3316107c6d3a3b,3632,sao paulo,SP,Sao Paulo,Southeast,3897.52,29,29,134.4
2dee2ce60de9709b1a24083217181a1f,78552,sinop,MT,Mato Grosso,Central-West,7784.5,55,54,144.16
a154d7316f158bb42e6fa18bbe3afd3a,3804,sao paulo,SP,Sao Paulo,Southeast,139.8,2,2,69.9
f84fa566034f5e8e880a07ec624c56af,13330,indaiatuba,SP,Sao Paulo,Southeast,5093.79,102,91,55.98
4c1c7281388a33dd06daac44f9fadbd1,17510,marilia,SP,Sao Paulo,Southeast,188.32,5,5,37.66
2063dd1b9f568df1c16741ea7d3e6adb,85065,guarapuava,PR,Parana,South,763.1,3,3,254.37
9cea4682e16655f7da87f406902e989e,83707,araucaria,PR,Parana,South,87.75999999999999,9,4,21.94
b1ac6ea7895bc3dd6f0f6f4abbdd2821,92030,canoas,RS,Rio Grande do Sul,South,3139.0,41,40,78.47
851773c885feb5e2da3b4f82bc2b17ce,18683,lencois paulista,SP,Sao Paulo,Southeast,585.3,10,10,58.53
0ff83046c3fa22efee8ecf291888b191,95110,caxias do sul,RS,Rio Grande do Sul,South,768.9000000000001,11,10,76.89
2b2fed75b8e5ea3a052fc4c0825da485,36015,juiz de fora,MG,Minas Gerais,Southeast,510.9,4,3,170.3
9f50216bfd01913736a55a11b55ea842,12020,taubate,SP,Sao Paulo,Southeast,1354.0,19,17,79.65
2d518637f53161b973e01f56ea4bb88e,2992,sao paulo,SP,Sao Paulo,Southeast,1219.8899999999999,13,13,93.84
aafe36600ce604f205b86b5084d3d767,88115,sao jose,SC,Santa Catarina,South,9251.4,131,129,71.72
efff9341f3f8f5237b44ff67ed36a7bf,29090,vitoria,ES,Espirito Santo,Southeast,872.99,5,5,174.6
a7d0f8dd44f57ef6de7f7f02e3d82630,3225,sao paulo,SP,Sao Paulo,Southeast,73.78999999999999,2,2,36.89
5b07547f10dd980738a1a27f685af669,7013,guarulhos,SP,Sao Paulo,Southeast,1134.6000000000001,14,13,87.28
a99504ac23ed125aaf5302af6cc30af9,14300,batatais,SP,Sao Paulo,Southeast,978.0,1,1,978.0
5882820ef11c4c068eea0677a7a879b4,95082,caxias do sul,RS,Rio Grande do Sul,South,9925.5,14,14,708.96
7357b52d27cbaa90f81a96cbc1279396,33400,lagoa santa,MG,Minas Gerais,Southeast,1328.02,12,12,110.67
180c3376aff0e43dd5788709df48a843,9911,sao paulo,SP,Sao Paulo,Southeast,4513.0,10,5,902.6
b4b447d715f9ab302a188fb43d3e96b3,4711,sao paulo,SP,Sao Paulo,Southeast,685.9300000000001,5,5,137.19
5e25c632f9db6cfb8bc100421c2737b6,89801,chapeco,SC,Santa Catarina,South,259.0,1,1,259.0
f4c4daa86e30c7e5a553a8d518ac03a5,85801,cascavel,PR,Parana,South,6301.91,20,20,315.1
398cb257329ef7af7f1943a8974a3cbc,40285,salvador,BA,Bahia,Northeast,145.9,1,1,145.9
4003520d80d0bad1d5623f7aa3c63cda,20520,rio de janeiro,RJ,Rio de Janeiro,Southeast,70.0,1,1,70.0
3289d8c3eef4873f91ce0b1343c0dd58,11701,praia grande,SP,Sao Paulo,Southeast,199.99,1,1,199.99
b0f2a6122a90a93eb03e68653dd960e3,80710,curitiba,PR,Parana,South,1620.3,7,6,270.05
6c1b6d0c604b776f844125f911eb7377,5051,sao paulo,SP,Sao Paulo,Southeast,443.06,5,5,88.61
c4af86330efa7a2620772227d2d670c9,8840,mogi das cruzes,SP,Sao Paulo,Southeast,5396.0,4,4,1349.0
a888faf2d1baececa6baf9c3d603ee1f,87502,umuarama,PR,Parana,South,17765.8,55,54,329.0
681fce914360217db47784ae28905a96,83709,araucaria,PR,Parana,South,4127.33,24,23,179.45
31be790e64fc99f8ff48ec2bd18a3104,9690,sao bernardo do campo,SP,Sao Paulo,Southeast,241.39999999999998,6,6,40.23
7b3447b497e55af8c15fc7bd89d7b81a,8225,sao paulo,SP,Sao Paulo,Southeast,49.9,1,1,49.9
e560e4022d8f7aebf155db95946c5c0f,31110,belo horizonte,MG,Minas Gerais,Southeast,780.0,2,2,390.0
2f9b7ce230a057a98a9f5df5893ee36c,6460,barueri,SP,Sao Paulo,Southeast,141.82,2,2,70.91
41b39e28db005d9731d9d485a83b4c38,9220,santo andre,SP,Sao Paulo,Southeast,17112.55,231,195,87.76
809413606dbfe5deefd2db646693ef67,4602,sao paulo,SP,Sao Paulo,Southeast,196.68,5,3,65.56
609e1a9a6c2539919b8205cf7c4e6ff0,88359,brusque,SC,Santa Catarina,South,6595.23,130,87,75.81
c3e2398fcc7e581cda2e546557bf6968,4781,sao paulo,SP,Sao Paulo,Southeast,14.9,1,1,14.9
740205fedfe4e90ca6857bc77db0f2b4,95055,caxias do sul,SP,Sao Paulo,Southeast,229.9,1,1,229.9
c79151301b9d90985d1fa52879213105,87083,maringa,PR,Parana,South,322.3,8,4,80.58
3e46a38ee171c503c3b4a3f23fe3bf0c,18040,sorocaba,SP,Sao Paulo,Southeast,59.9,1,1,59.9
3d4b1ae7539303b5704493798893e82c,3244,sao paulo,SP,Sao Paulo,Southeast,1076.0,9,6,179.33
bdf0d02d36a1d839d0c39c4a887cdd49,16200,birigui,SP,Sao Paulo,Southeast,120.0,7,5,24.0
65a7c0788e4d632ccb5e1b594b87f0bb,5782,sao paulo,SP,Sao Paulo,Southeast,266.7,9,3,88.9
d7f1cfc638473be93baedbfd02208016,26112,belford roxo,RJ,Rio de Janeiro,Southeast,30.0,1,1,30.0
001cca7ae9ae17fb1caed9dfb1094831,29156,cariacica,ES,Espirito Santo,Southeast,25080.03,239,200,125.4
7f35f9daf223da737b78738fbae4d977,13272,valinhos,SP,Sao Paulo,Southeast,252.0,5,5,50.4
2eb70248d66e0e3ef83659f71b244378,13101,campinas,SP,Sao Paulo,Southeast,42628.61,212,202,211.03
6061155addc1e54b4cfb51c1c2a32ad8,13043,campinas,SP,Sao Paulo,Southeast,15633.4,33,28,558.34
8b87cd0d43d49b9bdf40f56229364d59,4111,sao paulo,SP,Sao Paulo,Southeast,1552.9,5,5,310.58
52a50b42accf164f9f019941e5759d9b,13820,monte alegre do sul,SP,Sao Paulo,Southeast,139.96,4,4,34.99
c6bda72e4dbf5c5866b13cb1810c6d03,3087,sao paulo,SP,Sao Paulo,Southeast,14059.380000000001,59,59,238.29
270572bb714b00531be85e16e1550f26,9370,maua,SP,Sao Paulo,Southeast,96.99,1,1,96.99
16bdc8cefd0e32a6f0824d296c5ad14a,12903,sp,SP,Sao Paulo,Southeast,41.76,1,1,41.76
4a82c4af97ffc0fb2dc26bfdc03b1842,35590,lagoa da prata,MG,Minas Gerais,Southeast,143.7,3,3,47.9
3985a3c45be355a4c57fde108bfabd1c,95690,rolante,RS,Rio Grande do Sul,South,344.2,8,7,49.17
07e8e8fc5222bb358e6f259da3197074,4216,sao paulo,SP,Sao Paulo,Southeast,51.8,2,2,25.9
cd06602b43d8800bd0afad514919d35c,4119,sao paulo,SP,Sao Paulo,Southeast,2588.07,53,44,58.82
8f0fbe2cd4d472157dc1cdef6edecaa9,2755,sao paulo,SP,Sao Paulo,Southeast,71.88,2,2,35.94
f44b6f775a2b390380e0e30b5c9d3eee,3057,sao paulo,SP,Sao Paulo,Southeast,2930.0,10,10,293.0
365e4bce19bda0082c3d15d83fdb8bcd,9570,sao caetano do sul,SP,Sao Paulo,Southeast,796.4,7,6,132.73
2e0dba2da448400b1c11d7b4b22f32a4,9070,santo andre,SP,Sao Paulo,Southeast,235.87,13,7,33.7
e882b2a25a10b9c057cc49695f222c19,25963,teresopolis,RJ,Rio de Janeiro,Southeast,51057.54,58,57,895.75
734def04b237117a09321dd6d8f3f2a2,13604,araras,SP,Sao Paulo,Southeast,1252.43,2,2,626.22
28c7d8743fbc8679f484868cc0fcaefb,18480,itaporanga,SP,Sao Paulo,Southeast,201.5,3,3,67.17
9baf5cb77970f539089d09a38bcec5c3,13330,indaiatuba,SP,Sao Paulo,Southeast,6129.67,33,32,191.55
e3dd723429d1b23614b7fa85e2c7a853,9810,sao bernardo do campo,SP,Sao Paulo,Southeast,471.05,8,7,67.29
f4a04f7be452aa3bb31760bf00055dd0,9010,santo andre,SP,Sao Paulo,Southeast,1312.1,18,18,72.89
dbc22125167c298ef99da25668e1011f,37564,borda da mata,MG,Minas Gerais,Southeast,33776.78,429,406,83.19
bc302730ea8cf49b5c74f579febb5bbf,13015,campinas,SP,Sao Paulo,Southeast,2640.9,11,11,240.08
e64ddbe1cbcf4f2fc3092b7c481f3f9d,3513,sao paulo,SP,Sao Paulo,Southeast,20.9,1,1,20.9
56e361f411e38dcef17cdc2a3d99628b,7113,guarulhos,SP,Sao Paulo,Southeast,1298.0,10,5,259.6
048c2757535328e0d7dac690ad3c0aae,14406,franca,SP,Sao Paulo,Southeast,9264.78,51,51,181.66
bdb3edbaee43a761e2d4f258dc08f348,18680,lencois paulista,SP,Sao Paulo,Southeast,259.5,5,5,51.9
b127efdabeffb5d559349c7b172eb75d,4308,sao paulo,SP,Sao Paulo,Southeast,308.5,10,10,30.85
951e8cef368f09bb3f3d03c00ca4702c,14940,ibitinga,SP,Sao Paulo,Southeast,4092.29,71,64,63.94
33d677f27a69b84051204ee4ae76eaca,89218,joinville,SC,Santa Catarina,South,165.0,10,9,18.33
b88e7c57cb2d8b973b7dd4a2bfa14b36,81350,curitiba,PR,Parana,South,353.9,4,4,88.48
1967a9e2ad6f51802b093147d861df58,1209,sao paulo,SP,Sao Paulo,Southeast,380.0,2,2,190.0
9da15f4a4ea758d9eeb49000dbe57e22,6290,osasco,SP,Sao Paulo,Southeast,196.9,1,1,196.9
d91fb3b7d041e83b64a00a3edfb37e4f,11704,praia grande,SP,Sao Paulo,Southeast,40889.74,536,535,76.43
749e7cdabbaf72f16677859e27874ba5,7122,guarulhos,SP,Sao Paulo,Southeast,41.9,1,1,41.9
3d5d0dc7073a299e31fa718ce1bc00b6,22785,rio de janeiro,RJ,Rio de Janeiro,Southeast,790.7,24,23,34.38
688756f717c462a206ad854c5027a64a,7094,guarulhos,SP,Sao Paulo,Southeast,5966.54,101,83,71.89
56a8b450e802502ba53a9885ee38e29f,9895,sao bernardo do campo,SP,Sao Paulo,Southeast,62.45,1,1,62.45
9b00ed88b7fdb95d6ff76e27c1b52d16,8215,sao paulo,SP,Sao Paulo,Southeast,1627.88,51,47,34.64
4be6b962d83299498bae2190f95d6566,13561,sao carlos,SP,Sao Paulo,Southeast,508.8,12,11,46.25
c13fb473e7cb8b83ccd543c094df0608,5319,sao paulo,SP,Sao Paulo,Southeast,54.8,2,2,27.4
17998cf586426bf0f2c3726cb0a4b211,30710,belo horizonte,MG,Minas Gerais,Southeast,69.8,2,2,34.9
c88f62b4c386a59281014d677864d016,86707,arapongas,PR,Parana,South,1099.0,1,1,1099.0
c864036feaab8c1659f65ea4faebe1da,83605,campo largo,PR,Parana,South,10454.2,58,58,180.24
8d899e15a5925f097cca50faa49b15e3,18131,sao roque,SP,Sao Paulo,Southeast,645.0,10,4,161.25
79565f7d5603b24ddf07ade262547f2f,14804,araraquara,SP,Sao Paulo,Southeast,385.0,8,8,48.12
ba143b05f0110f0dc71ad71b4466ce92,2274,sao paulo,SP,Sao Paulo,Southeast,6110.58,86,85,71.89
4e0d109ccfba9a1151c103049880c857,25550,sao joao de meriti,RJ,Rio de Janeiro,Southeast,279.89,2,2,139.94
89dda63a3c907c468ec88c310ed91213,9380,maua/sao paulo,SP,Sao Paulo,Southeast,734.99,2,2,367.5
c522be04e020c1e7b79f3acff36513d5,6501,santana de parnaiba,SP,Sao Paulo,Southeast,739.9300000000001,7,7,105.7
5f5b43b2bffa8656e4bc6efeb13cc649,4880,sao paulo,SP,Sao Paulo,Southeast,3677.2,29,27,136.19
87f3e35268860433e13d577825aada95,12955,bom jesus dos perdoes,SP,Sao Paulo,Southeast,161.7,3,3,53.9
c5e60e39c0f42b8e827daa13cff74afa,3449,sao paulo,SP,Sao Paulo,Southeast,134.0,8,6,22.33
bca9230d3bbb4efa51872bf605a2f1ad,4296,sao paulo,SP,Sao Paulo,Southeast,117.57,5,5,23.51
4bc3d93e4a5f88a598d3d8ce4ae510b3,4564,sao paulo,SP,Sao Paulo,Southeast,169.0,1,1,169.0
6e864f5c4669eff3d98140a07cc50202,5639,sao paulo,SP,Sao Paulo,Southeast,740.59,13,13,56.97
7bcd7c5f8631701474db233ccf1c094b,2047,sao paulo,SP,Sao Paulo,Southeast,666.0,11,11,60.55
8b2d4ab22f42c5cfc338b846decfda60,83820,fazenda rio grande,PR,Parana,South,458.0,9,6,76.33
d9bd94811c3338dceb4181f3dbc0c73e,4186,sao paulo,SP,Sao Paulo,Southeast,6911.02,61,54,127.98
e70053bf73d1b5863932e53a9fa47496,5059,sao paulo,SP,Sao Paulo,Southeast,4025.0,7,7,575.0
dbd66278cbfe1aa1000f90a217ca4695,5588,sao paulo,SP,Sao Paulo,Southeast,4928.9,99,85,57.99
e7d5b006eb624f13074497221eb37807,9291,santo andre,SP,Sao Paulo,Southeast,3478.93,63,28,124.25
6c9875b2f94ba781186f0c1aed8d1687,17380,brotas,SP,Sao Paulo,Southeast,25.0,4,2,12.5
d63f306de130e0391d38a792541723b8,3236,sao paulo,SP,Sao Paulo,Southeast,49.0,1,1,49.0
2f74af7a0ee5636f12c2336f9fffed47,2376,sao paulo,SP,Sao Paulo,Southeast,560.6999999999999,13,13,43.13
c7fdb77fdbff3c41981bc52f787e959e,9111,santo andre,SP,Sao Paulo,Southeast,696.32,12,10,69.63
04fdea0c111866e6cf812f1570d6b5bd,8411,sao paulo,SP,Sao Paulo,Southeast,1055.0,10,10,105.5
63b464dbf392c7b80d12d932fa7cafed,2034,sao paulo,SP,Sao Paulo,Southeast,6781.0,39,37,183.27
747c1cdcd1737dcfbd1547f6eb6f2cf3,14940,ibitinga,SP,Sao Paulo,Southeast,193.1,2,2,96.55
2b402d5dc42554061f8ea98d1916f148,44900,irece,BA,Bahia,Northeast,299.89,1,1,299.89
9c068d10aca38e85c50202e17b4a7e88,79400,coxim,MS,Mato Grosso do Sul,Central-West,2658.9,17,17,156.41
7c67e1448b00f6e969d365cea6b010ab,8577,itaquaquecetuba,SP,Sao Paulo,Southeast,187923.89,1364,982,191.37
9ef932e837d8b7f392c0bfee9d359dc2,14940,ibitinga,SP,Sao Paulo,Southeast,59.9,1,1,59.9
d8bf0fc082fd4a77fc2e5679b6c00133,3184,sao paulo,SP,Sao Paulo,Southeast,139.9,1,1,139.9
66dc1b1632bd6a3e508510c5b3492107,17210,jau,SP,Sao Paulo,Southeast,3721.39,42,37,100.58
a7ecf689b40a44361e259b28939023e4,29102,vila velha,ES,Espirito Santo,Southeast,389.0,1,1,389.0
939e6227d6964a11a70aa91243e418f2,36408,conselheiro lafaiete,MG,Minas Gerais,Southeast,425.0,4,4,106.25
db1f0f7c7e5e87f40b62226f020bb297,83322,pinhais,PR,Parana,South,59.01,3,3,19.67
91f0eec23d4a61d7d7caeefa3f0ad1ca,88704,tubarao,SC,Santa Catarina,South,2190.8,11,11,199.16
edf3fabebcc20f7463cc9c53da932ea8,8320,sao paulo,SP,Sao Paulo,Southeast,219.9,1,1,219.9
b335c59ab742f751a85db9c411a86739,38442,araguari,MG,Minas Gerais,Southeast,2873.34,35,33,87.07
c24173065483e421f9e5e7f599de101d,3548,sao paulo,SP,Sao Paulo,Southeast,373.91,9,9,41.55
01fdefa7697d26ad920e9e0346d4bd1b,86050,londrina,PR,Parana,South,14921.43,131,129,115.67
d9e8c084b68fe958861d8f2c21202e6b,5528,sao paulo,SP,Sao Paulo,Southeast,3050.0,12,9,338.89
466222e777149751370e7e98fb623b0c,20931,rio de janeiro,RJ,Rio de Janeiro,Southeast,87.9,1,1,87.9
43f8c9950d11ecd03a0304a49e010da6,6341,carapicuiba,SP,Sao Paulo,Southeast,4249.59,41,41,103.65
4450bd8327d471c4a11a83d1445b1b62,6714,cotia,SP,Sao Paulo,Southeast,199.0,1,1,199.0
257e61d3251fb5efb9daadddbc2cf7ca,86804,apucarana,PR,Parana,South,7729.0,12,12,644.08
5d76d80a2f5f39c891b996a1bf4c9853,5727,sao paulo,SP,Sao Paulo,Southeast,1238.5,6,6,206.42
e5def42655b7490edac5a56fe8e9e603,13900,amparo,SP,Sao Paulo,Southeast,129.9,1,1,129.9
091065b789659bc3cd9af9cb3a6253ff,92120,canoas,RS,Rio Grande do Sul,South,1359.0,2,2,679.5
c74f14c1e26cf1bd5bd34b6a1e274426,89900,sao miguel do oeste,SC,Santa Catarina,South,39.0,1,1,39.0
c26a2be5b53b7db6b276280da212a779,28630,nova friburgo,RJ,Rio de Janeiro,Southeast,7482.0,18,13,575.54
cfa5ab0e4d3fc212fd0b3410e7081c62,36500,uba,MG,Minas Gerais,Southeast,6180.8,21,16,386.3
19d62d484cba71963c93f0f00ab42013,89114,gaspar,SC,Santa Catarina,South,139.9,1,1,139.9
6750d71153f00fc58829af2a8ef1bcf1,28800,rio bonito,RJ,Rio de Janeiro,Southeast,3514.0,6,6,585.67
c60b801f2d52c7f7f91de00870882a75,7174,guarulhos,SP,Sao Paulo,Southeast,12913.5,41,41,314.96
b57e8460909fa137df7951b4a3b5ea84,90640,porto alegre,RS,Rio Grande do Sul,South,198.0,2,1,198.0
eeb6de78f79159600292e314a77cbd18,88501,lages,SC,Santa Catarina,South,43739.84,84,83,526.99
abe021b01ba992245271b9aa422032df,80420,curitiba,PR,Parana,South,6720.0,2,2,3360.0
5305693ffae2d3463377b1f6fe67b15a,16300,penapolis,SP,Sao Paulo,Southeast,93.56,1,1,93.56
f049a72cf58fd31b11f8919cade515e7,1023,sao paulo,SP,Sao Paulo,Southeast,138.75,4,3,46.25
e51f22821f0c12a16ad5c020cdcd55e9,6341,carapicuiba,SP,Sao Paulo,Southeast,898.71,4,4,224.68
a2a41aedb70551d4a85aa04dc2fced48,4447,sao paulo,SP,Sao Paulo,Southeast,52.79,2,2,26.4
4bf2f4ee540798a61f9636d12cd9cc80,19814,assis,SP,Sao Paulo,Southeast,4995.56,30,29,172.26
c0e0b73d039eb9a99b6ce4cb7a429cd3,89170,laurentino,SC,Santa Catarina,South,29.88,1,1,29.88
19484c79cef6c062cb177aa4ef2fcc3c,13275,valinhos,SP,Sao Paulo,Southeast,201.9,1,1,201.9
25e6ffe976bd75618accfe16cefcbd0d,5503,sao paulo,SP,Sao Paulo,Southeast,11691.61,117,108,108.26
9dda5bbacd45e18d6485fee649205d09,37540,santa rita do sapucai,MG,Minas Gerais,Southeast,1912.6000000000001,22,19,100.66
2528744c5ef5d955adc318720a94d2e7,13202,jundiai,SP,Sao Paulo,Southeast,6245.0,5,5,1249.0
b8d890108a7a80e4f5d59eea9f362438,81110,curitiba,PR,Parana,South,89.69999999999999,3,2,44.85
2c9005d8043aff18b8557ffb7b13cda4,29304,cachoeiro de itapemirim,ES,Espirito Santo,Southeast,109.9,1,1,109.9
062c325cd6a2b87845fab56b4ec2eeae,8150,sao paulo,SP,Sao Paulo,Southeast,133.22,2,2,66.61
1d8dbc4f32378d715c717c1c1fc57bae,86706,arapongas,PR,Parana,South,11315.89,98,92,123.0
fc906263ca5083d09dce42fe02247800,31030,belo horizonte,MG,Minas Gerais,Southeast,4497.7,119,114,39.45
1d2732ef8321502ee8488e8bed1ab8cd,20031,rio de janeiro,RJ,Rio de Janeiro,Southeast,1148.0,5,4,287.0
626ab1cd96932367f0eeec2e47046c12,5048,sao paulo,SP,Sao Paulo,Southeast,1310.0,3,3,436.67
a70e9066dbfd10b6b97a3f54a1356762,86975,mandaguari,PR,Parana,South,1716.0,4,2,858.0
ce69a8021d18961dd2a40269b7c2c293,81070,curitiba,PR,Parana,South,4818.0,19,19,253.58
9596c870880d900012f2e8e6e30d06d7,37074,varginha,MG,Minas Gerais,Southeast,8606.25,24,22,391.19
4b98b0428fc1932cc2514ef9ce2505e6,6795,taboao da serra,SP,Sao Paulo,Southeast,327.63,2,2,163.82
1da366cade6d8276e7d8beea7af5d4bf,36500,uba,MG,Minas Gerais,Southeast,6917.589999999999,49,43,160.87
a3082f442524a1be452e3189e003b361,81560,curitiba,SP,Sao Paulo,Southeast,301.6,4,3,100.53
a56a8043ebf66e42119618fb8cf232c6,89219,joinville,SC,Santa Catarina,South,83.0,1,1,83.0
184725737946a1a938bbbd1a9e978103,9370,maua,SP,Sao Paulo,Southeast,359.70000000000005,3,3,119.9
3820c6537b3853be1a0687d5a60807ec,6717,cotia,SP,Sao Paulo,Southeast,25.0,1,1,25.0
244b04680fdbded0acf5aebd9c92b44a,13211,jundiai,SP,Sao Paulo,Southeast,3477.7000000000003,3,3,1159.23
e96498ed8daaa3e9c23f7a62da76591c,5373,sao paulo,SP,Sao Paulo,Southeast,9619.09,34,34,282.91
5741dc2bf5044c34d0698681c5081bed,12226,sao jose dos campos,SP,Sao Paulo,Southeast,89.69999999999999,3,3,29.9
ad781527c93d00d89a11eecd9dcad7c1,15015,sao jose do rio preto,SP,Sao Paulo,Southeast,6899.570000000001,44,44,156.81
b5e3e38609125694d2ea2417522a60b7,88020,florianopolis,SC,Santa Catarina,South,995.04,17,16,62.19
bacb1f0ed56ad24198f5810d2b3fe9a5,12328,jacarei,SP,Sao Paulo,Southeast,6940.45,42,42,165.25
980640c45d7a4635885491d077167e4d,13501,rio claro,SP,Sao Paulo,Southeast,1004.29,14,14,71.74
ae45ad30c2d2e5913094769690a239d2,14405,franca,SP,Sao Paulo,Southeast,251.8,2,1,251.8
2cb98e27ce1c18abdb42209b34c382a7,14085,ribeirao preto,SP,Sao Paulo,Southeast,62.49,1,1,62.49
2156f2671501a81034d7d07f217609d0,4776,sp,SP,Sao Paulo,Southeast,2981.5,22,22,135.52
de0c78824586e9a5f5f04fd84e25df39,6730,vargem grande paulista,SP,Sao Paulo,Southeast,2489.3,16,14,177.81
128639473a139ac0f3e5f5ade55873a5,87050,maringa,PR,Parana,South,11908.849999999999,560,533,22.34
0791d9fc1e30678ecf03d3e55fa108d3,30775,belo horizonte,MG,Minas Gerais,Southeast,842.0,11,5,168.4
7a241947449cc45dbfda4f9d0798d9d0,37590,jacutinga,MG,Minas Gerais,Southeast,8027.63,72,62,129.48
cfd7ddab722b902f7ac5b5f3ba6d723d,32372,contagem,MG,Minas Gerais,Southeast,3385.0299999999997,13,12,282.09
0e72c1a751b496722a6cb1f10653b62a,6280,sao paulo,SP,Sao Paulo,Southeast,140.8,3,3,46.93
7e1fb0a3ebfb01ffb3a7dae98bf3238d,14403,franca,SP,Sao Paulo,Southeast,27349.53,174,159,172.01
376a891762bbdecbc02b4b6adec3fdda,74323,goiania,GO,Goias,Central-West,6406.23,58,57,112.39
90b36c5aeb728d5504a39f435bef0c5f,13835,conchal,SP,Sao Paulo,Southeast,207.85999999999999,7,5,41.57
e76ecc7e9a1a1e3c6df9d2a8261c423d,30140,belo horizonte,MG,Minas Gerais,Southeast,20.0,1,1,20.0
1dfe5347016252a7884b694d4f10f5c4,14940,ibitinga,SP,Sao Paulo,Southeast,1693.5,27,21,80.64
528bcf6680c36dddf07620bd35b33a6f,3178,sao paulo,SP,Sao Paulo,Southeast,969.98,2,2,484.99
f114dca2828bf718548db175ebe2cfcd,86192,cambe,PR,Parana,South,139.0,1,1,139.0
33dd941c27854f7625b968cc6195a552,29107,vila velha,ES,Espirito Santo,Southeast,6787.5,5,5,1357.5
579891617139df7d8671d373f0669622,20061,rio de janeiro,RJ,Rio de Janeiro,Southeast,280.3,8,8,35.04
48985c61529077fa4f1e38bcff0f2ed3,90020,porto alegre,RS,Rio Grande do Sul,South,879.3000000000001,7,7,125.61
25c5c91f63607446a97b143d2d535d31,35680,itauna,MG,Minas Gerais,Southeast,54679.22,269,158,346.07
f205b1a3ca9a34e0f8a228bae6e4c7b3,94965,cachoeirinha,RS,Rio Grande do Sul,South,1088.0,8,8,136.0
d2374cbcbb3ca4ab1086534108cc3ab7,14940,ibitinga,SP,Sao Paulo,Southeast,21223.92,631,524,40.5
ef728fa1f17436c91ed1ccd03dcf9631,17201,jau,SP,Sao Paulo,Southeast,128.7,4,3,42.9
1eade46fba20122dc4aefb379f8c636b,2066,sao paulo,SP,Sao Paulo,Southeast,3635.37,75,58,62.68
b9de031b671cd48b28fae9d828cbf2b4,4283,sao paulo,SP,Sao Paulo,Southeast,155.32,1,1,155.32
6f835fd4be26989b1b064399da346143,81280,curitiba,PR,Parana,South,197.8,2,2,98.9
c9a06ece156bb057372c68718ec8909b,73020,brasilia,DF,Distrito Federal,Central-West,4688.9,14,14,334.92
6b2612338467c08c9b25f0cc55b1578d,86990,marialva,PR,Parana,South,92.9,1,1,92.9
40d54b51e962dbe09cabbcfd33298dee,9230,santo andre,SP,Sao Paulo,Southeast,6785.5599999999995,31,30,226.19
70c27847eca8195c983ed7e798c56743,20930,rio de janeiro,RJ,Rio de Janeiro,Southeast,12077.52,98,77,156.85
b98b715fe9e276204e2a3464f48cd796,3827,sao paulo,SP,Sao Paulo,Southeast,450.58000000000004,6,6,75.1
0b1ca3ef18a63d7eb0c8897fa0849c08,18131,sao roque,SP,Sao Paulo,Southeast,55.0,1,1,55.0
37ceb404da208418c9032f0674e57804,4615,sao paulo,SP,Sao Paulo,Southeast,204.93,3,1,204.93
05d2173d43ea568aa0540eba70d2ca76,37135,alfenas,MG,Minas Gerais,Southeast,5759.66,66,62,92.9
661ad5fcc28cdfb8bcadb12bb2272475,88330,balneario camboriu,SC,Santa Catarina,South,209.92999999999998,7,4,52.48
999f6d9a1c7c81f43be44c6b7d076210,5269,sao paulo,SP,Sao Paulo,Southeast,28.0,2,2,14.0
101a3a003516bc11253298b2fad3cb65,13503,rio claro,SP,Sao Paulo,Southeast,450.0,6,5,90.0
b839e41795b7f3ad94cc2014a52f6796,9541,sao caetano do sul,SP,Sao Paulo,Southeast,42829.0,36,33,1297.85
a20d8058c866dbaeca014d2cd20ac62e,12209,sao jose dos campos,SP,Sao Paulo,Southeast,1194.0,2,2,597.0
6824a69c9ea0313eba299dd4a2dba09a,35570,formiga,MG,Minas Gerais,Southeast,666.9,7,6,111.15
058cb5aeb36d7c0fcae20fc85d5e0a59,21635,rio de janeiro,RJ,Rio de Janeiro,Southeast,1328.0,13,12,110.67
48efc9d94a9834137efd9ea76b065a38,81130,curitiba,PR,Parana,South,345.6,34,33,10.47
218f991754f360af9c2daa5e0b8e990c,1123,sao paulo,SP,Sao Paulo,Southeast,3554.32,17,14,253.88
5dc4bdaf869e8c77c648078cbe8d59c2,88035,florianopolis,SC,Santa Catarina,South,292.99,1,1,292.99
9261d76c62caaf0b24677c2ceb7f8f20,88138,palhoca,SC,Santa Catarina,South,968.7,7,6,161.45
a3b0df0065e264a91b7bbf5f844af5cd,9721,sao bernardo do capo,SP,Sao Paulo,Southeast,186.69,2,2,93.34
37dd29b36c458d82f74a953c40c43645,13480,limeira,SP,Sao Paulo,Southeast,4536.99,8,7,648.14
077c5fae4bea9500e3737b16f71b9d3a,18052,sorocaba,SP,Sao Paulo,Southeast,106.80000000000001,6,4,26.7
0dd184061fb0eaa7ca37932c68ab91c5,7031,guarulhos,SP,Sao Paulo,Southeast,18446.92,193,161,114.58
5b35136197710e16ac5e7b7c2bd4ea85,22640,rio de janeiro,RJ,Rio de Janeiro,Southeast,3104.2000000000003,9,7,443.46
60562ab00b8054280520d390c8c0045c,4809,sao paulo,SP,Sao Paulo,Southeast,2943.0,17,17,173.12
1d29dfba02015238dfbe2449a5eaa361,36576,vicosa,MG,Minas Gerais,Southeast,612.8,12,12,51.07
ad273c9eb54ecb4532de4bf75bae9e4e,80420,curitiba,PR,Parana,South,645.0,11,10,64.5
7813ea3ebd9411dc600b4dd01f7a97b9,6018,osasco,SP,Sao Paulo,Southeast,1599.4,9,9,177.71
559d56f3b8f0bc2e5a9a62fe2ce2a39f,89220,joinville,SC,Santa Catarina,South,385.0,2,2,192.5
57df9869a600bd6b7c405f2a862eccfb,37540,santa rita do sapucai,MG,Minas Gerais,Southeast,125.0,5,5,25.0
777a0c55737f34ffeb78010f7542ab41,1541,sao paulo,SP,Sao Paulo,Southeast,452.5,6,6,75.42
2aa3443d7bf9d9bb11133f420d75e083,22713,rio de janeiro,RJ,Rio de Janeiro,Southeast,647.0,10,10,64.7
c3867b4666c7d76867627c2f7fb22e21,14580,guara,SP,Sao Paulo,Southeast,37153.4,259,245,151.65
0bae85eb84b9fb3bd773911e89288d54,88301,itajai,SP,Sao Paulo,Southeast,7482.21,146,137,54.61
35fb511489d9ee3ee27a76debce9df06,86061,londrina,PR,Parana,South,414.5,7,7,59.21
df91910b6a03bb2e3358fa6a35e32f6f,9560,sao paulo,SP,Sao Paulo,Southeast,2312.1,14,14,165.15
7e3dde9ffba72d5340f9aaf09b4424be,86185,cambe,PR,Parana,South,220.0,1,1,220.0
dbdd0ec73a4817971d962698f2fea022,60710,fortaleza,CE,Ceara,Northeast,6384.0,16,16,399.0
8ff38bc3969e67c36c48343a07090f66,8260,sao paulo,SP,Sao Paulo,Southeast,3472.0,8,2,1736.0
6e1862e15f33d9994bc25922a85e1efc,13505,rio claro,SP,Sao Paulo,Southeast,732.49,14,8,91.56
058fd0aa2bfdb2274e05e1ae971dabb6,9020,santo andre,SP,Sao Paulo,Southeast,7667.9,64,61,125.7
f615fe7efbef0f4f08fd3086bc7a3e60,12940,atibaia,SP,Sao Paulo,Southeast,2359.27,24,23,102.58
aa1eb17b9fdf6dfd546e25c45c7b9235,4794,sao paulo,SP,Sao Paulo,Southeast,117.99,4,3,39.33
07bf9669d84d1f11be443a9dd938f698,4761,sao paulo,SP,Sao Paulo,Southeast,1776.0,24,18,98.67
08633c14ef2db992c11f840f04fad4cd,9416,ribeirao pires,SP,Sao Paulo,Southeast,7644.3,97,74,103.3
b0398568231ba5e6734af1881671a317,29704,colatina,ES,Espirito Santo,Southeast,656.77,4,4,164.19
f419677537694f0462a91990df6ca44f,9750,sao bernardo do campo,SP,Sao Paulo,Southeast,220.5,6,6,36.75
e88c9b79e592e370d6bd852eeefbf057,85501,pato branco,PR,Parana,South,251.87,9,8,31.48
70bf57d811208f8923b41bbd499a67a4,7866,franco da rocha,SP,Sao Paulo,Southeast,780.8000000000001,7,7,111.54
8c0de775f52fe41590b376a3b7c50f68,13178,sumare,SP,Sao Paulo,Southeast,672.7,9,9,74.74
7a91bf945c6fae0779f1c61ce97fe45c,26562,mesquita,RJ,Rio de Janeiro,Southeast,799.5,5,5,159.9
6dc9bec584588412a6a338830946a3e4,3270,sao paulo,SP,Sao Paulo,Southeast,560.0,2,2,280.0
b19c48688808720822399ffa9f2dbe2f,4801,sao paulo,SP,Sao Paulo,Southeast,959.99,1,1,959.99
5b8154610ebb21fb90eb587365e673df,12246,sao jose dos campos,SP,Sao Paulo,Southeast,9397.54,41,38,247.3
bb2afe2061d53c6968aa0cffa233a8ec,4307,sao paulo,SP,Sao Paulo,Southeast,549.4,6,5,109.88
1cbdc7cf130a41fd13a3c2a7d2fcfda7,37480,lambari,MG,Minas Gerais,Southeast,165.8,2,2,82.9
fb89df7f89fd1b8f03fa2acca1ba7364,85853,foz do iguacu,PR,Parana,South,2220.0,25,22,100.91
b18871c324516afa228a13e8f1ef0ae9,4186,sao paulo,SP,Sao Paulo,Southeast,1064.6,23,9,118.29
17ca9b9e9b9ef8fdb529001b49ebb50f,32677,betim,MG,Minas Gerais,Southeast,9754.83,129,116,84.09
3f0e48d209018b466fcd3bb4ccfeb520,80215,curitiba,PR,Parana,South,5399.0,10,9,599.89
9add47bf45ce8e8c7db6b9cf670b1e09,83830,fazenda rio grande,PR,Parana,South,4829.24,45,43,112.31
acce39e832338debb07b02385cde5967,32110,contagem,MG,Minas Gerais,Southeast,4748.1,44,44,107.91
397c4d0c005b6f41f90098ac724e28cb,9182,santo andre,SP,Sao Paulo,Southeast,8177.0,5,5,1635.4
b2c97074649f92197d9387d9033dda5f,18604,botucatu,SP,Sao Paulo,Southeast,684.71,11,10,68.47
f262cbc1c910c83959f849465454ddd3,3564,sao paulo,SP,Sao Paulo,Southeast,10482.83,207,192,54.6
c113b8df1fc375bc3d73d29c1b1144d1,8021,sao paulo,SP,Sao Paulo,Southeast,333.0,5,3,111.0
bd65d163ded559eb90a10cd09fec178f,3526,sao paulo,SP,Sao Paulo,Southeast,19.8,2,1,19.8
720e6cf846ea7572cbb66b743fb91e6c,8717,mogi das cruzes / sp,SP,Sao Paulo,Southeast,54.0,1,1,54.0
8f580d36c1e9d6fbce95283403c7d447,14090,ribeirao preto,SP,Sao Paulo,Southeast,4813.25,8,8,601.66
be7a093e5b4d147b36b72bb1f9e415e5,85900,toledo,PR,Parana,South,60.9,1,1,60.9
cb4a705d00e100b9732d0ca34817d441,88032,florianopolis,SC,Santa Catarina,South,998.0,2,1,998.0
f266295f49a28eee21f413e0cbb0521d,84020,ponta grossa,PR,Parana,South,149.8,2,2,74.9
31eec405c9bb71dec8e2629a92e764fa,29300,cachoeiro de itapemirim,ES,Espirito Santo,Southeast,256.89,5,5,51.38
6235903333ba7de1928c869e268e5964,89650,treze tilias,SC,Santa Catarina,South,94.06,1,1,94.06
c360e4787614ed31ac7a2f95d3b22dc6,18681,lencois paulista,SP,Sao Paulo,Southeast,188.9,1,1,188.9
1e47d8b6546eb3a77b1acddcc9406242,13015,campinas,SP,Sao Paulo,Southeast,149.9,1,1,149.9
cf1313c6e2c01c2f4b014f97db4bcd2b,22050,rio de janeiro \rio de janeiro,RJ,Rio de Janeiro,Southeast,315.70000000000005,5,5,63.14
14ee35374a7876217954b5fa08e50463,15015,sao jose do rio preto,SP,Sao Paulo,Southeast,809.0,6,6,134.83
8fe8786ee000001ab51d030dfd4a7bf1,88490,paulo lopes,SC,Santa Catarina,South,2255.0,5,5,451.0
e72b4feb7abe210c52aa667abc25a3a2,3122,sao paulo,SP,Sao Paulo,Southeast,38.2,2,1,38.2
373ee4a3a775a733770ca3f790b8b9ac,22793,rio de janeiro,RJ,Rio de Janeiro,Southeast,2141.49,22,13,164.73
432c37c9dfba871172ec162e20118b8c,70235,brasilia,DF,Distrito Federal,Central-West,2968.87,57,46,64.54
daf565f087a52def0fd5c5825b3661bc,88350,brusque,SC,Santa Catarina,South,813.9000000000001,9,9,90.43
ea3ebea5317b0efbc663ecc8ce5e9bc2,88036,florianopolis,SC,Santa Catarina,South,299.70000000000005,3,3,99.9
1fe61aa5494bd3ae92a2c13e067c810f,89540,santa cecilia,SC,Santa Catarina,South,537.76,2,1,537.76
e9511df20ccd82658a30c37b7fb343af,17026,bauru,SP,Sao Paulo,Southeast,2096.6,30,22,95.3
4c8545742faaf58fafd5fd14d25d75cf,15603,fernandopolis,SP,Sao Paulo,Southeast,3020.0,4,4,755.0
27a56ff04b34c2ba34ce6ba4d3b9d616,13033,campinas,SP,Sao Paulo,Southeast,349.28999999999996,8,8,43.66
888faa8bfb0b159c37de6d898b961c31,88750,braco do norte,SC,Santa Catarina,South,2418.2999999999997,23,19,127.28
0aa2205ca24f113f4658a5c536667426,4281,sao paulo,SP,Sao Paulo,Southeast,815.62,11,4,203.9
432c67955c0acd1fd6b0b5d678766a71,5571,sao paulo,SP,Sao Paulo,Southeast,1151.0,3,3,383.67
d8c7ba53e7e38711eaef8c2849d6d2e1,87120,floresta,PR,Parana,South,1190.87,22,22,54.13
8a43128d7f9a3db592b866e6861a6cce,8080,sao paulo,SP,Sao Paulo,Southeast,990.5999999999999,4,3,330.2
7cb946b1ad19faebe28c3e86c2794ec3,35701,sete lagoas,MG,Minas Gerais,Southeast,25.0,1,1,25.0
6338ea67c41078a46ad99cc009654956,95170,farroupilha,RS,Rio Grande do Sul,South,2286.09,44,37,61.79
6c12e40690c335dbc2f68a4134d30dc1,84178,castro,PR,Parana,South,9139.2,18,16,571.2
65febd49fd28ec955651299159b1f527,3275,sao paulo,SP,Sao Paulo,Southeast,4319.7,40,35,123.42
9a84ba99f5367fdbd4598363496f1ea2,72801,luziania,GO,Goias,Central-West,2284.98,16,16,142.81
954e95f20808d7e5d11f0de292d078e0,35930,joao monlevade,MG,Minas Gerais,Southeast,158.78,4,3,52.93
fb503a924a0b9db19d83dd0ac6dbef8c,96020,pelotas,RS,Rio Grande do Sul,South,13.9,1,1,13.9
4ba52dfeba874da5b9ee7b17c7494f04,8790,mogi das cruzes,SP,Sao Paulo,Southeast,1463.0,11,11,133.0
5b581417df4480f632484ba681e53944,88050,florianopolis,SC,Santa Catarina,South,1790.6,13,12,149.22
d0d70d21e2234dd7cd3cf63fe414148a,58865,sao bento,PB,Paraiba,Northeast,598.4,9,8,74.8
c7c7b2682c648339a0e9846bb1023a39,12916,braganca paulista,SP,Sao Paulo,Southeast,168.0,3,2,84.0
06e5eefc71ec47ae763c5c6f8db7064f,91350,porto alegre,RS,Rio Grande do Sul,South,22188.56,95,92,241.18
28ea411b354f14b1a494be4e79f0ce02,5685,sao paulo,SP,Sao Paulo,Southeast,820.0,6,6,136.67
2a6fbeaa7ab9e5d59a35841a8da71ce4,89259,jaragua do sul,SC,Santa Catarina,South,1632.79,30,30,54.43
77fccaae319668a8ab6cd0fd16aec48c,28035,campos dos goytacazes,RJ,Rio de Janeiro,Southeast,1667.0,12,11,151.55
3fadb4cba4c35bce6a7eaf9872d5623a,95013,caxias do sul,RS,Rio Grande do Sul,South,209.5,5,3,69.83
1987cd4be10fe09ee50454f9c354d1c6,37570,ouro fino,MG,Minas Gerais,Southeast,2877.7,16,14,205.55
aae5e7b457a3c72ee230a47d98fceda5,83040,sao jose dos pinhas,PR,Parana,South,604.8,7,5,120.96
2d22fc3089eb907b29ebff50581fb472,27972,macae,RJ,Rio de Janeiro,Southeast,317.70000000000005,3,3,105.9
ff1fb4c404b2efe68b03350a8dc24122,8710,mogi das cruzes,SP,Sao Paulo,Southeast,6771.0,49,46,147.2
817f85dbb65aa3e70831d90fe75cdf89,18530,tiete,SP,Sao Paulo,Southeast,1552.27,11,11,141.12
2b5ed0c9139dae8883a200dfcb272ece,4087,sao paulo,SP,Sao Paulo,Southeast,85.41,4,4,21.35
86bf77bdb52e615674772d5817c6212f,94410,viamao,RS,Rio Grande do Sul,South,281.8,5,4,70.45
9b1585752613ec342d03bbab9997ec48,22745,rio de janeiro,RJ,Rio de Janeiro,Southeast,4248.98,3,3,1416.33
9b00cad94ef3078faf6fba2e792c158f,39442,janauba,MG,Minas Gerais,Southeast,354.9,1,1,354.9
6860153b69cc696d5dcfe1cdaaafcf62,13360,capivari,SP,Sao Paulo,Southeast,3827.63,84,74,51.72
903037660cf848a717166eb7a06d616e,5734,sao paulo,SP,Sao Paulo,Southeast,7991.51,60,45,177.59
f08c008c8a8d31417763738a1788a2a8,85875,santa terezinha de itaipu,PR,Parana,South,1291.72,23,22,58.71
bf3c6d2a28b2b5501e6c15448982dcc9,4180,sao paulo,SP,Sao Paulo,Southeast,3956.5,43,35,113.04
e99e927c81e3f51739c94fcdfca9f10f,38400,uberlandia,MG,Minas Gerais,Southeast,2702.83,25,22,122.86
49cdc90518a4f82676b38b3c1aa43ff6,3031,sao paulo,SP,Sao Paulo,Southeast,1539.5,5,5,307.9
066a6914e1ebf3ea95a216c73a986b91,85863,foz do iguacu,PR,Parana,South,9410.380000000001,74,68,138.39
3cfa1358a6caa965278721344c8d76f2,9831,sao bernardo do campo,SP,Sao Paulo,Southeast,3140.2799999999997,5,5,628.06
6d66611d7c44cc30ce351abc49a68421,4378,sao paulo,SP,Sao Paulo,Southeast,13593.4,176,166,81.89
e48cc16ab70bfa09e1401740dce0b3d7,16022,aracatuba,SP,Sao Paulo,Southeast,1084.83,17,14,77.49
da20530872245d6cd9d2f5725613c430,95650,igrejinha,RS,Rio Grande do Sul,South,314.96000000000004,3,2,157.48
3d8fa2f5b647373c8620330c4e077a9f,3031,sao paulo,SP,Sao Paulo,Southeast,3571.73,48,43,83.06
57d2ba47f7a3209aa347532ae75c1165,89287,sao bento do sul,SC,Santa Catarina,South,318.0,2,2,159.0
76d5af76d0271110f9af36c92573f765,3194,sao paulo,SP,Sao Paulo,Southeast,33461.6,159,131,255.43
729f06993dac8e860d4f02d7088ca48a,13481,limeira,SP,Sao Paulo,Southeast,20485.079999999998,115,96,213.39
9e9b539eb2806acee3f5c28085c1db9f,32315,contagem,MG,Minas Gerais,Southeast,967.0,3,3,322.33
fa18c782a4866d313cadab567097f8f1,31535,belo horizonte,MG,Minas Gerais,Southeast,58.99,1,1,58.99
b77a27b1864483e721dc831d5ba4afa0,25251,duque de caxias,RJ,Rio de Janeiro,Southeast,41.8,2,2,20.9
41c9d3997dd3c072c31139dc5bb5761f,38182,araxa,MG,Minas Gerais,Southeast,998.8,3,3,332.93
700f03c207639c22d933381ff60b35c2,14784,barretos,SP,Sao Paulo,Southeast,1189.8600000000001,4,4,297.47
762fafdaa57a532ee0119731697579dd,13311,itu,SP,Sao Paulo,Southeast,206.7,5,5,41.34
50770d25768b0486d89be26afca3108f,9271,santo andre,SP,Sao Paulo,Southeast,171.76999999999998,6,6,28.63
b3b17aab11f273023a5f22ca52e1eb70,86065,londrina,PR,Parana,South,6850.0,13,7,978.57
b19f3ca2ea475913750f25a5c37c8d8f,35501,divinopolis,MG,Minas Gerais,Southeast,6202.91,24,24,258.45
6179a28a13a726c29b3bf54c070dccab,37048,varginha,MG,Minas Gerais,Southeast,600.0,2,2,300.0
cc419e0650a3c5ba77189a1882b7556a,9015,santo andre,SP,Sao Paulo,Southeast,104288.42,1775,1706,61.13
0df3984f9dfb3d49ac6366acbd3bbb85,32604,betim,MG,Minas Gerais,Southeast,10021.49,89,87,115.19
7008613ea464bad5cb9b83456e1e6a8f,89460,canoinhas,SC,Santa Catarina,South,7777.0,156,127,61.24
7f152321c60a266edc53af1925ef96c1,88801,criciuma,SC,Santa Catarina,South,3919.8,20,20,195.99
c4fb51fb1c5b7c07bc5e67be6e7e8f6e,80060,curitiba,PR,Parana,South,1567.9,16,15,104.53
52ac6f920b7280e4c6d30dd94de6259b,83321,pinhais,PR,Parana,South,5657.3,7,6,942.88
7d7d2b7a51328016102d4528c411d630,14940,ibitinga,SP,Sao Paulo,Southeast,918.8,7,7,131.26
9e94fa26a70ede4d26226e918e8706a2,13570,sao carlos,SP,Sao Paulo,Southeast,62.8,1,1,62.8
eddd1991bd6d9309995a480c39b95137,84010,ponta grossa,PR,Parana,South,866.0,3,3,288.67
994f04b3718c2bab35c2adfa8afecd2a,13912,jaguariuna,SP,Sao Paulo,Southeast,3445.7,57,49,70.32
3f3486b61f45078d4f31ee5e43d8c5bb,3035,sao paulo,SP,Sao Paulo,Southeast,3829.73,40,40,95.74
5db42a6cd9bf1bf0d3aab9582767f168,29010,vitoria,ES,Espirito Santo,Southeast,200.0,1,1,200.0
a06c8ff043abea0528ee44171e2140a2,35501,divinopolis,MG,Minas Gerais,Southeast,514.5,8,8,64.31
6b3bd31ad8fcda4b2635ec9f3ff2ecdf,22775,rio de janeiro,RJ,Rio de Janeiro,Southeast,4198.9,43,36,116.64
977f9f63dd360c2a32ece2f93ad6d306,14910,tabatinga,SP,Sao Paulo,Southeast,2858.8700000000003,25,24,119.12
2c43fb513632d29b3b58df74816f1b06,30421,belo horizonte,MG,Minas Gerais,Southeast,858.0,3,3,286.0
910a922b426b7ff95eaee129ad6c0e1f,15025,sao jose do rio preto,SP,Sao Paulo,Southeast,119.8,2,2,59.9
d9442042130b7fe579d1295f9f4a248f,3550,sao paulo,SP,Sao Paulo,Southeast,772.16,22,19,40.64
da2782c804606d2a5d8e1760dbb3e7ec,2022,sao paulo,SP,Sao Paulo,Southeast,89.0,1,1,89.0
ce248b21cb2adc36282ede306b7660e5,89251,jaragua do sul,SC,Santa Catarina,South,15230.06,66,65,234.31
5b0cc932433fa5184b5b94bfe6bcc256,14940,ibitinga,SP,Sao Paulo,Southeast,1437.8,17,12,119.82
7ff588a03c2aeae4fbd23f9ae64b760d,7183,guarulhos,SP,Sao Paulo,Southeast,1182.2,16,14,84.44
08cdbae123ff67ca4e36d9d641ce0119,36504,uba,MG,Minas Gerais,Southeast,3098.99,6,4,774.75
77dcbb67ccb3659bd58eaf5661560a30,95900,lajeado,RS,Rio Grande do Sul,South,984.0,2,2,492.0
7ad32824caee82087b3e2e5f33b1bf32,14940,ibitinga,SP,Sao Paulo,Southeast,22505.1,184,151,149.04
de722cd6dad950a92b7d4f82673f8833,51250,recife,PE,Pernambuco,Northeast,55426.1,379,339,163.5
70849ca4f400aaabb62cb7462a6f1428,31210,belo horizonte,MG,Minas Gerais,Southeast,909.58,12,12,75.8
b16d3dadc47d4eb18be3d88bad0775ce,93608,estancia velha,RS,Rio Grande do Sul,South,722.1,11,10,72.21
5c3460cd3e8a984382ae254e7dd20d9f,15085,sao jose do rio preto,SP,Sao Paulo,Southeast,775.76,10,9,86.2
22c32ec35d0116ef02c281798a25bf8b,87043,maringa,PR,Parana,South,119.58,6,4,29.9
8d46553a36e68f95350a200c12f8f2e2,13056,campinas,SP,Sao Paulo,Southeast,746.6,16,13,57.43
45ba18c210d42734ec52c0c1c574e9ee,18130,sao roque,SP,Sao Paulo,Southeast,5589.13,41,38,147.08
10cdd491d1dbea8fb4ead97b19c334ce,37540,santa rita do sapucai,MG,Minas Gerais,Southeast,208.9,3,3,69.63
dc317f341ab0e22f39acbd9dbf9b4a1f,94910,cachoeirinha,RS,Rio Grande do Sul,South,18988.4,58,55,345.24
fe9d9cf8631285d5982c6e2cf27fb114,36200,barbacena/ minas gerais,MG,Minas Gerais,Southeast,69.9,1,1,69.9
d93844a9c55ba7ce353388bcf849ea56,82320,curitiba,PR,Parana,South,2708.5,14,12,225.71
52b53f7061969fe471d119b6195da864,88301,itajai,SP,Sao Paulo,Southeast,90.0,1,1,90.0
1b8356dabde1d35e17cef975c3f82730,3477,sao paulo,SP,Sao Paulo,Southeast,3426.39,61,56,61.19
43402bdf22aa2310e8f99e2f94f78628,9434,ribeirao pires,SP,Sao Paulo,Southeast,649.95,5,4,162.49
c4b911d06343b21dd906651f8101cb49,17560,vera cruz,SP,Sao Paulo,Southeast,90.98,2,2,45.49
f44bdc12aa39f5271f0b95f66cd4c289,12914,braganca paulista,SP,Sao Paulo,Southeast,357.5,7,5,71.5
9bf11dfc0bec77e5a23028043c3c5a8f,32140,contagem,MG,Minas Gerais,Southeast,115.0,1,1,115.0
13f57c12a00ed4610db646b913a7f5c6,11015,santos,SP,Sao Paulo,Southeast,645.2,13,7,92.17
54c04bdb5ec46762f8f08c7e8f86ed4a,88037,florianopolis,SC,Santa Catarina,South,3281.66,19,18,182.31
b5dd7151a92ccaaa282cbe9681a05f44,14020,ribeirao preto,SP,Sao Paulo,Southeast,85.0,1,1,85.0
447d377bdb757058acb569025ee18a93,99500,carazinho,RS,Rio Grande do Sul,South,64.99,1,1,64.99
52562a9f449c3dc3d53f5f5b9ed74903,59152,parnamirim,RN,Rio Grande do Norte,Northeast,3266.6,14,14,233.33
2a73cba571d90c694b7caca072ccf6ce,9560,sao caetano do sul,SP,Sao Paulo,Southeast,342.78,2,1,342.78
3d2400ac620cffa23ac81bd192f7f555,9810,sao bernardo do campo,SP,Sao Paulo,Southeast,105.0,1,1,105.0
968268a686aa05d1f529fb07dff08130,1530,sao paulo,SP,Sao Paulo,Southeast,4677.29,12,12,389.77
7c462184585ae80bd6e5774c62ce50f2,13086,campinas,SP,Sao Paulo,Southeast,60.0,2,1,60.0
3ea00e1dea2b0659dbaf654735929220,80020,curitiba,PR,Parana,South,505.0,7,7,72.14
54965bbe3e4f07ae045b90b0b8541f52,85851,foz do iguacu,PR,Parana,South,10961.300000000001,86,78,140.53
4965a7002cca77301c82d3f91b82e1a9,18074,sorocaba,SP,Sao Paulo,Southeast,8.49,1,1,8.49
2d8cfba3fcd3170555941605edaa196a,6080,osasco,SP,Sao Paulo,Southeast,45.0,1,1,45.0
6039e27294dc75811c0d8a39069f52c0,6162,osasco,SP,Sao Paulo,Southeast,13670.7,75,64,213.6
b45d7ebfb7378630f1bcd74b6ff86ff7,30285,belo horizonte,MG,Minas Gerais,Southeast,1007.5,5,5,201.5
e2a1ac9bf33e5549a2a4f834e70df2f8,1210,sao paulo,SP,Sao Paulo,Southeast,14999.449999999999,5,5,2999.89
bc07d855eac23aab5ac8a120f21d16b2,8710,mogi das cruzes,SP,Sao Paulo,Southeast,1283.1100000000001,13,12,106.93
3492e68f37fd1df87f4f2f2ea247f445,13322,salto,SP,Sao Paulo,Southeast,787.86,9,8,98.48
93bef6edaa84956e8e575016449b6351,3568,sao paulo,SP,Sao Paulo,Southeast,115.0,1,1,115.0
05ff92fedb5be47920fea08e501238b9,98803,santo angelo,RS,Rio Grande do Sul,South,21992.78,62,59,372.76
68f86ba270525243e68ae74044f992b9,21941,rio de janeiro,RJ,Rio de Janeiro,Southeast,876.5,12,11,79.68
aeb36d67f1414f234d42a29e27cf1f17,9060,santo andre,SP,Sao Paulo,Southeast,3263.8,4,4,815.95
916c9de0b5ad957346eeeb12f332687e,80240,curitiba,PR,Parana,South,5480.25,28,23,238.27
c68fb906c8f4b4b946d8386bfa6e5467,14870,jaboticabal,SP,Sao Paulo,Southeast,4541.16,48,45,100.91
53d00c40e32aeb924a84ce72b1af869d,14940,ibitinga,SP,Sao Paulo,Southeast,2165.85,17,17,127.4
93dc87703c046b603023e75222018b45,30315,belo horizonte,MG,Minas Gerais,Southeast,8517.35,36,35,243.35
10076e5788b8ee532724bcd460baf762,14315,batatais,SP,Sao Paulo,Southeast,821.48,26,23,35.72
804287717b9156fb7a787acd9af4fac1,87030,maringa,PR,Parana,South,18.8,1,1,18.8
4dc646b9b9e8e411ef48ba000ea3ac6f,13272,valinhos,SP,Sao Paulo,Southeast,289.7,5,4,72.42
e9c6969d40e6a3d2d0f90013165c2b98,3448,sao paulo,SP,Sao Paulo,Southeast,5239.98,10,10,524.0
bd0a1b0aadca9a83d9304f7e8ff5fbd5,1212,sao paulo,SP,Sao Paulo,Southeast,150.6,4,4,37.65
340636a908b13bbe0f4fb63fbe1d0c03,12240,sao jose dos campos,SP,Sao Paulo,Southeast,823.2,6,5,164.64
cf654707ed6a99f112c7ec3d6f314b8b,4615,sao paulo,SP,Sao Paulo,Southeast,756.0,4,3,252.0
01c97ebb5cdac52891c0ed1c37ba0012,15804,catanduva,SP,Sao Paulo,Southeast,577.5,12,9,64.17
f0b47fbbc6dee9aafe415a6e33051b3f,9360,maua,SP,Sao Paulo,Southeast,3795.91,86,68,55.82
bd149ed516d4c5d418d5781f8e18919f,7241,guarulhos,SP,Sao Paulo,Southeast,414.0,9,8,51.75
3dbbce181edfaa4a597ec858c382d2ec,82515,curitiba,PR,Parana,South,848.3,20,17,49.9
06532f10282704ef4c69168b914b77be,87140,paincandu,PR,Parana,South,10220.5,9,8,1277.56
1127b7f2594683f2510f1c2c834a486b,13087,campinas,SP,Sao Paulo,Southeast,6851.33,132,114,60.1
cd52a8efd71af3336b14b5039b951cc1,88136,palhoca,SP,Sao Paulo,Southeast,170.8,3,3,56.93
79ed755314cfe6df0daef2c6cd3022cd,13503,rio claro,SP,Sao Paulo,Southeast,3907.5,25,23,169.89
2c9e548be18521d1c43cde1c582c6de8,8752,mogi das cruzes,SP,Sao Paulo,Southeast,6109.44,174,126,48.49
bc47d5d1490df2b36add65d733eafaba,9163,santo andre,SP,Sao Paulo,Southeast,1004.8,25,24,41.87
7caa63f175b1cecbfaadd8b5ab9998c7,2750,sao paulo,SP,Sao Paulo,Southeast,39.8,2,2,19.9
de66a66f2dd06bb9ec37aa96987466a3,20910,rio de janeiro,RJ,Rio de Janeiro,Southeast,353.32,8,7,50.47
fec6275253471ace26d209bbaa64cd0f,28605,nova friburgo,RJ,Rio de Janeiro,Southeast,2840.0,10,9,315.56
c31eff8334d6b3047ed34bebd4d62c36,13322,salto,SP,Sao Paulo,Southeast,13191.5,123,122,108.13
c87abc38c8ed3240861729e1aeadf221,5713,sao paulo,SP,Sao Paulo,Southeast,133.0,1,1,133.0
07a9bc7f61396b658ddf3ac534efe44c,2925,sao paulo,SP,Sao Paulo,Southeast,119.9,1,1,119.9
822166ed1e47908f7cfb49946d03c726,25803,tres rios,RJ,Rio de Janeiro,Southeast,3714.83,108,69,53.84
a45314082d50d578a4721c9787ce09ab,15130,mirassol,SP,Sao Paulo,Southeast,424.9,2,2,212.45
98e164d549402270247f3c96a1a158ef,5083,sao paulo,SP,Sao Paulo,Southeast,162.7,2,2,81.35
59bbc819b99a733f02f0d6b49d1c253d,13043,campinas,SP,Sao Paulo,Southeast,139.8,2,2,69.9
2e3be8a987a30d7544dbbda6861cc14e,30620,belo horizonte,MG,Minas Gerais,Southeast,4430.84,19,18,246.16
b6c6854d4d92a5f6f46be8869da3fa1a,1042,sao paulo,SP,Sao Paulo,Southeast,69.9,1,1,69.9
f1b93673502375d491780bb49d615dbc,12228,sao jose dos campos,SP,Sao Paulo,Southeast,2638.9300000000003,10,8,329.87
bbd3acfe6de99892e73940d3fdceaf68,9111,santo andre,SP,Sao Paulo,Southeast,69.0,2,2,34.5
b3f19518fcec265b2e97af287725f981,15170,tanabi,SP,Sao Paulo,Southeast,486.91,9,9,54.1
b2ba3715d723d245138f291a6fe42594,3470,sao paulo,SP,Sao Paulo,Southeast,51676.88,363,337,153.34
b410bdd36d5db7a65dcd42b7ead933b8,74645,goiania,GO,Goias,Central-West,7726.9,44,44,175.61
31344c16881c08a8a72c6d2eb29918c1,36500,uba,MG,Minas Gerais,Southeast,9615.7,43,43,223.62
4e42581f08e8cfc7c090f930bac4552a,13660,portoferreira,SP,Sao Paulo,Southeast,336.0,4,3,112.0
9a208dee8f95cfdf00760c4d627828ec,26125,belford roxo,RJ,Rio de Janeiro,Southeast,269.9,1,1,269.9
d58d521f3789def2e7a22715e0badd93,3643,sao paulo,SP,Sao Paulo,Southeast,65.98,2,2,32.99
0aea4c6ae1505b3228ddf3dd7822ee5b,18080,sorocaba,SP,Sao Paulo,Southeast,1427.91,8,8,178.49
b3809b8d4394588a47c8470ea331e135,4810,sao paulo,SP,Sao Paulo,Southeast,89.0,1,1,89.0
fcb5ace8bcc92f75707dc0f01a27d269,7032,guarulhos,SP,Sao Paulo,Southeast,8318.63,73,62,134.17
6a0cbc8af2e8abd1bdfb777943d174c6,14312,batatais,SP,Sao Paulo,Southeast,3894.05,35,35,111.26
1b0b0f4f95e962d6f32fe90c759d0479,2737,sao paulo,SP,Sao Paulo,Southeast,139.8,2,2,69.9
70126eecc6aa1274392a1743866e9678,6449,barueri,SP,Sao Paulo,Southeast,97.39999999999999,3,3,32.47
cb0b3bcf14e0a709df412a99424a59d7,4255,sao paulo,SP,Sao Paulo,Southeast,460.0,2,2,230.0
8931a84a914b3fe9b1ddaa4d704947ca,8410,sao paulo,SP,Sao Paulo,Southeast,4668.3,32,29,160.98
7681ef142fd2c19048da7430856b5588,7074,guarulhos,SP,Sao Paulo,Southeast,31941.81,77,59,541.39
3771c85bac139d2344864ede5d9341e3,18087,sorocaba,SP,Sao Paulo,Southeast,1433.3,30,26,55.13
7ddcbb64b5bc1ef36ca8c151f6ec77df,4403,sao paulo,SP,Sao Paulo,Southeast,55578.57,343,334,166.4
02b72cdeb9cfcc429f1af6f4e3f3b737,14940,ibitinga,SP,Sao Paulo,Southeast,522.65,4,4,130.66
3481aa57cd91f9f9d3fa1fa12d9a3bf7,13360,capivari,SP,Sao Paulo,Southeast,1773.03,25,25,70.92
a218df5c097b0ca409cfaac1488cc7f6,14806,araraquara,SP,Sao Paulo,Southeast,130.69,4,4,32.67
bd0389da23d89b726abf911cccc54596,71691,brasilia,DF,Distrito Federal,Central-West,7472.16,90,87,85.89
af3ef48d0e13835e529c29ac573c63e5,14802,araraquara,SP,Sao Paulo,Southeast,1405.63,21,21,66.93
855668e0971d4dfd7bef1b6a4133b41b,13257,itatiba,SP,Sao Paulo,Southeast,32208.16,327,312,103.23
77e4abfd739aed9c46480f90f81c0eb4,70767,brasilia,DF,Distrito Federal,Central-West,3736.99,18,18,207.61
bac44fa8e13424950488659b5f765c41,4534,sao paulo,SP,Sao Paulo,Southeast,19.9,1,1,19.9
863d2ebcd347ce4922de7a0f9a5581d6,21041,rio de janeiro,RJ,Rio de Janeiro,Southeast,1382.36,19,18,76.8
1c68394e931a64f90ea236c5ea590300,87114,sarandi,PR,Parana,South,24832.75,171,142,174.88
95b293867b5862941c9cd74f756a3c68,8223,sao paulo,SP,Sao Paulo,Southeast,648.1,9,9,72.01
e62b2d6ac10570a035a30bafcf01d263,5767,sao paulo,SP,Sao Paulo,Southeast,5340.39,71,62,86.14
f63d8f293af3a6454377546bd9dd19ff,18110,votorantim,SP,Sao Paulo,Southeast,1751.82,28,17,103.05
7a425d299613df3e613bcf9d2eaf5c49,22790,rio de janeiro,RJ,Rio de Janeiro,Southeast,1218.8,18,18,67.71
6bb0724edf0b62fb91ac404873a97241,6700,cotia,SP,Sao Paulo,Southeast,3653.0,18,17,214.88
112453736dbe3889cfb74e1aaa0ba0c1,3520,sao paulo,SP,Sao Paulo,Southeast,1890.0,14,7,270.0
f593898ec748b7a8cb81fc04edafd98a,13920,pedreira,SP,Sao Paulo,Southeast,2813.04,23,20,140.65
96f7c797de9ca20efbe14545bed63eec,14140,cravinhos,SP,Sao Paulo,Southeast,138.60000000000002,3,1,138.6
77530e9772f57a62c906e1c21538ab82,80310,curitiba,PR,Parana,South,46610.4,389,320,145.66
297d5eccd19fa9a83b2630071ff105e4,80710,curitiba,PR,Parana,South,834.97,8,8,104.37
191d55f7edb8524d525ed01b20fe32e8,73020,brasilia,DF,Distrito Federal,Central-West,747.0,3,3,249.0
ff69aa92bb6b1bf9b8b7a51c2ed9cf8b,8140,sao paulo,SP,Sao Paulo,Southeast,21940.8,20,20,1097.04
5733d806668f8712c24b9abaefbfa642,89803,chapeco,SP,Sao Paulo,Southeast,243.8,2,2,121.9
65b081a070633e057c462abdd6fb9dd8,75650,morrinhos,GO,Goias,Central-West,1885.09,20,19,99.22
edf96ef93ed595084bbcbd9224bd2894,1545,sao paulo,SP,Sao Paulo,Southeast,3757.0,28,25,150.28
6a8b085f816a1f75f92dbac6eb545f8f,14709,bebedouro,SP,Sao Paulo,Southeast,6018.97,135,127,47.39
f3295428338a40977a03f555246a70f4,29032,vitoria,ES,Espirito Santo,Southeast,644.98,7,7,92.14
75fbb52eda0cbc24f479d3b2fbfa8d3e,74560,goiania,GO,Goias,Central-West,1130.99,43,40,28.27
e5d4b2b0c3bca22085f7a19a28de0c42,89201,joinville,SC,Santa Catarina,South,205.8,4,4,51.45
6187a137b2af59dfdbad8d9f8c373c14,6268,osasco,SP,Sao Paulo,Southeast,74.8,2,2,37.4
062ce95fa2ad4dfaedfc79260130565f,95913,lajeado,RS,Rio Grande do Sul,South,7521.0,60,55,136.75
c200c73f9d7e5a08ca439d6a0803da7c,83507,almirante tamandare,PR,Parana,South,40.0,2,1,40.0
2ee0a0689f2f6a72f35a7cb6033f6e7e,19025,presidente prudente,SP,Sao Paulo,Southeast,272.0,4,4,68.0
a08692680c77d30a0b4280da5df01c5a,4719,sao paulo,SP,Sao Paulo,Southeast,2433.0,17,6,405.5
dd533b429f380718b70ad9922c294bae,14781,barretos,SP,Sao Paulo,Southeast,2819.77,45,41,68.77
582d4f8675b945722eda7c0cb61ba4c7,11250,bertioga,SP,Sao Paulo,Southeast,4702.96,71,59,79.71
74636e24f01da9268b0ed88dacd8513e,2941,sao paulo,SP,Sao Paulo,Southeast,776.0,4,4,194.0
09bad886111255c5b5030314fc7f1a4a,1022,sao paulo,SP,Sao Paulo,Southeast,487.5,5,5,97.5
94144541854e298c2d976cb893b81343,94451,viamao,RS,Rio Grande do Sul,South,17286.28,76,68,254.21
bf84056e679dbe9c69929847a40e338f,2537,sao paulo,SP,Sao Paulo,Southeast,2024.04,40,36,56.22
21c62b998a043ebe31161d38f84929fc,60110,fortaleza,CE,Ceara,Northeast,750.49,4,4,187.62
02d35243ea2e497335cd0f076b45675d,59077,natal,RN,Rio Grande do Norte,Northeast,5794.0,16,14,413.86
1c129092bf23f28a5930387c980c0dfc,2972,sao paulo,SP,Sao Paulo,Southeast,9553.619999999999,220,201,47.53
a1040efe9ff4a6f93c28b0499eada8f5,13210,jundiai,SP,Sao Paulo,Southeast,1658.83,1,1,1658.83
2d9e8987a2ea5cf88dce330249043ff1,15155,jaci,SP,Sao Paulo,Southeast,239.8,2,2,119.9
fdf736c18c589ed030e058312203e1b2,37704,pocos de caldas,MG,Minas Gerais,Southeast,30.0,1,1,30.0
e433f5fd4050e3352b5d83522b7fe24b,86702,arapongas,PR,Parana,South,548.06,1,1,548.06
b01c2b7b8599b325103ebcddc67413e1,95800,venancio aires,RS,Rio Grande do Sul,South,169.45,4,4,42.36
bb5d956dece964a06c12bceb66b923ae,20930,rio de janeiro,RJ,Rio de Janeiro,Southeast,1278.36,2,2,639.18
3afc536624bc2e65bddfb5db33cc01f3,30150,belo horizonte,MG,Minas Gerais,Southeast,312.0,6,6,52.0
8090490573c6c0aa343a7231ebcb8c86,4130,sao paulo - sp,SP,Sao Paulo,Southeast,3871.1200000000003,26,26,148.89
26d6bbee02420494d471c9f6436929c0,81530,curitiba,PR,Parana,South,434.51,13,12,36.21
602044f2c16190c2c6e45eb35c2e21cb,14940,ibitinga,SP,Sao Paulo,Southeast,3739.16,57,50,74.78
b347677812ea483b0f528eaf8cbc09b7,82540,curitiba,PR,Parana,South,7288.99,21,21,347.09
d94ba08b99bedd6a5f6c875ecc4a6fac,86800,apucarana,PR,Parana,South,599.0,10,9,66.56
880ce4951cf857ab1d9e0b75c1d856f4,31255,belo horizont,MG,Minas Gerais,Southeast,178.9,1,1,178.9
b499c00f28f4b7069ff6550af8c1348a,13481,limeira,SP,Sao Paulo,Southeast,10327.130000000001,187,152,67.94
7a2d2949aea47fab95fd98d6c9f618b1,81350,curitiba,PR,Parana,South,1638.99,12,11,149.0
fad44952713764836814be105382aee5,21340,rio de janeiro,RJ,Rio de Janeiro,Southeast,5129.0,32,32,160.28
f1ed6bd0a9b11b581f16c851c6a5a527,90240,porto alegre,RS,Rio Grande do Sul,South,1622.77,18,17,95.46
624f4ece8da4aafb77699233d480f8ef,5138,sao paulo,SP,Sao Paulo,Southeast,9205.0,55,53,173.68
95e03ca3d4146e4011985981aeb959b9,21210,rio de janeiro,RJ,Rio de Janeiro,Southeast,11009.960000000001,193,175,62.91
1771297ac436903d1dd6b0e9279aa505,7025,guarulhos,SP,Sao Paulo,Southeast,2881.27,36,28,102.9
1d503743d2526f03f0c2c89540ee008c,1035,sao paulo,SP,Sao Paulo,Southeast,516.04,17,12,43.0
fc5a0d7a310a7a41abf86a458585ff2b,3655,sao paulo,SP,Sao Paulo,Southeast,162.8,2,2,81.4
e1bed63d68ac36fe1f3061befe196af5,13848,mogi guacu,SP,Sao Paulo,Southeast,199.0,1,1,199.0
73da1880b39c71de2b262bc7720c1494,13560,sao carlos,SP,Sao Paulo,Southeast,398.0,2,2,199.0
df560393f3a51e74553ab94004ba5c87,87900,loanda,PR,Parana,South,3661.1800000000003,29,28,130.76
253f95b3a0e6983ae18aed49fbc2b845,4141,sao paulo,SP,Sao Paulo,Southeast,799.5,5,5,159.9
834f3294fba9f932f56edc879193f925,14808,araraquara,SP,Sao Paulo,Southeast,39907.5,66,66,604.66
6c177e38df6d3f34182b1f1d427231bf,80430,curitiba,PR,Parana,South,8341.89,56,55,151.67
08d0949a9a17c027262db1f3c450c26c,85804,cascavel,PR,Parana,South,324.8,12,12,27.07
11fb6f6d341adbe19e81733701704635,4133,sao paulo,SP,Sao Paulo,Southeast,1197.0,3,3,399.0
04843805947f0fc584fc1969b6e50fe7,93900,ivoti,RS,Rio Grande do Sul,South,1400.0,2,1,1400.0
e3b4998c7a498169dc7bce44e6bb6277,3635,sao paulo,SP,Sao Paulo,Southeast,6897.9,3,3,2299.3
a37c340b91cb0169e8b029db6440fba2,4424,sao paulo,SP,Sao Paulo,Southeast,345.0,5,5,69.0
e628d4a53c109f09ca88098338b3a3f5,30170,belo horizonte,MG,Minas Gerais,Southeast,285.0,1,1,285.0
381c83fdca332ea6afd896da20bf6e4a,80010,curitiba,PR,Parana,South,7355.8,46,46,159.91
6fd52c528dcb38be2eea044946b811f8,8180,sao paulo,SP,Sao Paulo,Southeast,7743.0199999999995,84,67,115.57
189ca3538ce9f920cacf0f982cbe223b,3589,sao paulo,SP,Sao Paulo,Southeast,419.0,5,4,104.75
20cb7c2fde3e5bf10f0bbe7394e1c6a9,86385,andira-pr,PR,Parana,South,861.9,51,32,26.93
7e79d65b5c6f1f544b7daea036acf720,9572,sao caetano do sul,SP,Sao Paulo,Southeast,517.8,4,4,129.45
fd435faa3c0422b60440ea3480d0e77c,58073,joao pessoa,PB,Paraiba,Northeast,749.0,1,1,749.0
6bef34c5be6f2bbd70aa5165f6df94b1,89120,timbo,SC,Santa Catarina,South,1198.0,2,2,599.0
ae9690c6e8fee182c28c9ff8e11ca52c,4361,sao paulo,SP,Sao Paulo,Southeast,47.4,1,1,47.4
f7720c4fa8e3aba4546301ab80ea1f1b,81350,curitiba,PR,Parana,South,2083.45,78,60,34.72
5bba18b40e8c973b0f32e748004775b0,15840,itajobi,SP,Sao Paulo,Southeast,739.98,1,1,739.98
7b7f91e98f8c6def45a1407923304402,6154,osasco,SP,Sao Paulo,Southeast,417.47,14,11,37.95
4c2b230173bb36f9b240f2b8ac11786e,3933,sao paulo,SP,Sao Paulo,Southeast,14592.27,346,261,55.91
a23266650e7c84bb93fbbba502137478,90220,porto alegre,RS,Rio Grande do Sul,South,1512.4,16,11,137.49
d2df77822373f19934e87694d8640767,86706,arapongas,PR,Parana,South,155.9,2,2,77.95
8fbd63429be6d3e5e6d1a709b6464802,9130,santo andre,SP,Sao Paulo,Southeast,1061.4,8,6,176.9
ac6417315ae5da8f9a38ee11de6f7780,7400,aruja,SP,Sao Paulo,Southeast,788.9,8,8,98.61
81336a0f57a33776419727a300249e90,13560,sao carlos,SP,Sao Paulo,Southeast,1374.8500000000001,19,16,85.93
02f623a8eb246f3c5f7c2f96462654e6,18611,botucatu,SP,Sao Paulo,Southeast,6378.0,44,44,144.95
56db5c0782e8f7ddc9343f9576ff6d16,88132,palhoca,SC,Santa Catarina,South,734.8,2,2,367.4
29fe9f200d3fa0c668d2aa1ec7e08dfb,88330,balneario camboriu,SC,Santa Catarina,South,400.0,5,5,80.0
271b8923c6a549e02d3c9fd1f8c0422b,11704,praia grande,SP,Sao Paulo,Southeast,105.19,1,1,105.19
4e06067cc08b3f41d837768d392c3ee3,32604,betim,MG,Minas Gerais,Southeast,941.72,46,31,30.38
ec933281fb017b5020d06df29c3f77e8,3820,sao paulo,SP,Sao Paulo,Southeast,1432.0,8,8,179.0
49e7217cfe4e427191c378ec626d8737,35570,formiga,MG,Minas Gerais,Southeast,3002.7,14,13,230.98
34f563c82a85b99ae9e6d60db5fc2e28,93700,campo bom,RS,Rio Grande do Sul,South,2332.3,8,8,291.54
4ddeb3e828550cddc8d45c8bc36ab2d1,1131,sao paulo,SP,Sao Paulo,Southeast,152.0,1,1,152.0
90d4125885ab6c86e8820a722be71974,6780,taboao da serra,SP,Sao Paulo,Southeast,1299.5500000000002,5,3,433.18
3a734b715d333a2588a3d54a0c9b8746,6132,osasco,SP,Sao Paulo,Southeast,2463.52,24,18,136.86
f5b84683a9bf9e1df748cf40f601b39c,1127,sao paulo,SP,Sao Paulo,Southeast,83.9,1,1,83.9
392e0502231ae2f8b29994ef6398cd77,18760,cerqueira cesar,SP,Sao Paulo,Southeast,1871.7,20,20,93.58
5d0363b33554b373851fc1622e4d5f3c,12952,atibaia,SP,Sao Paulo,Southeast,6610.79,95,94,70.33
6e85dc5ecd97a61094b89b046a509d8e,15845,marapoama,SP,Sao Paulo,Southeast,169.9,1,1,169.9
417a1e6c7321084d2a0ae0d023cfad93,95885,imigrante,RS,Rio Grande do Sul,South,48.9,1,1,48.9
013900e863eace745d3ec7614cab5b1a,80740,curitiba,PR,Parana,South,1619.7,26,23,70.42
c157bdeedcbc9a8e3c8bf0d87ff24428,18120,mairinque,SP,Sao Paulo,Southeast,514.27,10,7,73.47
fa3a0b5aabb344b9a92e3524b0202123,83020,sao jose dos pinhais,SP,Sao Paulo,Southeast,1789.0,7,7,255.57
88cf19ec1fc2c58f161aee259d57142c,13570,sao carlos,SP,Sao Paulo,Southeast,1372.97,14,14,98.07
c13ef0cfbe42f190780f621ce81f2234,1207,sao paulo sp,SP,Sao Paulo,Southeast,390.0,1,1,390.0
fc908879b9ca1bd65419e54e50432d38,4558,sao paulo,SP,Sao Paulo,Southeast,119.19999999999999,4,4,29.8
c679fb69a36e1d8349e8c50a217b4d58,95020,caxias do sul,RS,Rio Grande do Sul,South,1825.68,17,14,130.41
17a053fcb14bd219540cbde0df490be0,13843,mogi guacu,SP,Sao Paulo,Southeast,40703.14,149,125,325.63
2d34636518ba88f5349b732fcf8ba2e4,1039,sao paulo,SP,Sao Paulo,Southeast,150.0,1,1,150.0
d79e8478eed9999493990b44955fb22e,20081,rio de janeiro / rio de janeiro,RJ,Rio de Janeiro,Southeast,721.89,5,5,144.38
458d868c9642f55f18f04e951a3fdde6,90670,porto alegre,RS,Rio Grande do Sul,South,2718.0,2,2,1359.0
41b14765bd56c8ad10971074380f9c0c,9070,santo andre,SP,Sao Paulo,Southeast,395.5,10,8,49.44
e439f7176d763f92de325271111b2fd5,89219,joinville,SC,Santa Catarina,South,1348.4,7,7,192.63
7f2617c58d5d06806987308b45654351,4571,sao paulo,SP,Sao Paulo,Southeast,3656.8,23,22,166.22
cac63f48c38cd7d002a7e846dcd99a23,13170,sumare,SP,Sao Paulo,Southeast,874.0,10,10,87.4
04ee0ec01589969663ba5967c0e0bdc0,95910,lajeado,RS,Rio Grande do Sul,South,289.49,1,1,289.49
f00e21b1e91a79653163b7fd8f293ff1,37795,andradas,SP,Sao Paulo,Southeast,3900.09,31,31,125.81
9140ef75cc8211c4035935e80e567204,87015,maringa,PR,Parana,South,49.9,1,1,49.9
79a679c36c08d606b3fd47ead9de109b,2611,sao paulo,SP,Sao Paulo,Southeast,935.0,7,3,311.67
cc5a78bbad32776dc4e3af205218368c,35501,divinopolis,MG,Minas Gerais,Southeast,4269.18,38,33,129.37
6eeed17989b0ae47c9f11ece6f38ea90,4123,sao paulo,SP,Sao Paulo,Southeast,557.0,3,3,185.67
b5f0712d22a873b6797ab6cc65c3fcba,2316,sao paulo,SP,Sao Paulo,Southeast,12.99,1,1,12.99
3f9c56764fabca627406093dcb3ef0b4,22745,rio de janeiro,RJ,Rio de Janeiro,Southeast,909.3000000000001,7,7,129.9
efb628aa07c8ca93d7db0d85b91a4f5a,26230,nova iguacu,RJ,Rio de Janeiro,Southeast,204.0,1,1,204.0
4e922959ae960d389249c378d1c939f5,12327,jacarei,SP,Sao Paulo,Southeast,46030.37,454,420,109.6
47648caee88ccfe951fbb27fbf7b4cbe,9931,diadema,SP,Sao Paulo,Southeast,1564.99,3,3,521.66
ca4b77513ac2040591b0d8fae6958380,9190,sando andre,SP,Sao Paulo,Southeast,1772.45,15,14,126.6
7957cac1a02f45d0a4a7e45626382ec2,80320,curitiba,PR,Parana,South,343.0,1,1,343.0
4cc4fd4fdd406a85bbdc1f824b731bd7,85906,toledo,PR,Parana,South,539.98,2,1,539.98
b8630e1121437d41cb08e3c749c2c2e2,25070,duque de caxias,RJ,Rio de Janeiro,Southeast,6988.0,12,12,582.33
cfe94489ddd337d1e29e12f2a7205d10,3178,sao paulo,SP,Sao Paulo,Southeast,2376.0,24,20,118.8
9cf787a239c1aa29dbd76f153dc13f9a,14403,franca,SP,Sao Paulo,Southeast,316.0,4,4,79.0
2a50b7ee5aebecc6fd0ff9784a4747d6,72580,brasilia,DF,Distrito Federal,Central-West,199.8,2,1,199.8
d297f1055de2956aedfd3b04113dce3e,13382,nova odessa,SP,Sao Paulo,Southeast,54.3,1,1,54.3
2c3d56f92f360fb89d849b84e8f50eae,6420,barueri,SP,Sao Paulo,Southeast,465.6,8,8,58.2
3442033154be05bac582e173ef54fd12,5413,sao paulo,SP,Sao Paulo,Southeast,161.0,1,1,161.0
78744a20ee2f80ba64f6804c25def2b8,50751,recife,PE,Pernambuco,Northeast,2715.0,6,6,452.5
c990d6cf976a5718aaedc539f383ab88,13145,paulinia,SP,Sao Paulo,Southeast,200.9,11,10,20.09
94e93ce877be27a515118dbfd2c2be41,15502,votuporanga,SP,Sao Paulo,Southeast,5674.57,35,30,189.15
b566ab0ef88016e00422755e305103c6,37640,extrema,MG,Minas Gerais,Southeast,1208.0,5,5,241.6
d9cb0052a666de5308b32f32ad5f1b1c,15400,olimpia,SP,Sao Paulo,Southeast,231.89999999999998,3,3,77.3
a89e143d5211473ae18db9577ee34b64,13486,limeira,SP,Sao Paulo,Southeast,140.0,2,2,70.0
1f2eebc0e970fd3c463e4f5d9652687a,1311,sao paulo,SP,Sao Paulo,Southeast,44.99,1,1,44.99
941554c5757b73ba0e50aa7732310afc,4142,sao paulo,SP,Sao Paulo,Southeast,107.69,4,3,35.9
8581055ce74af1daba164fdbd55a40de,7112,guarulhos,SP,Sao Paulo,Southeast,64925.3,435,387,167.77
a9ae440659f48b7849df83e82734150b,9015,santo andre,SP,Sao Paulo,Southeast,285.0,1,1,285.0
c963a25b8671419c6ce9eebe8fd03218,23943,angra dos reis rj,RJ,Rio de Janeiro,Southeast,49.0,1,1,49.0
9485a23c0430ba1d58d359391606fce6,9015,santo andre,SP,Sao Paulo,Southeast,1129.9,5,5,225.98
0951a6e282947e09cd47969f4ed0b47f,6763,taboao da serra,SP,Sao Paulo,Southeast,492.3,7,7,70.33
52f0fe436a347ddad7ed5f9aa4e27eaa,1129,sao paulo,SP,Sao Paulo,Southeast,1484.3700000000001,23,21,70.68
9c7fd21e0aa159b20da593371f08ff7c,6180,osasco,SP,Sao Paulo,Southeast,798.3,8,7,114.04
c33847515fa6305ce6feb1e818569f13,88359,brusque,SC,Santa Catarina,South,15519.85,128,114,136.14
8b8cfc8305aa441e4239358c9f6f2485,86020,londrina,PR,Parana,South,11892.0,15,15,792.8
2c00c85d30361cd2ced2969cffbbffa3,31160,belo horizonte,MG,Minas Gerais,Southeast,49.8,1,1,49.8
d4e4b5192cba4e0e66eb12a9d347239d,85904,toledo,PR,Parana,South,441.8,12,12,36.82
ade45994b717ccee333492330fbf037b,87505,umuarama,PR,Parana,South,7196.0,10,10,719.6
bb5bd94c8f59cc050072d2930c869cac,5008,sao paulo,SP,Sao Paulo,Southeast,2543.87,17,16,158.99
b05b432bf68945d4d9783f9e3ca29ee8,16200,birigui,SP,Sao Paulo,Southeast,224.8,2,2,112.4
2a7dc43cecabf23403078e2188437d1d,4142,sao paulo,SP,Sao Paulo,Southeast,4795.91,54,52,92.23
578fa3a9cb6b6dceab39231ad59cdaca,60025,fortaleza,CE,Ceara,Northeast,150.0,3,3,50.0
615c3462099ffa940d37b17dfda19594,24855,rio de janeiro,RJ,Rio de Janeiro,Southeast,229.0,2,2,114.5
a3f0b55de503387383c7b1de3ad7f678,82400,curitiba,PR,Parana,South,4348.400000000001,26,24,181.18
6d7f8d9d594e28796b6b3205b00f459c,80050,curitiba,PR,Parana,South,417.9,3,3,139.3
7b7ed56ae755e2880f2b69632e839c1e,74230,goiania,GO,Goias,Central-West,321.5,5,5,64.3
4fae87d32467e18eb46e4a76a0a0b9ce,99670,ronda alta,RS,Rio Grande do Sul,South,100.9,1,1,100.9
ea566164622c6b439516ab18062c42cd,5303,sao  paulo,SP,Sao Paulo,Southeast,10309.42,52,50,206.19
821fb029fc6e495ca4f08a35d51e53a5,2030,sao paulo,SP,Sao Paulo,Southeast,19187.42,29,28,685.26
d6ab728cf30867cf3f1a2e216ae2f9b7,3185,sao paulo,SP,Sao Paulo,Southeast,2002.0,14,12,166.83
1a932caad4f9d804097d7f8e615baed1,2976,sao paulo,SP,Sao Paulo,Southeast,4661.0,30,20,233.05
173d56ffbd4c56cb80fc3615487d712b,11370,sao vicente,SP,Sao Paulo,Southeast,358.0,2,2,179.0
2be17df1c49978426251562096c3cc09,88704,tubarao,SC,Santa Catarina,South,2165.0,16,16,135.31
f7c31656c19db6275a8acadca289f426,14940,ibitinga,SP,Sao Paulo,Southeast,61.56,1,1,61.56
6025c79c035c3d772133b8b8238463b2,83327,pinhais/pr,PR,Parana,South,989.74,4,2,494.87
c6381d2d013342748761e906d45aff76,93180,portao,RS,Rio Grande do Sul,South,2042.98,28,15,136.2
c500367424994318b9e779ff1ae9a330,13145,paulinia,SP,Sao Paulo,Southeast,4346.4,9,9,482.93
19e0f40a907ec568c34bfac15de4f4a1,13478,americana,SP,Sao Paulo,Southeast,178.0,4,4,44.5
ecccfa2bb93b34a3bf033cc5d1dcdc69,81810,curitiba,PR,Parana,South,1338.64,19,15,89.24
c66dccfb3f109511246da627dd5a2498,11900,registro,SP,Sao Paulo,Southeast,12708.55,45,45,282.41
d921b68bf747894be13a97ae52b0f386,35570,formiga,MG,Minas Gerais,Southeast,15645.8,77,77,203.19
929f342384a6607afe143d789ade1316,86065,londrina,PR,Parana,South,209.4,4,4,52.35
e256a62e0ac58c0edfba09966142d561,81320,curitiba,PR,Parana,South,1474.1100000000001,14,12,122.84
b5b800c4065bebf4d3442311c9857344,3561,sao paulo,SP,Sao Paulo,Southeast,79.9,1,1,79.9
c8417879a15366a17c30af34c798c332,4445,sao paulo,SP,Sao Paulo,Southeast,1767.9,36,26,68.0
8dfbc5ff27df12f6cef751d3b9554222,80220,curitiba,PR,Parana,South,226.0,4,4,56.5
e732329483fd5f27367dd997b47f598a,89030,blumenau,SC,Santa Catarina,South,109.9,1,1,109.9
989becdce12ebc39863c2bceab6f3ca1,81730,curitiba,PR,Parana,South,7840.88,18,18,435.6
9f56a7a649097b166d8ed286ad86a15c,21041,rio de janeiro,RJ,Rio de Janeiro,Southeast,27.98,2,2,13.99
c4d51195486dc781531876a7d00453d8,19023,presidente prudente,SP,Sao Paulo,Southeast,11468.98,17,17,674.65
98115075dd26cb8835946fc6086f5d30,9687,ao bernardo do campo,SP,Sao Paulo,Southeast,434.96000000000004,4,4,108.74
2305ab43e846518f58dd9d59f3f54e96,8452,sao paulo,SP,Sao Paulo,Southeast,788.89,3,3,262.96
2528513dd95219a6013d4d05176e391a,6060,osasco,SP,Sao Paulo,Southeast,32689.1,167,161,203.04
64c9a1db4e73e19aaafd3286dc448c96,82510,curitiba,PR,Parana,South,439.0,1,1,439.0
44ed138eca6214d572ce1d813fb0049b,92010,canoas,RS,Rio Grande do Sul,South,129.79,3,2,64.9
ce4755084bc097113867e6454f8f5e52,14090,ribeirao preto,SP,Sao Paulo,Southeast,18.9,1,1,18.9
3e51f9cbe317bc3a88f2c76583811ee4,8032,sao paulo,SP,Sao Paulo,Southeast,76.09,1,1,76.09
204b4e07bddef3c9b317f70189135b22,37564,borda da mata,MG,Minas Gerais,Southeast,73.4,1,1,73.4
921323538c9f1c4e816f2720eac02bea,1319,sao paulo,SP,Sao Paulo,Southeast,1401.84,17,15,93.46
1464afc72f696af775557a821c2e253f,28630,nova friburgo,RJ,Rio de Janeiro,Southeast,1059.36,30,29,36.53
77a515caa36327151d1cc6c32a9f00e1,9912,diadema,SP,Sao Paulo,Southeast,2217.39,26,26,85.28
32fdd5d44ecb43dfd6a24b9369eca144,35557,carmo do cajuru,MG,Minas Gerais,Southeast,479.2,8,8,59.9
4b0fdb526525f9890eb145bf1534640e,14940,ibitinga,SP,Sao Paulo,Southeast,2419.0,20,18,134.39
1cd9e0cc1839d55516843def5600816d,3951,sao paulo,SP,Sao Paulo,Southeast,825.0,5,5,165.0
7fc87cc3e89b3d1d5cabdca32f8485aa,7123,guarulhos,SP,Sao Paulo,Southeast,2153.9,14,14,153.85
0c7f30ae9b147eca07affbef92832a6a,84020,ponta grossa,PR,Parana,South,479.5,5,5,95.9
e09887ca8c7bf8a4621ce481820414ef,8431,sao paulo,SP,Sao Paulo,Southeast,119.96000000000001,4,3,39.99
318f287a62ab7ac10b703ac37435a231,4773,sao paulo,SP,Sao Paulo,Southeast,2517.48,62,52,48.41
52bb00821bcdd358a5a5a27e1f6be5a1,6268,osasco,SP,Sao Paulo,Southeast,349.8,2,2,174.9
acb6c2ca5c82411c1fdb88d5fd5eb95e,3423,sao paulo,SP,Sao Paulo,Southeast,413.88,11,10,41.39
26e2e5033827d2ba53929f43e03d8ffe,2611,sao paulo,SP,Sao Paulo,Southeast,139.49,1,1,139.49
55dedd83e501d8248880557d9073cbfd,22061,rio de janeiro,RJ,Rio de Janeiro,Southeast,1055.3,9,8,131.91
5b179e9e8cc7ab6fd113a46ca584da81,5424,sao paulo,SP,Sao Paulo,Southeast,5173.5,36,34,152.16
ffdd9f82b9a447f6f8d4b91554cc7dd3,80030,curitiba,PR,Parana,South,2101.2,20,18,116.73
4eeb99008a0f59d2c7759c59f9a346eb,6807,embu das artes,SP,Sao Paulo,Southeast,1282.0,2,2,641.0
f3511c85f59f8dec53d140501ee8e7a8,80045,curitiba,PR,Parana,South,69.9,1,1,69.9
60da8bfa7eebe230b7d66ac4082d79b3,15940,fernando prestes,SP,Sao Paulo,Southeast,86.6,3,3,28.87
2c538755f1ca9540af144f266e70df6c,39801,castro pires,MG,Minas Gerais,Southeast,334.99,1,1,334.99
cb41bfbcbda0aea354a834ab222f9a59,3520,sao paulo,SP,Sao Paulo,Southeast,4002.0,12,12,333.5
2379bdc3888025689a9deb7b141507d5,13806,mogi mirim,SP,Sao Paulo,Southeast,999.5,9,9,111.06
5ee7fd217d08dfe5d3e2f51f96a12c9a,13880,vargem grande do sul,SP,Sao Paulo,Southeast,1165.5,9,9,129.5
a414555ce331b8c8aea4a9cb8395194d,3638,sao paulo,SP,Sao Paulo,Southeast,1450.95,8,7,207.28
92992bec39dde5766f590d3b1f46d465,4310,sao paulo,SP,Sao Paulo,Southeast,109.0,1,1,109.0
834f8533b2ecb6598dd004ff3de7203a,5181,sao paulo,SP,Sao Paulo,Southeast,4538.29,47,43,105.54
b5f49fe968dff6b112861e6cd8e192ef,80710,curitiba,PR,Parana,South,194.70000000000002,2,1,194.7
b26741d31a563d769b4af0465ab20c56,88061,florianopolis,SC,Santa Catarina,South,648.0,2,2,324.0
f7315bb81aea4ddca2d39e249a801c98,7082,guarulhos,SP,Sao Paulo,Southeast,379.8,2,2,189.9
8e2b3afb420011ef0c88c9d5f11ea526,13060,campinas,SP,Sao Paulo,Southeast,1384.5,11,11,125.86
8fff28c4263ddec387f28d237fb42773,5594,sao paulo,SP,Sao Paulo,Southeast,339.4,6,4,84.85
0ddefe3c7a032b91f4e25b9c3a08fca1,9721,sao bernardo do campo,SP,Sao Paulo,Southeast,402.9,10,9,44.77
730937bf88cb151eb2eb849f642fc213,13500,rio claro,SP,Sao Paulo,Southeast,2821.2,26,22,128.24
cc3d14116804f7209f3884f6367f1152,82940,curitiba,PR,Parana,South,5477.8,30,27,202.88
5dc203c7b84a0e71e878a179de05fb9a,17580,pompeia,SP,Sao Paulo,Southeast,421.9,5,5,84.38
440dd6ab244315c632130ecfb63827b1,15502,votuporanga,SP,Sao Paulo,Southeast,13696.9,95,94,145.71
66fd84ee7528c0c0de85d0f44a73d5ab,98975,campina das missoes,RS,Rio Grande do Sul,South,1438.11,21,11,130.74
fec6912baad85d41729669edd6b4d3b8,14110,ribeirao preto,SP,Sao Paulo,Southeast,210.0,1,1,210.0
666658b8da8370f30e1f89893b1de5e6,3658,sao paulo,SP,Sao Paulo,Southeast,298.0,2,1,298.0
f3c38ab652836d21de61fb8314b69182,1206,sao paulo,SP,Sao Paulo,Southeast,1581.0,15,15,105.4
90b57083da5d803237da74daec6dcb2b,80730,curitiba,PR,Parana,South,206.9,2,2,103.45
45d33f715e24d15a6ccf5c17b3a23e3c,18015,sorocaba,SP,Sao Paulo,Southeast,4838.2300000000005,61,59,82.0
1bb3812d5f0747a3ab7348f199001a10,4708,sao paulo,SP,Sao Paulo,Southeast,834.4000000000001,9,9,92.71
c33a5c3c983090c8b78a28e65052a20d,88802,criciuma,SC,Santa Catarina,South,629.1,9,9,69.9
003554e2dce176b5555353e4f3555ac8,74565,goiania,GO,Goias,Central-West,120.0,1,1,120.0
16090f2ca825584b5a147ab24aa30c86,12940,atibaia,SP,Sao Paulo,Southeast,25716.44,410,402,63.97
5659d77e8d90378e39b960ad5956f64e,12062,taubate,SP,Sao Paulo,Southeast,182.48000000000002,2,2,91.24
b561927807645834b59ef0d16ba55a24,2955,sao paulo,SP,Sao Paulo,Southeast,4501.99,95,85,52.96
28d162ab86bb49d719c32f0ee6186eaa,14079,ribeirao preto,SP,Sao Paulo,Southeast,109.99,1,1,109.99
e06f09ec0a4aca210779cf1cfc63cf19,4773,sao paulo,SP,Sao Paulo,Southeast,5279.49,31,29,182.05
8c9348f33ae3dada25c99c99ade2af78,6340,carapicuiba,SP,Sao Paulo,Southeast,312.99,2,2,156.5
da6a60cc8cc724fe51be021ff8be779c,28941,sao pedro da aldeia,RJ,Rio de Janeiro,Southeast,728.79,13,12,60.73
461ff5303b6c9c1a4a07f40c5aece516,83323,pinhais,PR,Parana,South,102.69999999999999,3,3,34.23
e82de6494d91d3c4c54450f59b227a94,14940,ibitinga,SP,Sao Paulo,Southeast,118.9,3,3,39.63
213b25e6f54661939f11710a6fddb871,13321,salto,SP,Sao Paulo,Southeast,15379.5,194,155,99.22
78c99c6dff4eeae5be99bf635ed21e3f,17510,marilia,SP,Sao Paulo,Southeast,2030.88,39,31,65.51
a36ac007a4d18f865c8d32c3b2402c2d,6455,barueri,SP,Sao Paulo,Southeast,1359.7800000000002,9,9,151.09
a2e85714b56b1cb6bb24a9a6e6cad36f,14530,miguelopolis,SP,Sao Paulo,Southeast,339.70000000000005,3,2,169.85
6b333a05bf188ef3e1f1662a86bd9855,72304,brasilia,DF,Distrito Federal,Central-West,3990.91,13,12,332.58
56642bcb79900e777d68e91915cb4267,3701,sao paulo,SP,Sao Paulo,Southeast,3657.64,56,48,76.2
41b86b552e54e3a7009596125aa8b167,2470,sao paulo,SP,Sao Paulo,Southeast,1595.3,11,10,159.53
1d0997ff06b524ce9289ffd75114ecd3,52020,recife,PE,Pernambuco,Northeast,3747.0,3,3,1249.0
73b8eb4a9a729d4019b24ed1be748cbf,13070,campinas,SP,Sao Paulo,Southeast,692.41,8,8,86.55
a69aa24cec11168e7e39a3fbc727e925,6330,carapicuiba,SP,Sao Paulo,Southeast,105.97,3,3,35.32
8ea394aed8138685abe1eb9f25e1021d,18053,sorocaba,SP,Sao Paulo,Southeast,1340.0,2,2,670.0
8a130737016f838139d31878787a39c9,3187,sao paulo,SP,Sao Paulo,Southeast,4222.03,62,56,75.39
f682e0f848abafc6f41e0d4e868c66ef,7600,mairipora,SP,Sao Paulo,Southeast,269.98,2,2,134.99
11742f81550ac064cc9a40f67151d9ad,15810,catanduva,SP,Sao Paulo,Southeast,781.9,2,2,390.95
8a40ae794fa3f9892cee24bd5af0488b,82620,curitiba,PR,Parana,South,739.85,6,6,123.31
0936e1837d0c79253456bbb2ffaaef10,2050,sao paulo,SP,Sao Paulo,Southeast,38.9,2,1,38.9
850f4f8af5ea87287ac68de36e29107f,4367,sao paulo,SP,Sao Paulo,Southeast,45355.36,192,187,242.54
4dc2e811a1760953cb7c6a590b498943,17230,itapui,SP,Sao Paulo,Southeast,175.0,1,1,175.0
343e716476e3748b069f980efbaa294e,13033,campinas,SP,Sao Paulo,Southeast,922.5999999999999,24,17,54.27
e9729944ba65dc3ce425e0c5a22ae7b2,25730,petropolis,RJ,Rio de Janeiro,Southeast,916.7,4,4,229.18
e0eabded302882513ced4ea3eb0c7059,13023,campinas,SP,Sao Paulo,Southeast,978.4000000000001,8,8,122.3
643214e62b870443ccbe55ab29a4dccf,2134,sao paulo,SP,Sao Paulo,Southeast,3270.13,68,66,49.55
0aa124728afc1131dff5655f4c6f487b,37135,alfenas,MG,Minas Gerais,Southeast,850.92,2,2,425.46
ce27a3cc3c8cc1ea79d11e561e9bebb6,3006,sao paulo,SP,Sao Paulo,Southeast,10682.65,164,135,79.13
da4d149c0ddbac90557103ac0a0ec356,9861,sbc,SP,Sao Paulo,Southeast,730.0,1,1,730.0
0241d4d5d36f10f80c644447315af0bd,80330,curitiba,PR,Parana,South,31397.7,246,238,131.92
272f092de69afedd4d2969440b37f18f,3265,sao paulo,SP,Sao Paulo,Southeast,1935.3300000000002,40,26,74.44
d1aa1ec0839dcab73a6161130eb1f94a,80220,curitiba,PR,Parana,South,119.9,1,1,119.9
8e8a7ce9f2f970dc00e2acf6f6e199f6,24710,sao goncalo,RJ,Rio de Janeiro,Southeast,9101.0,66,65,140.02
d7827b2af99326a03b0ed9c7a24db0d3,86076,londrina,SP,Sao Paulo,Southeast,1455.0,1,1,1455.0
3935fe5fe0f82787a9dcb8deb62be09d,4905,sao paulo,SP,Sao Paulo,Southeast,1681.69,17,16,105.11
119d1aef1b4144adba89163f6cd9f5d4,13920,pedreira,SP,Sao Paulo,Southeast,1094.0,4,4,273.5
9a1aea68d3efa00862ec88c0768037d0,15806,catanduva,SP,Sao Paulo,Southeast,1309.2,8,7,187.03
a9b533a26e898b12e8b8d4c07279bf4d,21545,rio de janeiro,RJ,Rio de Janeiro,Southeast,119.6,4,4,29.9
5b51032eddd242adc84c38acab88f23d,37564,borda da mata,MG,Minas Gerais,Southeast,3280.0,14,12,273.33
8cc6a0e5738e61a87b03c78b2ba9db4b,37795,andradas,MG,Minas Gerais,Southeast,13312.4,26,24,554.68
c53bcd3be457a342a97e39e5a9f0be22,49980,neopolis,SE,Sergipe,Northeast,509.5,5,5,101.9
f4db9b37944bcb8873e6b456ee190bbf,8599,itaquaquecetuba,SP,Sao Paulo,Southeast,3409.78,22,21,162.37
729b2d09b2a0bdab221076327f13d050,17320,mineiros do tiete,SP,Sao Paulo,Southeast,1822.11,61,49,37.19
18e694e0e48ed6f7aa3f24aade5fd697,13224,varzea paulista,SP,Sao Paulo,Southeast,701.54,34,31,22.63
30a81d8cf85fb2ada1b1b094c9583a95,3563,sao paulo,SP,Sao Paulo,Southeast,1245.42,20,17,73.26
6561d6bf844e464b4019442692b40e02,7859,franco da rocha,SP,Sao Paulo,Southeast,41.9,1,1,41.9
e64d65bc8dbec2accda90c58de5d1246,13500,rio claro,SP,Sao Paulo,Southeast,1678.8000000000002,12,12,139.9
3903c788ded8dc03b5ebab37a2f3e9a1,6332,carapicuiba,SP,Sao Paulo,Southeast,119.97999999999999,5,5,24.0
63191ead8d3b2f937cd1996fdcbbad20,13212,jundiai,SP,Sao Paulo,Southeast,367.0,1,1,367.0
67bf6941ba2f1fa1d02c375766bc3e53,82400,curitiba,PR,Parana,South,5610.0,22,16,350.62
897060da8b9a21f655304d50fd935913,14092,ribeirao preto,SP,Sao Paulo,Southeast,23023.92,430,317,72.63
76c47a299e4a8fe992316a85865acbe9,14075,ribeirao preto,SP,Sao Paulo,Southeast,1024.46,10,6,170.74
d1b9d4be4b6f9ebd85f8acd6745ba612,34006,nova lima,MG,Minas Gerais,Southeast,1154.35,11,11,104.94
3ea08c48e851106d2f584349daba335f,36201,barbacena,MG,Minas Gerais,Southeast,170.0,1,1,170.0
389e45560e33d2d0747f949dcddbc08e,12238,sao jose dos campos,SP,Sao Paulo,Southeast,39.0,1,1,39.0
b81e3a6c866a764974fe849821abeebd,9360,maua,SP,Sao Paulo,Southeast,836.1500000000001,11,8,104.52
40536e7ca18e1bce252828e5876466cc,7747,caieiras,SP,Sao Paulo,Southeast,463.96,4,2,231.98
b494891378bd8f4560abe576c52deacd,4160,sao paulo,SP,Sao Paulo,Southeast,2958.9,22,20,147.94
09f952a5f58d2285b0372551ae8f9b01,9725,sao bernardo do campo,SP,Sao Paulo,Southeast,11821.5,56,50,236.43
14d7985702e72162bbf13b6beb74ab2b,9131,santo andre,SP,Sao Paulo,Southeast,3887.0,38,37,105.05
2c4c47cb51acd5ea5db5e0ae0e26542a,15290,buritama,SP,Sao Paulo,Southeast,2575.9,15,12,214.66
b416191c9813d821a295cfabafff4161,14407,franca,SP,Sao Paulo,Southeast,117.8,2,2,58.9
9616352088dcf83a7c06637f4ebf1c80,87504,umuarama,PR,Parana,South,5703.0,98,92,61.99
557f22c76691849db52d2abccf0015d0,75650,morrinhos,GO,Goias,Central-West,865.8599999999999,14,13,66.6
968ee78631915a63fef426d6733d7422,99700,erechim,RS,Rio Grande do Sul,South,450.0,2,2,225.0
533d46c1b06970e99f09523a61df4972,18200,itapetininga,SP,Sao Paulo,Southeast,159.98,2,2,79.99
1dd33b8119b3cb1056ed5dc88cd0aaf4,4710,sao paulo,SP,Sao Paulo,Southeast,1513.0,8,8,189.12
ac137bac82ffa8548e62bd9d01d2a14f,3631,sao paulo,SP,Sao Paulo,Southeast,49.6,1,1,49.6
2dcf93836ae3ce0d7c93e2f10876467a,12240,sao jose dos campos,SP,Sao Paulo,Southeast,1443.8,12,9,160.42
51702dc2a3e106c76dbff722b5bf0726,13835,conchal,SP,Sao Paulo,Southeast,2705.1,14,13,208.08
97512d3fc193b2d1dfcdba0f9d1f0f8a,8270,sao paulo,SP,Sao Paulo,Southeast,1458.8700000000001,13,12,121.57
f3975e8a41157005d4bcbb358678cd9b,89870,pinhalzinho,SC,Santa Catarina,South,178.8,2,2,89.4
76d336555bb25f3165d2f0d6da719c40,18015,sorocaba,SP,Sao Paulo,Southeast,330.0,2,2,165.0
f08a5b9dd6767129688d001acafc21e5,90230,porto alegre,RS,Rio Grande do Sul,South,14069.630000000001,18,11,1279.06
ae45df84722b1d15c5f32b23a095746c,3062,sao paulo,SP,Sao Paulo,Southeast,901.83,12,9,100.2
d197aa8fbc64087f61984deef05f6227,12224,sao jose dos campos,SP,Sao Paulo,Southeast,519.09,7,6,86.52
afa6714acee029b2dfdf357e5579cc03,13690,descalvado,SP,Sao Paulo,Southeast,3220.7599999999998,17,16,201.3
520b493b57809f446cb0a233bb3e25c7,11075,santos,SP,Sao Paulo,Southeast,3698.9,73,63,58.71
9b1ab052f5fca308ba743ac789ebb2e1,85200,pitanga,PR,Parana,South,294.09000000000003,2,2,147.05
bab0a8cd684e41ba6e2637dca0979d3b,22793,rio de janeiro,RJ,Rio de Janeiro,Southeast,269.9,1,1,269.9
b83cedfb587e7911540e3f576d6917ce,4870,sao paulo,SP,Sao Paulo,Southeast,2224.95,25,24,92.71
0ef83d7d83ed97cd2a0049ac8be5f88a,80230,curitiba,PR,Parana,South,4421.01,55,48,92.1
d13e50eaa47b4cbe9eb81465865d8cfc,9210,santo andre,SP,Sao Paulo,Southeast,7155.05,69,67,106.79
37303482a42fb700d8d127e70a9cd6c8,13070,campinas,SP,Sao Paulo,Southeast,148.89,2,2,74.44
b2bdc5e7940a7d7ca8c4a37953b27a42,13880,vargem grande do sul,SP,Sao Paulo,Southeast,250.0,1,1,250.0
5c6d4016c2a288f074fa0848a2b653d2,1209,sao paulo,SP,Sao Paulo,Southeast,3159.0,35,32,98.72
88cd3681e0a2ba85e190f7d817629c4c,88354,brusque,SC,Santa Catarina,South,180.0,1,1,180.0
da8622b14eb17ae2831f4ac5b9dab84a,13405,piracicaba,SP,Sao Paulo,Southeast,160236.57,1551,1314,121.95
fe26f3ecb51a15e6d8335cd92da42562,4365,sao paulo,SP,Sao Paulo,Southeast,2708.96,7,7,386.99
5151aea44289d6c6b090ee31c2132508,17515,marilia,SP,Sao Paulo,Southeast,1315.3,7,7,187.9
9c351405b754cc5ce3e2ecf277bb034a,3134,sao paulo,SP,Sao Paulo,Southeast,45.0,1,1,45.0
13511db12ac61e2f89c53b72a944a60b,95020,caxias do sul,RS,Rio Grande do Sul,South,798.0,6,6,133.0
4b90495391ac0bd181a80a459df1e718,96400,bage,RS,Rio Grande do Sul,South,248.0,1,1,248.0
b37c4c02bda3161a7546a4e6d222d5b2,3667,sao paulo,SP,Sao Paulo,Southeast,24075.0,15,4,6018.75
5f1dc28029d2c244352a68107ec2b542,5126,sao paulo,SP,Sao Paulo,Southeast,2807.3,78,62,45.28
710e3548e02bc1d2831dfc4f1b5b14d4,86600,rolandia,PR,Parana,South,23979.11,142,136,176.32
485452467ff670447e84a8370c3fc898,89190,taio,SC,Santa Catarina,South,175.7,3,3,58.57
4d8809767a5bafe22909c77951fb6b41,6803,embu das artes,SP,Sao Paulo,Southeast,50.0,1,1,50.0
3ab971ce71839580d2ae5b4e40fe8044,3210,sao paulo,SP,Sao Paulo,Southeast,5002.900000000001,38,36,138.97
9d4db00d65d7760644ac0c14edb5fd86,18025,sorocaba,SP,Sao Paulo,Southeast,9979.7,100,98,101.83
1dcfa3835714681d4ba4a93bc1e0fd41,16200,birigui,SP,Sao Paulo,Southeast,1278.5,15,13,98.35
6da1992f915d77be95d7fa48b36904af,1026,sao paulo,SP,Sao Paulo,Southeast,261.0,9,7,37.29
d4f117125b59ce73c3302f88ee40c458,4058,sao paulo,SP,Sao Paulo,Southeast,783.29,17,17,46.08
1de62b6f2fd96227629786db492433db,16021,sp,SP,Sao Paulo,Southeast,208.8,2,2,104.4
30a2f535bb48308f991d0b9ad4a8c4bb,13457,santa barbara d'oeste,SP,Sao Paulo,Southeast,4731.3,87,71,66.64
a36b125ac6d5fdbc7f50de85c9157bdc,14020,ribeirao preto,SP,Sao Paulo,Southeast,1843.64,26,24,76.82
1336efc61c316ddf92c899eb817f7cae,19800,assis,SP,Sao Paulo,Southeast,4837.31,85,74,65.37
620c87c171fb2a6dd6e8bb4dec959fc6,25645,petropolis,RJ,Rio de Janeiro,Southeast,114774.5,798,740,155.1
ab91571efab27993ff2f6b36e38055c3,4319,sao paulo,SP,Sao Paulo,Southeast,102.24,4,3,34.08
63a79f5a7eb5cb48a7e5787b141c7993,38701,patos de minas,MG,Minas Gerais,Southeast,815.1,11,11,74.1
070d165398b553f3b4b851c216b8a358,3916,sao paulo,SP,Sao Paulo,Southeast,3393.16,39,32,106.04
b64d51f0435e884e8de603b1655155ae,7077,garulhos,SP,Sao Paulo,Southeast,416.18,23,17,24.48
9fc70243fb26800cba56e8f014797004,30270,belo horizonte,MG,Minas Gerais,Southeast,466.6,7,6,77.77
1cbcd2ee0afb3fc09963b87eb65e7e4f,82640,curitiba,PR,Parana,South,90.0,3,1,90.0
344223b2a90784f64136a8a5da012e7f,89117,gaspar,SC,Santa Catarina,South,10.9,1,1,10.9
4c8b8048e33af2bf94f2eb547746a916,14940,ibitinga,SP,Sao Paulo,Southeast,2020.73,27,23,87.86
7a704e63bb29c446869efde5d57524c8,85601,francisco beltrao,PR,Parana,South,94.49,1,1,94.49
88460e8ebdecbfecb5f9601833981930,87030,maringa,PR,Parana,South,31546.550000000003,302,248,127.2
7d76b645482be4a332374e8223836592,1511,sao paulo,SP,Sao Paulo,Southeast,3843.93,187,176,21.84
296729ffb9b684050dd24836dac4494a,80240,curitiba,SP,Sao Paulo,Southeast,114.0,2,2,57.0
5f06030071324cc52bf0304014ac7234,17514,marilia,SP,Sao Paulo,Southeast,783.96,4,4,195.99
c542f5a8c64d973f30e9df8d06f70b4a,2013,sao paulo,SP,Sao Paulo,Southeast,81.0,1,1,81.0
d36b07fd3c5088e477a72d1fccfe29d4,18200,itapetininga,SP,Sao Paulo,Southeast,328.9,1,1,328.9
46ef1a25845fc051c2998d878354810c,35530,claudio,MG,Minas Gerais,Southeast,250.41,5,5,50.08
a61cc04793308395a840807104365121,13240,jarinu,SP,Sao Paulo,Southeast,14.63,1,1,14.63
cac4c8e7b1ca6252d8f20b2fc1a2e4af,13347,indaiatuba,SP,Sao Paulo,Southeast,4168.18,83,75,55.58
cc63f0dd2acba93ffed4fe9f8e0321fa,15025,sao jose do rio preto,SP,Sao Paulo,Southeast,7096.71,63,55,129.03
b29d3380981c51df13fc6fbe87e1763d,14057,ribeirao preto,SP,Sao Paulo,Southeast,435.3,7,6,72.55
a53f60f05f822b5c621a50ff6a5cb362,38402,uberlandia,MG,Minas Gerais,Southeast,415.40000000000003,6,4,103.85
dbec9a0a7efeff029d4d9dce7dc4cc95,31920,belo horizonte,MG,Minas Gerais,Southeast,1170.0,3,3,390.0
8de8fe3af4449ed695d2434c933ed73e,1215,sao paulo,SP,Sao Paulo,Southeast,2090.0,1,1,2090.0
aa762680c40618316a896838866140ea,82510,curitiba,PR,Parana,South,261.0,3,3,87.0
577719699805dd125d5b6fdde5943bba,95150,nova petropolis,RS,Rio Grande do Sul,South,1077.8000000000002,8,8,134.73
13dd308f81fea30cc670c656b2b46cc3,13454,santa barbara d'oeste,SP,Sao Paulo,Southeast,117.69999999999999,3,3,39.23
01fd077212124329bac32490e8ef80d9,14079,ribeirao preto / sao paulo,SP,Sao Paulo,Southeast,1208.0,39,31,38.97
7a188843479798ca813108fa7b959286,4276,sao paulo,SP,Sao Paulo,Southeast,149.7,3,1,149.7
cb32766839f443db85c82a43c4a6c19e,13506,rio claro,SP,Sao Paulo,Southeast,234.0,2,2,117.0
7aa538dd6e114e503a2e6154ea352253,15807,catanduva,SP,Sao Paulo,Southeast,1016.6800000000001,5,5,203.34
e0a3c37054ade6478d923a6efc10f308,88340,camboriu,SC,Santa Catarina,South,219.8,2,2,109.9
0d4c8269e7f0401201794deef160edd6,14076,ribeirao preto,SP,Sao Paulo,Southeast,792.64,4,3,264.21
3d68c634a99a1ba46dbca3967a69c623,88270,nova trento,SC,Santa Catarina,South,594.0,2,2,297.0
8fbe2ee446b97e128471be4ce983dc0d,18103,sorocaba,SP,Sao Paulo,Southeast,148.5,3,3,49.5
e0b162a693bc7f9eab00f783a31d60ea,96020,pelotas,RS,Rio Grande do Sul,South,20.0,1,1,20.0
1f867308a0ce13133a4e639ff4de0c02,82510,curitiba,PR,Parana,South,875.1,13,7,125.01
06a2c3af7b3aee5d69171b0e14f0ee87,65072,sao luis,MA,Maranhao,Northeast,36408.95,405,392,92.88
2e90cb1677d35cfe24eef47d441b7c87,2285,sao paulo,SP,Sao Paulo,Southeast,13894.710000000001,137,127,109.41
9315e491484b1b0081ca166fc164108d,86039,londrina,PR,Parana,South,29.99,1,1,29.99
adbc26658d6c7b4b6219f9d934598091,81770,curitiba,PR,Parana,South,11806.4,92,88,134.16
0ffa40d54288e4f3499b8780dd0f144f,19013,presidente prudente,SP,Sao Paulo,Southeast,2162.8,35,33,65.54
d05ae8f7a5bd1d2a690a44cd079e4e27,22775,rio de janeiro,RJ,Rio de Janeiro,Southeast,13436.0,81,78,172.26
508808d438fe2ff972ed13bb8f4a82e2,3963,sao paulo,SP,Sao Paulo,Southeast,294.83,11,10,29.48
28fb0829fd777877cdc350d25cb5bd5b,15051,sao jose do rio pret,SP,Sao Paulo,Southeast,499.6,4,4,124.9
c794dab4928dd97beb41d05514441e86,13160,artur nogueira,SP,Sao Paulo,Southeast,1312.3999999999999,16,16,82.02
1976a05ecf2996d6ffb7b5430e635fe7,19806,assis,SP,Sao Paulo,Southeast,1796.2,9,8,224.52
c70a353f02429c00775a46a75fb787da,8275,sao paulo,SP,Sao Paulo,Southeast,242.0,6,6,40.33
39d61be7a92eb77b7da367bd4845bc0e,13420,sao paulo,SP,Sao Paulo,Southeast,700.59,14,7,100.08
c510bc1718f0f2961eaa42a23330681a,13330,indaiatuba,SP,Sao Paulo,Southeast,12251.0,13,13,942.38
8cf21434553b02cbd37c0bbd07e041b0,88102,sao jose,SC,Santa Catarina,South,94.98,2,2,47.49
edd066cd02126d7800f9b66e980e9931,70070,brasilia,DF,Distrito Federal,Central-West,987.6999999999999,6,6,164.62
cf281cf8b7affbdfe751b29cc85580e1,61760,eusebio,CE,Ceara,Northeast,64.9,1,1,64.9
392353362d22cc2c236e1ee81ff19890,89069,blumenau,SC,Santa Catarina,South,288.7,10,5,57.74
1f7fd2a6fcd5a6fa5d8a4dabc72aaae0,95800,venancio aires,RS,Rio Grande do Sul,South,531.8,3,3,177.27
c878515173c84a492ebe50d6b493230b,85880,itaipulandia,PR,Parana,South,1118.84,10,9,124.32
77714512e8d4dda9c234da8e3faf16e4,7056,guarulhos,SP,Sao Paulo,Southeast,243.39999999999998,6,4,60.85
0eaa7e33d73809f1f925f7d07c506cbd,9111,santo andre,SP,Sao Paulo,Southeast,1552.0,15,15,103.47
bcf5566870987da7bc811fbc8c5b9fd9,3378,sao paulo,SP,Sao Paulo,Southeast,96.0,4,1,96.0
3d01d1c414c44b5943a09619ff3853cb,13040,campinas,SP,Sao Paulo,Southeast,402.6,5,5,80.52
2e1c9f22be269ef4643f826c9e650a52,4850,sao paulo,SP,Sao Paulo,Southeast,12687.68,173,167,75.97
00fc707aaaad2d31347cf883cd2dfe10,87025,maringa,PR,Parana,South,12684.9,135,103,123.15
52f6f9f13ba19504c02781132a049e75,80540,curitiba,PR,Parana,South,199.0,1,1,199.0
83c8aafbefb034674a70de0eac5b8954,85601,francisco beltrao,PR,Parana,South,134.9,2,2,67.45
58e4b302b54937e55a678c4d15111da4,83402,colombo,PR,Parana,South,279.79,3,3,93.26
d1c281d3ae149232351cd8c8cc885f0d,14940,ibitinga,SP,Sao Paulo,Southeast,26942.6,240,215,125.31
33c51922b6e3c16b24a8f28e5833c99d,86010,londrina,PR,Parana,South,6657.87,20,18,369.88
f80edd2c5aaa505cc4b0a3b219abf4b8,3431,sao paulo,SP,Sao Paulo,Southeast,9108.2,128,119,76.54
0761743cbffb25d7148189e9f1a5f03a,14096,ribeirao preto,SP,Sao Paulo,Southeast,241.2,7,3,80.4
0b46f784306be7200ca1700aa55d819f,31210,belo horizonte,MG,Minas Gerais,Southeast,19.9,1,1,19.9
7a9c12e235c36247c3c81f50d6ea9cea,9541,sao caetano do sul,SP,Sao Paulo,Southeast,983.9,5,5,196.78
8629c241b3622ac12cd4118afdc8d394,14090,ribeirao preto,SP,Sao Paulo,Southeast,1167.66,13,13,89.82
3ade81dab5a172b88e1871c28ae05260,15076,sao jose do rio preto,SP,Sao Paulo,Southeast,5751.6,32,30,191.72
562fc2f2c2863ab7e79a9e4388a58a14,13070,campinas,SP,Sao Paulo,Southeast,8814.199999999999,270,260,33.9
7dc8c42cc750eeafea6c85712ffee9bf,5424,sao paulo,SP,Sao Paulo,Southeast,6409.68,50,41,156.33
247587846358bb1d2e4c6522020b36fe,15093,sao jose do rio preto,SP,Sao Paulo,Southeast,99.0,1,1,99.0
a35ef466c6fd6d052f5d241240d3c5e2,93347,novo hamburgo,RS,Rio Grande do Sul,South,569.9,3,3,189.97
651530bf5c607240ccdd89a30c9c9712,44600,ipira,BA,Bahia,Northeast,199.9,1,1,199.9
f1c1ac3f3efc07e659c035008e615e66,2119,sao paulo,SP,Sao Paulo,Southeast,2561.96,14,4,640.49
df0f42bc4c2142eacf0eaf2cffd0cfbb,88306,itajai,SC,Santa Catarina,South,1654.0,16,14,118.14
40db9e9aa57f7bb151bcda6b0f9bdbb7,52010,recife,PE,Pernambuco,Northeast,23168.0,12,12,1930.67
68ca56ce86830f3d31b1b7ec6a54da3e,83280,guaratuba,PR,Parana,South,719.59,6,6,119.93
960945e1a9535cbc0cd6ddd35fbe7ae8,8290,sao paulo,SP,Sao Paulo,Southeast,3381.73,29,28,120.78
c00396cbdd2e088fe4281baa5920aef1,83535,campo magro,PR,Parana,South,832.4100000000001,3,1,832.41
8d92f3ea807b89465643c219455e7369,3052,sao paulo,SP,Sao Paulo,Southeast,121.2,8,3,40.4
c52c644cc0dc85121207a27013efc6af,36325,tiradentes,MG,Minas Gerais,Southeast,397.8,2,1,397.8
7e26c750b4cb9f6766f58265ff9ebe95,30270,belo horizonte,MG,Minas Gerais,Southeast,1344.3,27,23,58.45
5a8e7d5003a1f221f9e1d6e411de7c23,13076,campinas,SP,Sao Paulo,Southeast,11171.9,181,139,80.37
6d1b9c9579132c87d2703ec38c30f2c5,82515,curitiba,PR,Parana,South,299.69,4,4,74.92
20f0aeea30bc3b8c4420be8ced4226c0,13456,santa barbara d'oeste,SP,Sao Paulo,Southeast,14.9,1,1,14.9
575df70bde3f9f2b30bf8d2e9910d725,15075,sao jose do rio preto,SP,Sao Paulo,Southeast,5410.05,34,27,200.37
5d3bb11474a06bdc23fb9e89f1164ee0,19804,assis,SP,Sao Paulo,Southeast,3654.6,32,31,117.89
c35affa65afd250151285c5917fc1c8a,8050,sao paluo,SP,Sao Paulo,Southeast,5279.91,9,9,586.66
e59e489e2ea74bd409b798b5daf49de3,87060,maringa,PR,Parana,South,495.0,5,3,165.0
7d948535954aaf8c5d39db007f74372e,11442,guaruja,SP,Sao Paulo,Southeast,194.0,4,4,48.5
c7b7db6c8f3c64a7cc1afa634db21d50,4367,sao paulo,SP,Sao Paulo,Southeast,1489.0,1,1,1489.0
1352e06ae67b410cdae0b2a22361167b,26051,rio de janeiro,RJ,Rio de Janeiro,Southeast,696.0,4,4,174.0
3bb548e3cb7f70f28e3f11ee9dce0e59,87040,maringa,PR,Parana,South,7690.02,53,46,167.17
ee2fbacc2fc3794e656cc4d933d59ce7,5061,sao paulo,SP,Sao Paulo,Southeast,464.97,3,2,232.48
522620dcb18a6b31cd7bdf73665113a9,85801,cascavel,PR,Parana,South,57168.49,180,174,328.55
d32e3909cfb714fb2a6cb092c85b9c5f,13215,jundiai,SP,Sao Paulo,Southeast,2827.9,11,10,282.79
e5c84227854980f1db19a58958c551d9,83823,fazenda rio grande,PR,Parana,South,72.81,4,4,18.2
ce7d1888639e6fb06b2749cbfdac1ff7,37443,baependi,MG,Minas Gerais,Southeast,11793.89,84,78,151.2
693660429f9dc4ff704eb3d88dad54d7,9170,santo andre,SP,Sao Paulo,Southeast,124.0,2,2,62.0
2cb4700db635baa1c0d4f90ed27b6669,81070,curitiba,PR,Parana,South,199.8,2,2,99.9
a4b6b9b992b46e9ef863637af96e04bc,88090,florianopolis,SC,Santa Catarina,South,7147.0,14,7,1021.0
ff1e15b778c700abdd4d239b81ac466d,81260,curitiba,PR,Parana,South,414.3,7,7,59.19
820c7c9eaf76d2b226b6c242bcf3f34d,4756,sao paulo,SP,Sao Paulo,Southeast,559.0,1,1,559.0
85d9eb9ddc5d00ca9336a2219c97bb13,31255,belo horizonte,MG,Minas Gerais,Southeast,15415.24,522,509,30.29
a673821011d0cec28146ea42f5ab767f,3809,sao paulo,SP,Sao Paulo,Southeast,13863.69,146,129,107.47
ebe3dabc4955c9b0d695e7bda38bf5c3,14085,ribeirao preto,SP,Sao Paulo,Southeast,55.0,1,1,55.0
ca7c6bd577e559472af1c699de9e764e,9812,sao bernardo do campo,SP,Sao Paulo,Southeast,148.0,8,6,24.67
c8b3445d737de6befde0c88ede534a5e,5734,sao paulo,SP,Sao Paulo,Southeast,3149.04,36,30,104.97
eb5b6204dde3a6e03b5f1bb8479f055b,6900,embu guacu,SP,Sao Paulo,Southeast,452.2,21,19,23.8
4a5b36211b1f51bf7eaa5c10a57fa483,24445,sao goncalo,RJ,Rio de Janeiro,Southeast,139.19,1,1,139.19
2e1a7d075abe038c1b2743005fe42ff1,3461,sao paulo,SP,Sao Paulo,Southeast,1396.7,23,19,73.51
973f21788dfab357250f69a8dcb7ddee,35530,claudio,MG,Minas Gerais,Southeast,909.0,21,10,90.9
ba89796db68db180bd389de96b2ff3b6,5763,sao paulo,SP,Sao Paulo,Southeast,309.8,2,2,154.9
b9ec22de23f18567de0e09d776ca0309,72318,brasilia,DF,Distrito Federal,Central-West,341.98,2,2,170.99
79ee721b6f766066a80264402548d359,17011,bauru,SP,Sao Paulo,Southeast,538.0,2,2,269.0
11bfa66332777660bd0640ee84d47006,14085,ribeirao preto,SP,Sao Paulo,Southeast,3925.87,102,76,51.66
7d484ca289afaac6bf5fc6a1e96d2226,79104,campo grande,MS,Mato Grosso do Sul,Central-West,183.2,2,2,91.6
5160d23075764e18e07c1f4a87fad743,9720,sao bernardo do campo,SP,Sao Paulo,Southeast,2429.0,39,34,71.44
3a1a1fec38dd360f15fc912e821e169d,2451,sao paulo,SP,Sao Paulo,Southeast,2007.38,15,15,133.83
141440cad9341e553f8401c574a2aa38,85200,pitanga,PR,Parana,South,1288.2,12,11,117.11
05aebce0b5c8f0d41b29b686f2d05fd3,3962,sao paulo,SP,Sao Paulo,Southeast,74.99000000000001,2,2,37.5
dd39ad39b5d3df33037e141c72497ba6,4282,sao paulo,SP,Sao Paulo,Southeast,135.8,2,2,67.9
695051e2981c8b19e77cafe450d5bdf3,6276,osasco,SP,Sao Paulo,Southeast,169.76,1,1,169.76
dd55f1bb788714a40e7954c3be6df745,1021,sao paulo,SP,Sao Paulo,Southeast,7041.759999999999,37,35,201.19
ae7ab174effdead6c241e547e4ca13f0,86703,arapongas,PR,Parana,South,2778.6,7,6,463.1
9d7a1d34a5052409006425275ba1c2b4,14403,franca,SP,Sao Paulo,Southeast,1054.82,16,13,81.14
8c351ed7c326c62123318f4f3246e906,11701,praia grande,SP,Sao Paulo,Southeast,114.9,2,2,57.45
dc4a0fc896dc34b0d5bfec8438291c80,14940,ibitinga,SP,Sao Paulo,Southeast,24180.77,249,231,104.68
3a4127e1ba7208ea37044c5092aae170,8226,sao paulo,SP,Sao Paulo,Southeast,2219.6,6,6,369.93
7c4402417d51474d4d0cda9557340e40,9530,sao caetano do sul,SP,Sao Paulo,Southeast,119.9,1,1,119.9
b9ca8e8baa5d4aa038394a700f63e69f,3001,sao paulo,SP,Sao Paulo,Southeast,1289.77,14,14,92.13
3968920b9aa752ab98f7d5888c9252f2,17056,bauru,SP,Sao Paulo,Southeast,523.3,10,8,65.41
9b522ba7eae9e1d04082f267144583cc,4843,sao paulo,SP,Sao Paulo,Southeast,1507.6,6,4,376.9
539ed9e19811677513447759be5eccfc,31520,belo horizonte,MG,Minas Gerais,Southeast,32.83,2,2,16.42
e26901d5ab434ce92fd9b5c256820a4e,9350,maua,SP,Sao Paulo,Southeast,11990.9,221,202,59.36
9d5604a1f112324ad6b2aa552122e0fb,88075,florianopolis,SP,Sao Paulo,Southeast,421.5,17,13,32.42
a6fe7de3d16f6149ffe280349a8535a0,14401,franca,SP,Sao Paulo,Southeast,2904.7999999999997,52,51,56.96
aac29b1b99776be73c3049939652091d,38408,uberlandia,MG,Minas Gerais,Southeast,6755.91,138,98,68.94
54a1852d1b8f10312c55e906355666ee,13456,santa barbara d'oeste,SP,Sao Paulo,Southeast,17226.44,204,200,86.13
88ae906ea2acf6971f26c3e8b7cb4357,1550,sao paulo,SP,Sao Paulo,Southeast,246.0,3,3,82.0
bba8d0c234a52b87b3957037a215d1a4,74343,goiania,GO,Goias,Central-West,120.0,1,1,120.0
c826c40d7b19f62a09e2d7c5e7295ee2,7133,guarulhos,SP,Sao Paulo,Southeast,45643.74,373,354,128.94
a425f92c199eb576938df686728acd20,81050,curitiba,PR,Parana,South,1165.8,19,17,68.58
3c3017960b2dbd72711a61f0400aab8f,89251,jaragua do sul,SC,Santa Catarina,South,968.8000000000001,10,10,96.88
ab9db4cf53b08b828b64dccaafc2d9f0,96530,paraiso do sul,RS,Rio Grande do Sul,South,277.67,5,5,55.53
113e3a788b935f48aad63e1c41dac1bd,12570,aparecida,SP,Sao Paulo,Southeast,847.35,48,39,21.73
94c49f20a123aeb9360dbf80ff912bf6,18015,sorocaba,SP,Sao Paulo,Southeast,277.75,3,3,92.58
1ca4bdb0cd7fc48e949bac066188ed26,36773,cataguases,MG,Minas Gerais,Southeast,1520.0,4,4,380.0
d12c926d74ceff0a90a21184466ce161,2634,sao paulo,SP,Sao Paulo,Southeast,3944.18,99,78,50.57
71dc18fd8cbf5fd77f45dd8b427abb34,82520,curitiba,PR,Parana,South,1080.0,9,4,270.0
b43d8b707f887a30f4675391098354a0,44600,ipira,SP,Sao Paulo,Southeast,1342.0,4,3,447.33
f235413f677777a0738ff215d0184901,17250,bariri,SP,Sao Paulo,Southeast,1696.7,3,3,565.57
985c92cc412091f8529c12d7f23d3fef,36300,sao joao del rei,MG,Minas Gerais,Southeast,1368.5,12,12,114.04
038b75b729c8a9a04b0d07cba7eabe86,12231,sao jose dos campos,SP,Sao Paulo,Southeast,467.0,2,2,233.5
a4b8d97cd5d3674eeff96abc99d8ed67,13177,sumare,SP,Sao Paulo,Southeast,214.08,1,1,214.08
ffad1e7127fb622cb64a900751590acd,13465,americana,SP,Sao Paulo,Southeast,884.3,15,10,88.43
594f9aaa48e5bf431f011ddc5669b0d5,32185,contagem,MG,Minas Gerais,Southeast,3248.8,38,37,87.81
eba88037e1dca898cd02881f67ced679,3647,sao paulo,SP,Sao Paulo,Southeast,838.1,6,6,139.68
01ed254b9ff8407dfb9d99ba1e17d923,8710,mogi das cruzes,SP,Sao Paulo,Southeast,1465.99,5,5,293.2
f7ccf836d21b2fb1de37564105216cc1,14940,ibitinga,SP,Sao Paulo,Southeast,2787.4,74,70,39.82
7e3f87d16fb353f408d467e74fbd8014,4809,sao paulo,SP,Sao Paulo,Southeast,4754.99,94,92,51.68
9140bd1d9de28b197dce077bdd687438,13900,amparo,SP,Sao Paulo,Southeast,1258.87,8,6,209.81
a2b911e9ad40dc7d61c142a4683e2d85,27353,barra mansa,RJ,Rio de Janeiro,Southeast,85.9,1,1,85.9
a56e351445e5863fc8960640ba9190c7,88306,itajai,SC,Santa Catarina,South,760.9200000000001,4,3,253.64
bb135baca94c82fcb731335ad5b04a03,4362,sao paulo,SP,Sao Paulo,Southeast,1049.8,38,18,58.32
a353b1083c9863d756d9404695016d64,29150,cariacica,ES,Espirito Santo,Southeast,120.0,1,1,120.0
b56828a9f9027f3c918c04ca720d9e3c,11707,praia grande,SP,Sao Paulo,Southeast,360.0,3,3,120.0
6e0908ef4d4efadbc3cc2b74ea477cb0,20910,rio de janeiro,RJ,Rio de Janeiro,Southeast,589.4499999999999,11,8,73.68
5d9f3746e112e696f98ea22c56b3e912,3171,sao paulo,SP,Sao Paulo,Southeast,1322.64,1,1,1322.64
c8143b3069f6746a77421b5ce30a450c,75345,abadia de goias,GO,Goias,Central-West,142.47,1,1,142.47
f5f46307a4d15880ca14fab4ad9dfc9b,89165,rio do sul,SC,Santa Catarina,South,1422.94,10,9,158.1
58c851d1a3c7cd3da329eb59453fed44,13504,rio claro,SP,Sao Paulo,Southeast,268.99,2,2,134.5
4830e40640734fc1c52cd21127c341d4,3573,sao paulo,SP,Sao Paulo,Southeast,9843.47,219,210,46.87
dbb9b48c841a0e39e21f98e1a6b2ec3e,3929,sao paulo,SP,Sao Paulo,Southeast,7186.85,118,108,66.54
8fb67a334bacec338885b4e9e1708073,85905,toledo,PR,Parana,South,59.9,1,1,59.9
c6a7539d424a8402232c2228d7a03c5e,3191,sao paulo,SP,Sao Paulo,Southeast,607.5,15,10,60.75
72c5da29406b4234927b81855e7b64f6,7077,guarulhos,SP,Sao Paulo,Southeast,11798.69,31,31,380.6
e83c76265fc54bf41eac728805e4da77,16074,aracatuba,SP,Sao Paulo,Southeast,237.29999999999998,8,8,29.66
a72f15980dc3e9bfd1a49ac9b2f3af65,17512,marilia,SP,Sao Paulo,Southeast,89.9,1,1,89.9
ad738d3fcf42655ed15c4960b7b6c601,93425,novo hamburgo,RS,Rio Grande do Sul,South,65.0,1,1,65.0
0ed6ce5d87fd9c69eaacaeb778d67235,13473,americana,SP,Sao Paulo,Southeast,2141.42,43,43,49.8
00d8b143d12632bad99c0ad66ad52825,30170,belo horizonte,MG,Minas Gerais,Southeast,86.0,1,1,86.0
fedf2c1386e137f296b3bbf3b635e69d,3410,sao paulo,SP,Sao Paulo,Southeast,131.74,5,2,65.87
8bdd8e3fd58bafa48af76b2c5fd71974,1552,sao paulo,SP,Sao Paulo,Southeast,2324.82,11,11,211.35
4391ea5c5990502176a1dcda44a2373d,91910,porto alegre,RS,Rio Grande do Sul,South,2349.0,5,3,783.0
38e6dada03429a47197d5d584d793b41,4763,sao paulo,SP,Sao Paulo,Southeast,596.14,12,7,85.16
6973a06f484aacf400ece213dbf3d946,12230,sao jose dos campos,SP,Sao Paulo,Southeast,11011.05,115,95,115.91
e83e93b71371817b11d78a63ff156aee,6409,barueri,SP,Sao Paulo,Southeast,286.0,3,2,143.0
9bade61a92bed55a25d2b67b9f4ed739,83005,sao jose dos pinhais,PR,Parana,South,117.68,3,2,58.84
6c6cc59a5c00cacc5054ca06d65cc282,97110,santa maria,RS,Rio Grande do Sul,South,1107.0,1,1,1107.0
c6381b1321d7d97717a5bb4ed5b77882,4276,sao paulo,SP,Sao Paulo,Southeast,66.0,3,2,33.0
d29ba1220fb8634fa3a107e54497b8a4,13560,sao carlos,SP,Sao Paulo,Southeast,724.94,9,9,80.55
226b05fe067266c59c15dae208213d06,81520,curitiba,PR,Parana,South,1056.9,11,10,105.69
578460d8319c51dab351cd9db95eadfe,74550,goiania,GO,Goias,Central-West,235.0,1,1,235.0
328acb143b4a73aad6bee8e734f5d20d,85865,foz do iguacu,PR,Parana,South,699.98,2,2,349.99
788f22bafdd7ab0e1e79f19db72f16a4,4137,sao paulo,SP,Sao Paulo,Southeast,125.80000000000001,2,2,62.9
86ff3eaef0267069cc891a2ed9d10a17,88135,palhoca,SC,Santa Catarina,South,409.75,7,7,58.54
5f7300535881cef3b625fd683cf7d145,92020,canoas,RS,Rio Grande do Sul,South,665.98,11,10,66.6
0cbcee27c791afa0cdcb08587a2013a8,37410,tres coracoes,MG,Minas Gerais,Southeast,5324.15,41,39,136.52
20611af7866c6068fd5ae1f9dbe15c92,13660,porto ferreira,SP,Sao Paulo,Southeast,219.8,2,2,109.9
1fa2d3def6adfa70e58c276bb64fe5bb,4106,sao paulo,SP,Sao Paulo,Southeast,6.9,1,1,6.9
3d2531eccfbde1d7c8db7a3a12fb267a,31340,contagem,MG,Minas Gerais,Southeast,1999.54,10,10,199.95
fcdd820084f17e9982427971e4e9d47f,14075,ribeirao preto,SP,Sao Paulo,Southeast,4783.99,27,16,299.0
d8dd176509baa37f359644d082bf7f7b,9570,sao caetano do sul,SP,Sao Paulo,Southeast,198.0,2,2,99.0
cb5ff1b9715e99589f3e0c7a6afab9e3,87060,maringa,PR,Parana,South,85.0,4,4,21.25
9b1f656ca3060f8af17a50d8a024b533,11013,santos,SP,Sao Paulo,Southeast,41.0,2,2,20.5
43a5d4a57af536fddc96d08be3afdfcb,37006,varginha,MG,Minas Gerais,Southeast,75.0,1,1,75.0
b1a81260566c1bac3114a6d124413f27,99500,carazinho,RS,Rio Grande do Sul,South,8684.69,54,51,170.29
080199a181c46c657dc5aa235411be3b,6097,osasco,SP,Sao Paulo,Southeast,14504.2,83,79,183.6
cca3071e3e9bb7d12640c9fbe2301306,14940,ibitinga,SP,Sao Paulo,Southeast,64009.89,830,712,89.9
788e857f317e53de488d393e65a80f45,8280,sao paulo,SP,Sao Paulo,Southeast,1210.0,11,11,110.0
d51e0a403fe2e689ece6c73359d96e12,17580,pompeia,SP,Sao Paulo,Southeast,7790.0,26,19,410.0
b080809eaacb49e5ca07290981472431,30431,belo horizonte,MG,Minas Gerais,Southeast,424.0,11,11,38.55
7f7b8245c336066a1f9933c359f11d77,13800,mogi mirim,SP,Sao Paulo,Southeast,2094.36,43,38,55.11
8648b1e89e9b349e32d3741b30ec737e,12308,jacarei,SP,Sao Paulo,Southeast,7442.55,103,95,78.34
d50d79cb34e38265a8649c383dcffd48,8290,sao paulo,SP,Sao Paulo,Southeast,13012.42,70,70,185.89
f214d28e8d8e3ef068748498ccc2f813,3872,sao paulo,SP,Sao Paulo,Southeast,2212.41,59,54,40.97
717b78b0950b51ed00b1471d858b0edc,18220,alambari,SP,Sao Paulo,Southeast,138.6,5,5,27.72
aa2640d851ec322526f1295bbeb20092,1156,sao paulo,SP,Sao Paulo,Southeast,159.98,2,1,159.98
ebd2d60905fb58271facef5596b620d3,18683,lencois paulista,SP,Sao Paulo,Southeast,7941.72,88,84,94.54
efcd8d2104f1a05d028af7bad20d974b,16012,aracatuba,SP,Sao Paulo,Southeast,2424.78,51,47,51.59
6562efe88ce0826a4ca4f189f03b4b84,87005,maringa,PR,Parana,South,1135.8999999999999,21,9,126.21
400f221ab83037c0ea78f1267da9624d,17700,osvaldo cruz,SP,Sao Paulo,Southeast,865.0,1,1,865.0
530ec6109d11eaaf87999465c6afee01,85807,cascavel,PR,Parana,South,12983.810000000001,104,97,133.85
a5259c149128e82c9d6d46e0c1c812bb,76900,ji parana,RO,Rondonia,North,1182.26,8,8,147.78
f543ba3c973276f519d89d59bd46cead,15030,sao jose do rio preto,SP,Sao Paulo,Southeast,258.0,2,2,129.0
89f69225956f951295ca4c7fb1266553,27700,vassouras,RJ,Rio de Janeiro,Southeast,1041.3,12,11,94.66
8b11118053756a9a2932f447e11fc1b5,17350,igaracu do tiete,SP,Sao Paulo,Southeast,79.99,1,1,79.99
6bb62a4912377c7bfe7cb17b406bc7e6,13215,jundiai,SP,Sao Paulo,Southeast,739.52,6,4,184.88
f9d010e39375d9c91dce3f40b73a2f84,12600,lorena,SP,Sao Paulo,Southeast,1212.0,5,4,303.0
052577151711aec5c744fe12e66db3e1,89136,rodeio,SC,Santa Catarina,South,2748.0,4,4,687.0
0adac9fbd9a2b63cccaac4f8756c1ca8,13290,louveira,SP,Sao Paulo,Southeast,15960.95,142,110,145.1
269cff2d3c8d205c11f37a52402ea93b,15803,catanduva,SP,Sao Paulo,Southeast,1281.59,5,4,320.4
402916f742e5c740cc751493d9cf5053,39740,guanhaes,MG,Minas Gerais,Southeast,1252.0,10,9,139.11
443d880f15cbd3572885e1d44bf2c478,17506,marilia,SP,Sao Paulo,Southeast,94.8,2,1,94.8
6d22a1fcebb6dd08c9cd90b92a93e8d0,89215,joinville,SC,Santa Catarina,South,723.7,13,12,60.31
04aba03279157f6d4e0fe8ccaf21963c,28470,santo antonio de padua,RJ,Rio de Janeiro,Southeast,2575.9,16,16,160.99
b39d7fe263ef469605dbb32608aee0af,14940,ibitinga,SP,Sao Paulo,Southeast,5193.1,49,44,118.02
ca77545ca4d2dfd1431bf61334e2fa3c,87020,maringa,PR,Parana,South,760.0,10,6,126.67
36890be00bbfc1cdb9a4a38a6af05a69,6040,osasco,SP,Sao Paulo,Southeast,1361.3,13,13,104.72
7b0df942f46435babab05d49b744b2c4,12924,braganca paulista,SP,Sao Paulo,Southeast,22600.63,32,32,706.27
f26d70155c2b6326fcfa1780c8c684e4,89150,presidente getulio,SC,Santa Catarina,South,202.89,1,1,202.89
42fb44130ac3134cde8e35cf8ec7df25,12995,pinhalzinho,SP,Sao Paulo,Southeast,62.699999999999996,3,3,20.9
dd9661d3cda1e6feb237f0c4d8b26f2e,89620,campos novos,SC,Santa Catarina,South,174.0,1,1,174.0
f27e33c6d29b5138fa9967bcd445b6d5,4273,sao paulo,SP,Sao Paulo,Southeast,8888.3,98,93,95.57
55d3daac7c404d59e51c2aa2f4dc5a23,2150,sao paulo,SP,Sao Paulo,Southeast,4480.6,28,21,213.36
659e8466eb3ff1b0e8740d74fb7bbedd,45820,eunapolis,BA,Bahia,Northeast,1486.8,14,11,135.16
1c40343cc5d18c2d8248ac2f3366de34,13482,limeira,SP,Sao Paulo,Southeast,2461.41,22,21,117.21
e3a386fc36e22064434e1fa256f6a9fa,13165,engenheiro coelho,SP,Sao Paulo,Southeast,793.9,17,16,49.62
c9aafcd0621b2207c10e32c649cada4d,8011,sao paulo,SP,Sao Paulo,Southeast,2997.25,52,44,68.12
72431a818f97fe6ab9c81eee3e297e54,13390,rio das pedras,SP,Sao Paulo,Southeast,229.9,1,1,229.9
184a67a8f9f63234d3a92340bbdb727f,89220,joinville,SC,Santa Catarina,South,268.66,11,8,33.58
9fe7c6641c79970ab48185498f547c09,3147,sao paulo,SP,Sao Paulo,Southeast,130.0,1,1,130.0
08ad4ac1388e4420ca531c3edfc46198,6663,itapevi,SP,Sao Paulo,Southeast,221.61999999999998,7,6,36.94
6fc26fe110feebd80a433e1f012a84f9,15601,fernandopolis,SP,Sao Paulo,Southeast,4150.87,72,35,118.6
2f4b9d112bfa44a214bc6cef085d17c8,29600,afonso claudio,ES,Espirito Santo,Southeast,293.99,6,5,58.8
ab27bbbad5239bc31a34709275a70db4,18279,tatui,SP,Sao Paulo,Southeast,382.9,11,3,127.63
c37b2059d4f90d4feead554e5246565e,5170,sao paulo,SP,Sao Paulo,Southeast,839.3,16,12,69.94
f43827dd686be3a4a80e00aa299990fb,15055,sao jose do rio preto,SP,Sao Paulo,Southeast,95.54,2,1,95.54
e601b04acf48b4576e73ddca9481f0dc,4476,sao paulo,SP,Sao Paulo,Southeast,491.94,16,15,32.8
98dac6635aee4995d501a3972e047414,2030,sao paulo,SP,Sao Paulo,Southeast,4235.85,195,91,46.55
3d39fbf22a665714baf62fae36029e23,13040,campinas,SP,Sao Paulo,Southeast,2504.2,8,8,313.02
a49928bcdf77c55c6d6e05e09a9b4ca5,3017,sao paulo,SP,Sao Paulo,Southeast,8816.7,106,98,89.97
b12cfd255810394b60caef18ae163547,85810,cascavel,PR,Parana,South,560.0,2,2,280.0
a1bea7061f61f6fdd9a85a6325ba1033,6311,carapicuiba / sao paulo,SP,Sao Paulo,Southeast,810.95,9,9,90.11
3c88ed2e76a2247933a15daa7161eb1c,13154,cosmopolis,SP,Sao Paulo,Southeast,155.0,1,1,155.0
51ed72984a04e5dd35c2b27e77179038,15050,sao jose do rio preto,SP,Sao Paulo,Southeast,1294.3,7,7,184.9
3ac588cd562971392504a9e17130c40b,13480,limeira,SP,Sao Paulo,Southeast,11.9,1,1,11.9
606ce7768feac12c5e8bd58db8b08f0f,13084,campinas,SP,Sao Paulo,Southeast,2916.6,5,5,583.32
6879c4d287a8dd06b11f54ea8f78e4da,6186,osasco,SP,Sao Paulo,Southeast,527.67,6,6,87.94
ccbd753e6863fe7314dc6c0ca5a074e7,89046,blumenau,SC,Santa Catarina,South,495.0,1,1,495.0
0d85bbda9889ce1f7e63778d24f346eb,38414,uberlandia,MG,Minas Gerais,Southeast,4845.2,58,51,95.0
4c61e37f664c3c88aff092aa5ac779d7,24020,niteroi,RJ,Rio de Janeiro,Southeast,788.3100000000001,8,7,112.62
b44dbfbf62e52125f3c15d230569ea91,4251,sao paulo,SP,Sao Paulo,Southeast,609.37,8,4,152.34
d624126b9206f595fb3fbb6ba03b28a8,80045,curitiba,PR,Parana,South,7198.8,28,23,312.99
26d8a1c7c75d513045798992ead43aa2,86800,apucarana,PR,Parana,South,8244.12,38,36,229.0
e6a69c4a27dfdd98ffe5aa757ad744bc,4424,sao paulo,SP,Sao Paulo,Southeast,2076.2,29,24,86.51
6bd69102ab48df500790a8cecfc285c2,4293,sao paulo,SP,Sao Paulo,Southeast,8070.0,5,5,1614.0
f181738b150df1f37cb0bd72e705b193,6317,carapicuiba,SP,Sao Paulo,Southeast,5529.7,37,36,153.6
4305fe92735c8a43d154ff6dd2b8d927,35170,coronel fabriciano,MG,Minas Gerais,Southeast,2885.9,21,19,151.89
4f1f1c8666cdb6442f775c4e8caed465,30240,belo horizonte,MG,Minas Gerais,Southeast,944.98,2,2,472.49
7dea6f73af847b42cc3985bd620f994d,85813,cascavel,PR,Parana,South,324.0,2,2,162.0
a0a14e50070f3225b3eabba5b85da517,81900,curitiba,PR,Parana,South,176.2,4,4,44.05
bd4889b5e9133b35b66e42a8665cea5c,2963,sao paulo,SP,Sao Paulo,Southeast,6271.9,42,36,174.22
0b3f27369a4d8df98f7eb91077e438ac,7412,aruja,SP,Sao Paulo,Southeast,146.51,2,2,73.26
d5c530f4884a75ae0dba9c148718d278,35660,centro,MG,Minas Gerais,Southeast,280.88,9,6,46.81
5ab05b6d86d417796c69ffd6774ec832,19815,assis,SP,Sao Paulo,Southeast,1886.1000000000001,12,10,188.61
d4d99b60c4c94cd35acd502cec65dc8d,4904,sao paulo,SP,Sao Paulo,Southeast,72.9,1,1,72.9
9de4643a8dbde634fe55621059d92273,89225,joinville,SC,Santa Catarina,South,17560.34,81,72,243.89
3be634553519fb6536a03e1358e9fdc7,8275,sao paulo,SP,Sao Paulo,Southeast,5370.95,99,83,64.71
b906dd0e57f282c7089171b6ed07982e,87083,parana,PR,Parana,South,175.0,2,2,87.5
ed46f1eb4a638113deb2a1137b5f22e9,89080,indaial,SC,Santa Catarina,South,3470.0,4,4,867.5
c8025364abeecb115431bf95c11a747f,90630,porto alegre,RS,Rio Grande do Sul,South,928.0,2,2,464.0
04308b1ee57b6625f47df1d56f00eedf,88215,bombinhas,SC,Santa Catarina,South,60130.6,94,94,639.69
457fe919b032a3f7dadba6fb92cf7855,13140,paulinia,SP,Sao Paulo,Southeast,1104.89,12,9,122.77
f3055483058c84d75ca2a3314fb4deef,40368,salvador,BA,Bahia,Northeast,67.5,1,1,67.5
0ac4201fda2c68ebc0e47cb9423cf3c9,3345,sao paulo,SP,Sao Paulo,Southeast,1676.88,14,13,128.99
a2b5b6105ea5942300631d2e76f4ffe0,6283,osasco,SP,Sao Paulo,Southeast,3286.6899999999996,16,16,205.42
23d7c96d4a1160db1c726b248601b25a,13360,capivari,SP,Sao Paulo,Southeast,11766.94,55,53,222.02
e883aa812c37a7413226856f4579fe91,6696,itapevi,SP,Sao Paulo,Southeast,4097.1,29,26,157.58
86bb7c4b535e49a541baf3266b1c95b1,14401,franca,SP,Sao Paulo,Southeast,8162.4,16,16,510.15
cb810bd318f51b3dc3c753944d61a1fa,24240,niteroi,RJ,Rio de Janeiro,Southeast,1750.0,1,1,1750.0
c0563dd588b775f2e37747ef6ad6c92c,9220,santo andre,SP,Sao Paulo,Southeast,3697.2000000000003,28,28,132.04
820cc752a266cdc6c1a1e61dd4583330,87050,maringa,PR,Parana,South,2802.7999999999997,15,15,186.85
e5475dcab1e07b63d7f6e902d8f5eda8,9921,diadema,SP,Sao Paulo,Southeast,2192.0,19,19,115.37
333c4210e76a1aa2ab817b99437e3ff1,13880,vargem grande do sul,SP,Sao Paulo,Southeast,335.0,2,2,167.5
aded58c8142dedc5494a81f948431fab,22051,rio de janeiro,RJ,Rio de Janeiro,Southeast,289.5,5,4,72.38
33a6f4b1e7cdc205511e76ba1b6e0186,7084,guarulhos,SP,Sao Paulo,Southeast,10295.01,126,105,98.05
91f848e9f4be368f4318775aac733370,3029,sao paulo,SP,Sao Paulo,Southeast,5932.599999999999,73,63,94.17
7a67c85e85bb2ce8582c35f2203ad736,3426,sao paulo,SP,Sao Paulo,Southeast,141745.53,1171,1160,122.19
55029529919c0123526150bd26ca8f20,32280,contagem,MG,Minas Gerais,Southeast,453.95,7,7,64.85
b372ee768ed69e46ca8cdbd267aa7a38,15013,sao jose do rio preto,SP,Sao Paulo,Southeast,12630.0,69,63,200.48
d20b021d3efdf267a402c402a48ea64b,14940,ibitinga,SP,Sao Paulo,Southeast,4140.17,106,90,46.0
cf6f6bc4df3999b9c6440f124fb2f687,4937,sao paulo,SP,Sao Paulo,Southeast,3.5,1,1,3.5
a3b42d266fa8afc874b909422ce88582,14620,orlandia,SP,Sao Paulo,Southeast,839.4000000000001,6,1,839.4
d63c73efd41eb002280e7ec831424edb,13405,piracicaba,SP,Sao Paulo,Southeast,5598.0,2,2,2799.0
dc7192adf8ba09569261f4a8d576afe0,18401,itapeva,SP,Sao Paulo,Southeast,917.0,8,7,131.0
0ea22c1cfbdc755f86b9b54b39c16043,35700,sete lagoas,MG,Minas Gerais,Southeast,10711.7,269,237,45.2
be8e909810184b9b19e886129149d8e5,13418,piracicaba,SP,Sao Paulo,Southeast,629.85,15,15,41.99
269c5fc9fcadee614364c3620c30a1f9,7140,guarulhos,SP,Sao Paulo,Southeast,209.6,6,3,69.87
bbaff50f3b708fda865918715276cd87,12940,atibaia,SP,Sao Paulo,Southeast,449.7,16,12,37.48
3b18f9856c6eb2413eafedb58e9eecd9,9280,santo andre,SP,Sao Paulo,Southeast,315.0,1,1,315.0
db2956745b3a8e9f3785c99f34b5d25e,11600,sao sebastiao,SP,Sao Paulo,Southeast,8599.0,48,47,182.96
8fb791022c1fc8909664f48ab7dc636d,3976,sao paulo,SP,Sao Paulo,Southeast,8119.95,5,5,1623.99
232a6014e7b10cba61c6c2b2ea6bb4b0,16500,cafelandia,SP,Sao Paulo,Southeast,3919.87,36,33,118.78
6614814a00d344b846ae209f95ee7e3f,17290,macatuba,SP,Sao Paulo,Southeast,13.0,1,1,13.0
59cd88080b93f3c18508673122d26169,11707,praia grande,SP,Sao Paulo,Southeast,392.33,12,10,39.23
fffd5413c0700ac820c7069d66d98c89,13908,amparo,SP,Sao Paulo,Southeast,9062.3,61,60,151.04
712e6ed8aa4aa1fa65dab41fed5737e4,89560,videira,SC,Santa Catarina,South,39815.0,87,79,503.99
b5abf4f36adc043117b4fca82c22984c,72251,brasilia,DF,Distrito Federal,Central-West,1247.8,12,11,113.44
6dd7dce75cd55c1ce255dc38d9f0cd46,88137,palhoca,SC,Santa Catarina,South,75.0,1,1,75.0
bbe87dce25ba8b38bb61cc7210a3f10b,13870,sao joao da boa vista,SP,Sao Paulo,Southeast,287.0,2,2,143.5
99a25c39b28a74d1151c35c18d178292,2236,sao paulo,SP,Sao Paulo,Southeast,173.94,6,1,173.94
05730013efda596306417c3b09302475,88813,criciuma,SC,Santa Catarina,South,952.0,4,4,238.0
0b35c634521043bf4b47e21547b99ab5,84530,teixeira soares,PR,Parana,South,13533.65,78,51,265.37
c35672b10ad50968f567ea3f4b91e877,26551,mesquita,RJ,Rio de Janeiro,Southeast,1150.57,22,18,63.92
f5403d3f50089112c4eed37928b7f622,15600,fernandopolis,SP,Sao Paulo,Southeast,190.8,2,2,95.4
f435898e493ba0356019a0b1cb8b55b1,81720,curitiba,PR,Parana,South,649.76,12,10,64.98
7adbd3210a7b3cc2235e225eef33574d,2544,sao paulo,SP,Sao Paulo,Southeast,131.9,3,3,43.97
d8cf3b6a2151949f930d0252b180ec42,87160,mandaguacu,PR,Parana,South,623.7,19,6,103.95
4ce8b55b4bfa4659184e7becc1fba3f2,83823,fazenda rio grande,PR,Parana,South,199.0,2,2,99.5
5d043cd5512d4bd2f88e5ccdd5736c38,2710,sao paulo,SP,Sao Paulo,Southeast,650.0,1,1,650.0
7a073a40a9d3f1fee8bc45670ea1e909,86040,londrina,PR,Parana,South,95.0,1,1,95.0
edb1ef5e36e0c8cd84eb3c9b003e486d,25957,teresopolis,RJ,Rio de Janeiro,Southeast,79284.55,175,166,477.62
761681a821d8275bc79f552116d06869,17606,sao paulo,SP,Sao Paulo,Southeast,354.92,3,3,118.31
3361277dc30b7cccdb0c286b24219756,87015,maringa,PR,Parana,South,3905.05,42,29,134.66
519a7aa428f18d125a283cf8c014fdd6,89180,rio do oeste,SC,Santa Catarina,South,79.69999999999999,3,3,26.57
3c7c4a49ec3c6550809089c6a2ca9370,3804,sao paulo,SP,Sao Paulo,Southeast,4033.6400000000003,160,141,28.61
53b0300ca793f9834cd69c0678d35ee8,13339,indaiatuba,SP,Sao Paulo,Southeast,1662.15,10,5,332.43
822bad9bc42b51213ba522fe87b7ab5d,88330,balneario camboriu,SC,Santa Catarina,South,5160.0,18,18,286.67
48162d548f5b1b11b9d29d1e01f75a61,13403,piracicaba,SP,Sao Paulo,Southeast,20510.14,91,68,301.62
88ef59b51bdaa941d10a853429f2b6ce,83280,guaratuba,PR,Parana,South,252.9,2,2,126.45
1992f8fb6b19fcccd97ca819811e7267,1403,sao paulo,SP,Sao Paulo,Southeast,28.8,1,1,28.8
3fd1e727ba94cfe122d165e176ce7967,14802,araraquara,SP,Sao Paulo,Southeast,2805.2000000000003,38,37,75.82
ea4e9ce63a2134743b4a92777437fcdd,88135,palhoca,SC,Santa Catarina,South,316.6,4,3,105.53
45a3d05fb00435e52a28859dd03703b3,7176,guarulhos,SP,Sao Paulo,Southeast,1299.0,1,1,1299.0
c3fe93ba3085f92855c97e57f38c8c05,81510,curitiba,PR,Parana,South,245.0,7,7,35.0
9646c3513289980f17226a2fc4720dbd,12215,sao jose dos campos,SP,Sao Paulo,Southeast,3039.2999999999997,78,71,42.81
52a52b9f656520e99716f5bc40f661c8,13573,sao carlos,SP,Sao Paulo,Southeast,783.1,8,7,111.87
36a968b544695394e4e9d7572688598f,11010,santos,SP,Sao Paulo,Southeast,9482.87,162,154,61.58
4b5f66b7adcf57f1ecc0d3c07dd6b177,87025,vendas@creditparts.com.br,PR,Parana,South,6381.78,38,23,277.47
ec21206b7894c503788a684a7bc822a6,28950,armacao dos buzios,RJ,Rio de Janeiro,Southeast,247.8,3,3,82.6
b1aaae6b66ad3c40f54b389d7ea4bee0,4714,sao paulo,SP,Sao Paulo,Southeast,1176.5,17,15,78.43
89ad3263c0931c47f976d7c5778e60f6,5127,sao paulo,SP,Sao Paulo,Southeast,568.2,6,6,94.7
af4a0e4cfe1d9c26b6712b1be25a72e5,35670,mateus leme,MG,Minas Gerais,Southeast,8757.98,26,21,417.05
6f1a1263039c76e68f40a8e536b1da6a,3581,sao paulop,SP,Sao Paulo,Southeast,256.39,7,4,64.1
5f67c6082caacb26e431a7b17940cece,87083,maringa,PR,Parana,South,1662.6,14,13,127.89
5721089ba9214e80074f27d5a03fc0eb,1408,sao paulo,SP,Sao Paulo,Southeast,245.92999999999998,7,5,49.19
1782ce2db72c3dda627d5e7c898104e1,6766,taboao da serra,SP,Sao Paulo,Southeast,2010.8,10,9,223.42
8160255418d5aaa7dbdc9f4c64ebda44,14940,ibitinga,SP,Sao Paulo,Southeast,47017.69,431,385,122.12
cee48807215b30a12ca2ca10ffb5f250,11431,guaruja,SP,Sao Paulo,Southeast,7212.2300000000005,40,39,184.93
8e670472e453ba34a379331513d6aab1,36087,juiz de fora,MG,Minas Gerais,Southeast,975.0,1,1,975.0
633ecdf879b94b5337cca303328e4a25,4438,sao paulo,SP,Sao Paulo,Southeast,1037.6000000000001,6,6,172.93
05a940b4ecae36cadfd8e93bd9c43257,74305,goiania,GO,Goias,Central-West,952.0,10,10,95.2
da7039f29f90ce5b4846ffc0fcc93beb,9041,santo andre,SP,Sao Paulo,Southeast,1259.1,18,17,74.06
4c03b9dd4c11ee2cb35c96c49efc9420,13232,campo limpo paulista,SP,Sao Paulo,Southeast,6458.6,48,48,134.55
a5a1bfcf728ab0e19182959cf0771ee4,13960,socorro,SP,Sao Paulo,Southeast,1812.96,24,21,86.33
431050a06a317f2b38168dec3dcd2b46,2475,sao paulo,SP,Sao Paulo,Southeast,1487.8,12,12,123.98
40ec8ab6cdafbcc4f544da38c67da39a,85603,francisco beltrao,PR,Parana,South,117.8,2,2,58.9
ffff564a4f9085cd26170f4732393726,13070,campinas,SP,Sao Paulo,Southeast,1426.3,20,20,71.32
bede56095ba33c42038fb85f707b8a42,13271,valinhos,SP,Sao Paulo,Southeast,3973.9,2,2,1986.95
bbad7e518d7af88a0897397ffdca1979,1512,sao paulo,SP,Sao Paulo,Southeast,4462.22,85,69,64.67
a806a4bb063ea7ca6d374eafa50a6058,29161,serra,ES,Espirito Santo,Southeast,294.4,6,5,58.88
1b1ae47a313a825a7ccceb8e2e30fa9d,83450,bocaiuva do sul,PR,Parana,South,2243.9,11,11,203.99
d9e7e7778b32987280a6f2cb9a39c57d,3304,sao paulo,SP,Sao Paulo,Southeast,722.5,13,11,65.68
99a54764c341d5dc80b4a8fac4eba3fb,3273,sao paulo,SP,Sao Paulo,Southeast,3708.7599999999998,67,45,82.42
939f6e231201f26803cb5c3a3d2940b3,17051,bauru,SP,Sao Paulo,Southeast,130.6,4,3,43.53
282f23a9769b2690c5dda22e316f9941,31573,belo horizonte,MG,Minas Gerais,Southeast,6505.08,110,99,65.71
427165bf50f8ca07efc7bdc2bfcf1688,13471,americana,SP,Sao Paulo,Southeast,1603.5,5,5,320.7
d03698c2efd04a549382afa6623e27fb,45658,ilheus,BA,Bahia,Northeast,8865.47,21,18,492.53
e21a1e8be4715b0fcfd5385643bc49c4,88715,jaguaruna,SC,Santa Catarina,South,703.5999999999999,24,21,33.5
1e26c56af8d48424e1df0140a2401f83,13911,jaguariuna,SP,Sao Paulo,Southeast,258.9,2,2,129.45
8f119a0aee85c0c8fc534629734e94fd,6440,barueri,SP,Sao Paulo,Southeast,3733.68,83,77,48.49
fdaaf5bfda82b7b80535610c831b8d09,15015,sao jose do rio preto,SP,Sao Paulo,Southeast,2588.9,15,10,258.89
b274baf5bbd142410eb2958cf685d684,95780,montenegro,RS,Rio Grande do Sul,South,585.9,7,7,83.7
bcc9dd23e2a8bd8267cf92b19304a1b9,14940,ibitinga,SP,Sao Paulo,Southeast,202.79000000000002,3,3,67.6
751e274377499a8503fd6243ad9c56f6,13097,campinas,SP,Sao Paulo,Southeast,218.0,2,1,218.0
1fddcb7b326905d3ad5efe82187db347,2279,sao paulo,SP,Sao Paulo,Southeast,92.0,1,1,92.0
b1fc4f64df5a0e8b6913ab38803c57a9,24440,sao goncalo,RJ,Rio de Janeiro,Southeast,7994.74,121,107,74.72
4eb61f060e7dcc1d5a80d806c35cc541,5743,sao paulo,SP,Sao Paulo,Southeast,1313.0,8,8,164.12
1d0646a72178a6fb37ee8082140e06ec,89203,joinville,SC,Santa Catarina,South,61.0,2,2,30.5
0ebd97a106433a45a4aebe57c1799778,32240,contagem,MG,Minas Gerais,Southeast,3046.8,32,31,98.28
63bc58679c44e8a998792119fd7ad23e,5595,sao paulo,SP,Sao Paulo,Southeast,19.9,1,1,19.9
101921376b577a4540dc30e9009133ca,13505,rio claro,SP,Sao Paulo,Southeast,373.0,1,1,373.0
f0ec78809fe0bc3edb11c9fe5b97b059,4291,sao paulo,SP,Sao Paulo,Southeast,62.599999999999994,2,2,31.3
6219ba2359cfb97f2e38fd4c321eb309,2110,sao paulo,SP,Sao Paulo,Southeast,487.5,6,6,81.25
a7f13822ceb966b076af67121f87b063,8577,itaquaquecetuba,SP,Sao Paulo,Southeast,12477.64,86,75,166.37
4e8dacf3d38f281ae26c3e0321d92d88,8420,sao paulo,SP,Sao Paulo,Southeast,2644.95,15,10,264.5
78a4d36f65a019172c6154468831a69f,17018,bauru,SP,Sao Paulo,Southeast,1545.5,7,7,220.79
c64a2aec32cc408a8a4c6d7c46017f91,95625,imbe,RS,Rio Grande do Sul,South,3221.5,9,9,357.94
cb162c8eef257253782d245c08d9097c,6419,barueri,SP,Sao Paulo,Southeast,34.99,1,1,34.99
fc6295add6f51a0936407ead70c1001d,4101,sao paulo,SP,Sao Paulo,Southeast,160.0,4,1,160.0
f0e103c63864d5405b958d984b6e94c9,6150,osasco,SP,Sao Paulo,Southeast,951.7,11,11,86.52
5def4c3732941a971cba8fdee992ede1,2113,sao paulo,SP,Sao Paulo,Southeast,134.8,6,5,26.96
80e6699fe29150b372a0c8a1ebf7dcc8,83323,pinhais,PR,Parana,South,11441.56,100,98,116.75
42ef3192a9ff87a22d1867b74b3ee205,9090,santo andre,SP,Sao Paulo,Southeast,1354.0900000000001,23,23,58.87
a2deecd5398f5df4987110c80a1972a3,5043,sao paulo,SP,Sao Paulo,Southeast,827.4300000000001,16,16,51.71
9853a239ab7b7ebbdc3a21248d5b8e1f,83602,campo largo,PR,Parana,South,381.0,5,5,76.2
f8e2c1b59cd4225a3e4fd0d013a76b93,14021,ribeirao preto,SP,Sao Paulo,Southeast,219.8,3,2,109.9
9c3c24eca51c52b91c1de727d2a2ae06,95020,caxias do sul,RS,Rio Grande do Sul,South,307.5,6,6,51.25
f524ad65d7e0f1daab730ef2d2e86196,99300,soledade,RS,Rio Grande do Sul,South,578.0,2,1,578.0
aae5953b9edddf14749c0d65d60eb4b9,31035,belo horizonte,MG,Minas Gerais,Southeast,173.0,2,2,86.5
c003204e1ab016dfa150abc119207b24,7790,cajamar,SP,Sao Paulo,Southeast,25108.09,202,197,127.45
5656537e588803a555b8eb41f07a944b,72015,brasilia,DF,Distrito Federal,Central-West,8065.93,188,174,46.36
503c1de08ae81a2d86f17951b204db55,3725,sao paulo,SP,Sao Paulo,Southeast,4906.99,22,22,223.04
b8bc237ba3788b23da09c0f1f3a3288c,88303,itajai,SC,Santa Catarina,South,13685.710000000001,47,45,304.13
7816cd9c5b1238e320545f5bf7eb80e8,14801,araraquara,SP,Sao Paulo,Southeast,489.0,1,1,489.0
213fafb0ca06fb3d5886579c2565791b,35700,sete lagoas,MG,Minas Gerais,Southeast,189.70000000000002,3,3,63.23
404e1ba01358af4cd63f679b2c4d1fa1,36032,juiz de fora,MG,Minas Gerais,Southeast,373.9,12,8,46.74
186cdd1b2df32caa72cfb410bba768d3,89295,rio negrinho,SC,Santa Catarina,South,1341.45,6,6,223.58
de23c3b98a88888289c6f5cc1209054a,5530,sao paulo,SP,Sao Paulo,Southeast,26399.670000000002,181,164,160.97
fe49ee029e61e789a1f3a5525f57ba8d,6018,osasco,SP,Sao Paulo,Southeast,2527.5899999999997,17,17,148.68
902c99f1ac505c0d18778b61bcd636f7,13840,mogi guacu,SP,Sao Paulo,Southeast,157.96,4,4,39.49
94ca168e8bcb407ab85c5da308863027,16250,clementina,SP,Sao Paulo,Southeast,224.3,5,5,44.86
82921991ff5b557b045605b8bbf08d49,1023,sao paulo,SP,Sao Paulo,Southeast,18.9,1,1,18.9
77128dec4bec4878c37ab7d6169d6f26,2610,sao paulo,SP,Sao Paulo,Southeast,6.5,1,1,6.5
4bf658053d453036c70976bccb2c31b2,15070,sao jose do rio preto,SP,Sao Paulo,Southeast,1742.99,2,2,871.5
e8a85b5f3df47be0984c55fd4064dbb4,71825,brasilia,DF,Distrito Federal,Central-West,743.0,14,8,92.88
28f10b1c5e5abb9d4857745bede6147c,4250,sao paulo,SP,Sao Paulo,Southeast,835.0,28,28,29.82
48bad451945f5227341793478d6353ea,1220,sao paulo,SP,Sao Paulo,Southeast,307.0,3,3,102.33
2a61c271b1ac763450d846849783e922,9175,santo andre,SP,Sao Paulo,Southeast,1516.76,23,18,84.26
ba6ce6de456f6c11d08c17701ba5c26f,18044,sorocaba,SP,Sao Paulo,Southeast,744.35,7,6,124.06
5dceca129747e92ff8ef7a997dc4f8ca,13450,santa barbara d´oeste,SP,Sao Paulo,Southeast,112155.53,346,325,345.09
e1dc0754bada9ee4cfe9713f22f61292,25035,duque de caxias,RJ,Rio de Janeiro,Southeast,885.0,12,12,73.75
39a5005f2605cbdb4f9ac14485cabfd1,14780,barretos,SP,Sao Paulo,Southeast,501.07,8,3,167.02
2bf28e311bba65237358230cabac3f15,86047,londrina,PR,Parana,South,294.0,8,7,42.0
0e44d110fa6a54e121cb2c095a77762f,7901,francisco morato,SP,Sao Paulo,Southeast,223.32,6,6,37.22
3d871de0142ce09b7081e2b9d1733cb1,13232,campo limpo paulista,SP,Sao Paulo,Southeast,94914.2,1147,1080,87.88
bf0d50a6410d487dc97d2baac0a8c0be,13408,piracicaba,SP,Sao Paulo,Southeast,27.9,1,1,27.9
51e4e89242cbb846c2deff3dc015650e,96203,rio grande,RS,Rio Grande do Sul,South,822.58,16,16,51.41
86ccac0b835037332a596a33b6949ee1,89041,blumenau,SC,Santa Catarina,South,16619.93,210,180,92.33
c97aa4ee7420f937da13b7f9e2228b99,93510,novo hamburgo,RS,Rio Grande do Sul,South,29.9,1,1,29.9
aac51c486b672a9850d59f3e84b1cf88,2752,sao paulo,SP,Sao Paulo,Southeast,728.28,13,10,72.83
3340ef1913fb70d28420f6ceb685c339,87040,maringa,PR,Parana,South,6731.15,42,32,210.35
76de363de16dacc923eec8daf91df504,89825,xaxim,SC,Santa Catarina,South,360.0,2,2,180.0
58b98ccb79873e04eac4357cacc590d9,13043,campinas,SP,Sao Paulo,Southeast,23.0,1,1,23.0
fc99f99385ae90f66f01733856fb88c9,18550,boituva,SP,Sao Paulo,Southeast,89.9,1,1,89.9
b74d1c09cb380e1d03a6f859c6f4224b,20061,rio de janeiro,RJ,Rio de Janeiro,Southeast,2221.6,39,31,71.66
1bb2bdb95f4841f1bba2c0d2cd83d3c9,1257,sao paulo,SP,Sao Paulo,Southeast,5002.71,85,81,61.76
670c26e0f1bf8d0576271d5cfaec6d2b,87025,maringa,PR,Parana,South,6341.6,87,78,81.3
c32fc744b9160ac853450488e3cfea93,14020,ribeirao preto,SP,Sao Paulo,Southeast,185.70000000000002,3,3,61.9
59de1d4c8c057c2a53acd4ca66531af2,80215,curitiba,PR,Parana,South,135.0,1,1,135.0
e64882b4ef12aee8d0faca4db5b681f4,74210,goiania,GO,Goias,Central-West,230.0,2,1,230.0
1b65c144b17e607c0f37f10bb7dfec8d,89160,rio do sul,SC,Santa Catarina,South,1109.5,5,5,221.9
15ac3c501e2599e4917316fde5c5669a,4911,sao paulo,SP,Sao Paulo,Southeast,144.2,1,1,144.2
f4aba7c0bca51484c30ab7bdc34bcdd1,1031,sao paulo,SP,Sao Paulo,Southeast,3009.79,117,110,27.36
e0878efa0e0b7e5313ac0b43bc04c081,80230,curitiba,PR,Parana,South,5065.299999999999,29,27,187.6
03a2a6dcbe45d639c4dc2a0d24769c40,9340,maua,SP,Sao Paulo,Southeast,1078.41,9,9,119.82
327b89b872c14d1c0be7235ef4871685,69005,manaus,AM,Amazonas,North,1177.0,3,3,392.33
e9d99831abad74458942f21e16f33f92,3542,sao paulo,SP,Sao Paulo,Southeast,4922.4800000000005,149,130,37.87
a45765f8afb1e594b22bf9e974b46765,2411,sao paulo,SP,Sao Paulo,Southeast,79.99,1,1,79.99
dc8798cbf453b7e0f98745e396cc5616,5455,sao paulo,SP,Sao Paulo,Southeast,2056.3,51,41,50.15
d9cd369bffa979d1634f8e1318bf2f1b,15115,bady bassitt,SP,Sao Paulo,Southeast,678.0,3,3,226.0
240b9776d844d37535668549a396af32,24120,niteroi,RJ,Rio de Janeiro,Southeast,13592.08,36,36,377.56
70f7e8018e3d46c748c92f026aa2585a,1314,sao paulo,SP,Sao Paulo,Southeast,239.8,2,1,239.8
d1e2fe627180431ffda076abb303c56f,25900,rio de janeiro,RJ,Rio de Janeiro,Southeast,289.0,1,1,289.0
3f2af2670e104d1bcb54022274daeac5,87240,terra boa,PR,Parana,South,973.6,7,6,162.27
bb3dca718920a4d7ec3cc9ffb025108b,8011,sao paulo,SP,Sao Paulo,Southeast,108.0,3,2,54.0
babcc0ab201e4c60188427cae51a5b8b,13660,porto ferreira,SP,Sao Paulo,Southeast,79.0,1,1,79.0
eed78ac17f7f795a19a709745f00cd4e,18608,botucatu,SP,Sao Paulo,Southeast,4349.5,56,22,197.7
a2e874074c877c5a05abae80ad6e488f,15070,sao jose do rio preto,SP,Sao Paulo,Southeast,8071.9800000000005,46,44,183.45
abcd2cb37d46c2c8fb1bf071c859fc5b,78020,cuiaba,MT,Mato Grosso,Central-West,4880.22,52,45,108.45
1703bc09972dab9782e7a9194943b69f,37165,minas gerais,MG,Minas Gerais,Southeast,249.9,1,1,249.9
365e445f796710c3431557e85caa25db,4083,sao paulo,SP,Sao Paulo,Southeast,1115.0,5,4,278.75
0bb738e4d789e63e2267697c42d35a2d,18130,sao roque,SP,Sao Paulo,Southeast,2388.3,31,30,79.61
3d290fe363c60a77498c1126fd3fb8d3,6694,itapevi,SP,Sao Paulo,Southeast,198.98,3,3,66.33
325f3178fb58e2a9778334621eecdbf9,6790,taboao da serra,SP,Sao Paulo,Southeast,981.6999999999999,46,36,27.27
8c16d1f32a54d92897cc437244442e1b,89023,blumenau,SC,Santa Catarina,South,5642.6,118,108,52.25
f5a590cf36251cf1162ea35bef76fe84,9720,sao bernardo do campo,SP,Sao Paulo,Southeast,53201.78,122,117,454.72
61f159ef6da2d441951d2c0efa719362,29160,serra,ES,Espirito Santo,Southeast,154.97,3,3,51.66
1e8b33f18b4f7598d87f5cbee2282cc2,2066,sao paulo,SP,Sao Paulo,Southeast,17309.06,140,123,140.72
59cea8e446d3834393058e7e0666b6fb,87050,maringa,PR,Parana,South,696.6,10,10,69.66
8c5e007d7bd5693fa1386ffefbc99f6c,13347,indaiatuba,SP,Sao Paulo,Southeast,1029.11,24,9,114.35
1da3aeb70d7989d1e6d9b0e887f97c23,4265,sao paulo,SP,Sao Paulo,Southeast,8823.52,328,265,33.3
5b67882648febfb6e1225e6ad7164f6b,87502,umuarama,PR,Parana,South,6813.4800000000005,30,27,252.35
53e4c6e0f4312d4d2107a8c9cddf45cd,13920,pedreira,SP,Sao Paulo,Southeast,30148.95,522,473,63.74
039e6ad9dae79614493083e241147386,3560,sao paulo,SP,Sao Paulo,Southeast,12925.0,5,5,2585.0
d65f31d2413268e671989503f6cf9993,13160,artur nogueira,SP,Sao Paulo,Southeast,488.8,3,2,244.4
cad10cc982ab6a391570c211b995c17c,18701,avare,SP,Sao Paulo,Southeast,47.4,1,1,47.4
527801b552d0077ffd170872eb49683b,17400,garca,SP,Sao Paulo,Southeast,17942.8,92,90,199.36
be67f78487e2cecb0d55bc769709e4f5,32419,ibirite,MG,Minas Gerais,Southeast,102.0,1,1,102.0
8ca1551acf9832a4cf467bbbac15851f,83607,campo largo,PR,Parana,South,2176.4,12,11,197.85
2ea0861cc19e94cad86438c984c52da4,3731,sao paulo,SP,Sao Paulo,Southeast,165.6,6,6,27.6
7202e2ba20579a9bd1acb29e61fe71f6,14401,franca,SP,Sao Paulo,Southeast,12750.5,55,53,240.58
0509040ea3fe50071181bbc359eb7738,31710,belo horizonte,MG,Minas Gerais,Southeast,3737.95,98,89,42.0
20fd2d2080ed85fa67fad3fcbb2c1813,83405,colombo,PR,Parana,South,85.9,1,1,85.9
2039c5e51785b5dde7cf93ccb3b7be2c,14790,guaira,SP,Sao Paulo,Southeast,159.9,1,1,159.9
62de60d81c55c29d76a6bce418b31cef,14940,ibitinga,SP,Sao Paulo,Southeast,103.0,1,1,103.0
eaf6d55068dea77334e8477d3878d89e,4660,sao paulo,SP,Sao Paulo,Southeast,51.0,3,3,17.0
e89c4adbe7b1d0819dbb636e16461cf1,13347,indaiatuba,SP,Sao Paulo,Southeast,3181.3,25,24,132.55
2e2f44824ab87a0cb961f68bf4073e7f,82315,curitiba,PR,Parana,South,48.0,1,1,48.0
85ecf03781da592876b7844acc1b729f,3658,sao paulo,SP,Sao Paulo,Southeast,251.0,2,2,125.5
5c853bb56f70f4d14218944bae111d7a,6715,cotia,SP,Sao Paulo,Southeast,263.13,24,23,11.44
bba74270a87732727b5a3b4fd9ac1c39,32604,betim,MG,Minas Gerais,Southeast,6001.59,41,36,166.71
e8ff5a6ceb895583033fc2a0f314e3c2,89063,blumenau,SC,Santa Catarina,South,139.89,1,1,139.89
835f0f7810c76831d6c7d24c7a646d4d,8030,sao paulo,SP,Sao Paulo,Southeast,5130.0,50,44,116.59
702835e4b785b67a084280efca355756,36046,juiz de fora,MG,Minas Gerais,Southeast,7.6,1,1,7.6
4ea2f12dbe91deeacd2c1e74f069a6e6,2334,sao paulo,SP,Sao Paulo,Southeast,210.2,6,4,52.55
a066df7361163e7ddc5d7452dd17448b,14401,franca,SP,Sao Paulo,Southeast,1078.3,17,15,71.89
bc8c8d665ec4664d286be0d521722b19,4851,sao paulo,SP,Sao Paulo,Southeast,22.5,1,1,22.5
5e106d93b717c2682b9383da480364a1,85875,santa terezinha de itaipu,PR,Parana,South,445.9,1,1,445.9
bd4431c1a8dfa744b59e1e2a8bc99b9e,20761,rio de janeiro,RJ,Rio de Janeiro,Southeast,809.5,7,7,115.64
bd4ff04377f974574f7f0bf9d6ce7dde,17370,santa maria da serra,SP,Sao Paulo,Southeast,164.96,4,4,41.24
3076499bbc033a927bf4a8a41bcf7fd4,15350,auriflama,SP,Sao Paulo,Southeast,359.33,9,7,51.33
010da0602d7774602cd1b3f5fb7b709e,9710,sao bernardo do campo,SP,Sao Paulo,Southeast,849.5,5,1,849.5
4d6fb82c629c7a5028bfd973c07b05e0,31525,belo horizonte,MG,Minas Gerais,Southeast,278.0,2,2,139.0
5d505d2298ad549e4e4e835562fa0c1e,16200,birigui,SP,Sao Paulo,Southeast,249.8,2,2,124.9
5aaa890629f83706d8d9bfecd8377c1c,25720,petropolis,RJ,Rio de Janeiro,Southeast,48.9,1,1,48.9
ad14615bdd492b01b0d97922e87cb87f,88704,tubarao,SC,Santa Catarina,South,8.25,1,1,8.25
7df1fc11cc5cbc518b39faa60cf5d67c,79112,campo grande,MS,Mato Grosso do Sul,Central-West,1037.6,5,5,207.52
238fac594e170b59c6d228f5a4f4f1d9,17300,dois corregos,SP,Sao Paulo,Southeast,3126.0,30,29,107.79
29c322e3f09f886f8bacbe91dfbd979e,97110,santa maria,RS,Rio Grande do Sul,South,48.98,2,1,48.98
134a288e7de827ec5ec62e3ec9c3a295,3168,sao paulo,SP,Sao Paulo,Southeast,877.45,9,9,97.49
33fd411ed63a7c2f9005e3f065d9f85d,98290,condor,RS,Rio Grande do Sul,South,24.9,1,1,24.9
edb58a1390adf273840030a3d6253829,13414,piracicaba,SP,Sao Paulo,Southeast,39.9,1,1,39.9
1e8c6a4c538f286aee9573239740a4b4,13251,itatiba,SP,Sao Paulo,Southeast,359.7,5,5,71.94
07de60b03d150fb3ea09eab5da5e4c8b,14940,ibitinga,SP,Sao Paulo,Southeast,719.1,9,9,79.9
f1ce5fdecd64935c28b9ff932751d0dc,6539,santana de parnaiba,SP,Sao Paulo,Southeast,158.0,2,2,79.0
ede2977fbaf3738583170735ca403f6c,80010,curitiba,PR,Parana,South,289.9,1,1,289.9
03bd479e1d9484cdb14104d3023f7321,38401,uberlandia,MG,Minas Gerais,Southeast,359.70000000000005,3,3,119.9
31e60bf8d103ce47932a85f5562deb16,74590,goiania,GO,Goias,Central-West,181.0,1,1,181.0
83645b1645cdee8953ee54c29ceed564,85875,santa terezinha de itaipu,PR,Parana,South,978.9,14,14,69.92
bdae679a9b282249bc23b9b69dae9a99,72210,brasilia,DF,Distrito Federal,Central-West,663.15,12,6,110.52
5cf13accae3222c70a9cac40818ae839,38700,patos de minas,MG,Minas Gerais,Southeast,14383.2,156,149,96.53
a247197e2e9c19a6a53a6888cb8b660f,15056,sao jose do rio preto,SP,Sao Paulo,Southeast,798.0,2,2,399.0
249f0e9905a6e06ad6c6bea7547ab9f6,20950,rio de janeiro,RJ,Rio de Janeiro,Southeast,347.95,3,3,115.98
96804ea39d96eb908e7c3afdb671bb9e,38950,ibia,MG,Minas Gerais,Southeast,3610.7000000000003,40,38,95.02
cd233f8bfa30ebfd651f47ee7d054951,16208,birigui,SP,Sao Paulo,Southeast,79.9,1,1,79.9
3986c0b54f6b748b75e7bd4e092aa3e5,80250,curitiba,PR,Parana,South,24.99,1,1,24.99
5563732abe64c3036cb97ad924128dd1,7192,guarulhos,SP,Sao Paulo,Southeast,404.0,3,2,202.0
51f108f62cb87d61918159902c8f8583,85801,cascavel,PR,Parana,South,303.73,3,3,101.24
134b867a0f7f8bbe6abf10f91874891e,13272,valinhos,SP,Sao Paulo,Southeast,789.89,1,1,789.89
57c764b4a836300be881e2ff86e449f9,14021,ribeirao preto,SP,Sao Paulo,Southeast,1211.0,30,29,41.76
2fa13c8bd5705d279f7ed5cc9ec61c68,4679,sao paulo,SP,Sao Paulo,Southeast,87.4,4,2,43.7
e627629ba868740e287800f1a9be81c2,1421,sao paulo,SP,Sao Paulo,Southeast,504.5,13,13,38.81
c72de06d72748d1a0dfb2125be43ba63,46430,guanambi,BA,Bahia,Northeast,17522.0,22,21,834.38
8d79c8a04e42d722a75097ce5cbcf2ef,61658,caucaia,CE,Ceara,Northeast,2777.7200000000003,28,27,102.88
8060d731897e33b5c5ae575ce1e209e1,89052,blumenau,SP,Sao Paulo,Southeast,199.5,5,5,39.9
4c4d546adf3c3868fe19c9ec6e9ffda9,87013,maringa,PR,Parana,South,111.69999999999999,3,2,55.85
5a9c0859cb00fd8aa4db443837f0a700,89650,treze tilias,SC,Santa Catarina,South,208.0,2,2,104.0
cecd97bc34ed8330bd4cd15713eda670,89819,cordilheira alta,SC,Santa Catarina,South,57.99,1,1,57.99
9c3a1c416c765687bc79a04113269929,35547,carmo da mata,MG,Minas Gerais,Southeast,74.9,1,1,74.9
8ae520247981aa06bc94abddf5f46d34,88370,navegantes,SC,Santa Catarina,South,16320.99,65,65,251.09
ac3508719a1d8f5b7614b798f70af136,92030,canoas,RS,Rio Grande do Sul,South,12775.84,104,103,124.04
15cd6eefe58588619aaed41dfa6621b1,35400,ouro preto,MG,Minas Gerais,Southeast,1622.74,18,16,101.42
4a3ca9315b744ce9f8e9374361493884,14940,ibitinga,SP,Sao Paulo,Southeast,200472.92,1987,1806,111.0
478bfe564db21eeb44386606aa30b650,33600,pedro leopoldo,MG,Minas Gerais,Southeast,182.70000000000002,3,3,60.9
6d988d6174a2c27441597174f8905515,87070,maringa,PR,Parana,South,371.73,23,19,19.56
ed49da7cadefc454d6a67de249eab240,5571,sao paulo,SP,Sao Paulo,Southeast,43.0,2,2,21.5
6f892e20a171e98efe17fdb971ff319b,8270,sao paulo,SP,Sao Paulo,Southeast,6438.700000000001,53,44,146.33
4bfc7a4a1cf8d4d2121c27422d9e50b5,3111,sao paulo,SP,Sao Paulo,Southeast,8124.4,40,26,312.48
acadd4d36859671cb635527c6c977533,14270,santa rosa de viterbo,SP,Sao Paulo,Southeast,2381.0,12,12,198.42
034b9387752bfa309f350a70cd45ffa3,89036,blumenau,SC,Santa Catarina,South,96.0,8,8,12.0
a1ed30492b3b798bc121845bc4aa7366,4708,sao paulo,SP,Sao Paulo,Southeast,41.8,2,1,41.8
abbf6046bbdf1028606a5bc7f00c99e7,89820,xanxere,SC,Santa Catarina,South,2217.15,7,7,316.74
901b460cdce0c64e471230d7f2f9f3a3,90620,porto alegre,RS,Rio Grande do Sul,South,1904.0,5,5,380.8
81ed90f07c0bacb7594940ba2ef676aa,35500,divinopolis,MG,Minas Gerais,Southeast,223.9,2,2,111.95
11eac105f3f90a9b87b19c89d91e24f3,7411,sao paulo,SP,Sao Paulo,Southeast,802.89,5,5,160.58
0725b8c0f3f906e58f70cbe76b7c748c,7023,guarulhos,SP,Sao Paulo,Southeast,2190.3,37,17,128.84
d1a5cc844736958c11b8efab9a2b4c87,80310,curitiba,PR,Parana,South,237.6,1,1,237.6
f35becee938e982bd615edf8ef12bcfb,19160,alvares machado,SP,Sao Paulo,Southeast,148.59,6,6,24.76
634964b17796e64304cadf1ad3050fb7,21840,rio de janeiro,RJ,Rio de Janeiro,Southeast,39465.1,326,268,147.26
6624bc09786f0e41ae48dfc5eeb1a9e2,30390,belo horizonte,MG,Minas Gerais,Southeast,89.54,1,1,89.54
54219883e72aad869adfb2a54b7bfa0f,18060,sorocaba,SP,Sao Paulo,Southeast,6750.0,5,5,1350.0
5795aebfe331fbcd02a2c4b679fb7952,88132,palhoca,SC,Santa Catarina,South,1280.0,6,6,213.33
6e2d3e2dc84fb30f6078f39dd3bddd6f,83408,colombo,PR,Parana,South,219.0,1,1,219.0
3078096983cf766a32a06257648502d1,13720,scao jose do rio pardo,SP,Sao Paulo,Southeast,8285.42,64,59,140.43
014d9a685fd57276679edd00e07089e5,87015,maringa,PR,Parana,South,729.88,12,11,66.35
656591be56071d4c9ef4e5fee78a578a,9180,santo andre,SP,Sao Paulo,Southeast,1702.0,11,7,243.14
26562f211dd1364af2a8596dc945e8ae,9785,sao bernardo do campo,SP,Sao Paulo,Southeast,99.0,2,2,49.5
bccf933e006e9b94a6184af782963e77,19806,assis,SP,Sao Paulo,Southeast,4162.74,46,45,92.51
12c2ed9cded6138cf0c75f525f565fc7,11709,praia grande,SP,Sao Paulo,Southeast,314.96,4,4,78.74
961dff0a659b4561334372337dd897d9,21510,rio de janeiro,RJ,Rio de Janeiro,Southeast,9946.0,4,4,2486.5
b33e7c55446eabf8fe1a42d037ac7d6d,14850,pradopolis,SP,Sao Paulo,Southeast,44985.17,155,152,295.96
2235cf78d3e2073a88146a9cb60f0dd0,4547,sao paulo,SP,Sao Paulo,Southeast,178.99,1,1,178.99
218d46b86c1881d022bce9c68a7d4b15,14070,ribeirao preto,SP,Sao Paulo,Southeast,55093.28,427,388,141.99
08d1c9478fb0d7d7fcac9c0da4e82fc7,31110,belo horizonte,MG,Minas Gerais,Southeast,538.0,1,1,538.0
dfc475d54e1b6dbeeb7d7d9bdaa63827,81460,curitiba,PR,Parana,South,1793.76,21,19,94.41
813348c996469b40f2e028d5429d3495,13206,jundiai,SP,Sao Paulo,Southeast,11205.83,202,179,62.6
c394e193cda3b4225ff2094d32184849,4104,sao paulo,SP,Sao Paulo,Southeast,3419.88,12,3,1139.96
2745f798279e0ed033addcc1474776d7,3106,sao paulo,SP,Sao Paulo,Southeast,3668.53,32,32,114.64
6b803197e03abd5056b4313306b4f29d,1123,sao paulo,SP,Sao Paulo,Southeast,407.0,12,7,58.14
bafc5aa11e413978be29040f51342e70,30130,belo horizonte,MG,Minas Gerais,Southeast,1679.55,9,9,186.62
44717f64ec2a457979cf83c429077666,98780,santa rosa,RS,Rio Grande do Sul,South,107.0,3,2,53.5
b7cc6c5e001441ae8cdd5c69a480cbe4,89520,curitibanos,SC,Santa Catarina,South,651.8,6,6,108.63
af7cdac9d9897cddead9c6b08976c642,18500,laranjal paulista,SP,Sao Paulo,Southeast,543.54,6,6,90.59
b3e2faf2c1004d674f16a3aa3197f0e1,14093,ribeirao preto,SP,Sao Paulo,Southeast,61.47,3,3,20.49
670a9dda115b5a88b18cfadee8de2332,14096,ribeirao preto,SP,Sao Paulo,Southeast,918.9000000000001,11,11,83.54
3b15288545f8928d3e65a8f949a28291,14940,ibitinga,SP,Sao Paulo,Southeast,14061.789999999999,121,104,135.21
3e35a8bb43569389d3cebef0ce820f69,3124,sao paulo,SP,Sao Paulo,Southeast,55.8,2,1,55.8
81783131d2a97c8d44d406a4be81b5d9,18015,sorocaba,SP,Sao Paulo,Southeast,1782.54,15,13,137.12
29e6e05b65f93bc224c644319dc52ecf,36010,juiz de fora,MG,Minas Gerais,Southeast,475.6,4,4,118.9
cce6ab8d1682639fe45ab70234f1665f,81020,curitiba,SP,Sao Paulo,Southeast,2522.7,66,63,40.04
e1643dff33666ca629e3644c02738179,3182,sao paulo,SP,Sao Paulo,Southeast,170.0,3,3,56.67
76623fde66e6b63b59440fd34160512d,7124,guarulhos,SP,Sao Paulo,Southeast,65.4,3,3,21.8
5275ca25d0358ca73864e0ae41be1320,7024,guarulhos,SP,Sao Paulo,Southeast,409.6,4,4,102.4
eb4df17aed01d918c65f0f8d650900c0,13140,paulinia,SP,Sao Paulo,Southeast,3739.87,11,11,339.99
10089e9f2fd0c668a8fd4e52e1698888,15061,sao jose do rio preto,SP,Sao Paulo,Southeast,1139.9,3,3,379.97
c398bc00a606d33758afd91f4e64fd15,21740,rio de janeiro,RJ,Rio de Janeiro,Southeast,150.0,2,2,75.0
2f09f7d37a97956d11cc1a7cadd5262b,14090,ribeirao preto,SP,Sao Paulo,Southeast,2005.0,12,11,182.27
e58a5b390e28abc0b216cfb0e07d27d7,22640,rio de janeiro,RJ,Rio de Janeiro,Southeast,1022.6,7,7,146.09
f41ce2e25237f9092cd8e6e7516c7a2f,7013,guarulhos,SP,Sao Paulo,Southeast,2030.9,28,27,75.22
8e6cc767478edae941d9bd9eb778d77a,38442,araguari,MG,Minas Gerais,Southeast,6830.58,114,106,64.44
028872bfa080090a9d0abd4f1af168f8,33940,ribeirao das neves,MG,Minas Gerais,Southeast,70.5,3,1,70.5
1710c3aaa9c6b44ec3883ee0fe300e21,9551,sao caetano do sul,SP,Sao Paulo,Southeast,1188.9,2,2,594.45
52d76513f0c4d97f3b99570e2c94ee31,93348,novo hamburgo,RS,Rio Grande do Sul,South,8153.1,28,19,429.11
dace965ca58120f92f8d742a9fa1864b,14015,sao paulo,SP,Sao Paulo,Southeast,1442.0,8,8,180.25
f5b44895715ddfe3087dc414f30268f3,18017,sorocaba,SP,Sao Paulo,Southeast,378.8,19,19,19.94
c8467937e403e76a8ee9f0ab13f6f5ef,37704,pocos de caldas,MG,Minas Gerais,Southeast,1853.79,33,30,61.79
56f413900b5166ab4d730e9ac0b12cb0,18076,sorocaba,SP,Sao Paulo,Southeast,151.79,3,3,50.6
3f8034bfc6b8b4135534975d49f04c63,81560,curitiba,PR,Parana,South,1313.9,16,12,109.49
4992e76a42cb3aad7a7047e0d3d7e729,3334,sao paulo,SP,Sao Paulo,Southeast,2211.1,74,57,38.79
265fdc289dffa9f1ad801c74f7d0de47,15155,jaci,SP,Sao Paulo,Southeast,495.0,1,1,495.0
0afccdb8a34ee5c79f7c06faf2b4d56e,38400,uberlandia,MG,Minas Gerais,Southeast,1225.5,25,25,49.02
02dcd3e8e25bee036e32512bcf175493,32310,contagem,MG,Minas Gerais,Southeast,1491.9,17,14,106.56
c9e5ad1f6647f5dbd1172adf6ae3cada,90240,porto alegre,RS,Rio Grande do Sul,South,259.03,4,4,64.76
02a2272692e13558373c66db98f05e2e,20040,rio de janeiro,RJ,Rio de Janeiro,Southeast,54.98,2,2,27.49
f783a638e9c6af4a7d0dbfde811e7a81,3063,sao paulo,SP,Sao Paulo,Southeast,849.8,5,5,169.96
0b18d63d0cd1d723567903fd34a07df2,5141,sp,SP,Sao Paulo,Southeast,1678.1399999999999,14,9,186.46
3ef37b7ca6dd2b80bd8af81a62504996,1452,sao paulo,SP,Sao Paulo,Southeast,700.0,2,2,350.0
dd4d95ba2d15c071e6c695e2ef6ce169,29315,cachoeiro de itapemirim,ES,Espirito Santo,Southeast,1748.0,4,4,437.0
7bb8fac2913a6064ec412e583c6d8b4d,17017,bauru,SP,Sao Paulo,Southeast,109.0,1,1,109.0
86649b1632b1c0e6c0bcb2c90a8b75d8,85884,medianeira,PR,Parana,South,59.99,1,1,59.99
8dd386be0767c330276ea6a3f96532d3,88490,paulo lopes,SC,Santa Catarina,South,89.98,2,1,89.98
deaadd805612bf94faaa9fa702516e11,5756,sao paulo,SP,Sao Paulo,Southeast,50.0,1,1,50.0
5e063e85d44b0f5c3e6ec3131103a57e,5302,sao paulo,SP,Sao Paulo,Southeast,22.9,1,1,22.9
6e4f5ff6b086632ba8dcb558fb10249e,95270,flores da cunha,RS,Rio Grande do Sul,South,838.9,5,5,167.78
117cfc326c6d50da67ca858ff5c0c852,25530,sao joao de meriti,RJ,Rio de Janeiro,Southeast,454.6,5,5,90.92
d25aa0aaacb370e912f8cf6efeba38b3,89108,massaranduba,SC,Santa Catarina,South,2658.45,21,17,156.38
c0e6839516f5398edc34adf5f1d53d1a,11430,guaruja,SP,Sao Paulo,Southeast,432.92,3,3,144.31
119c7f1a00ef43fad0e57604e76a747c,2614,sao paulo,SP,Sao Paulo,Southeast,189.8,2,2,94.9
2953ce3a88f5e3c3b696d77fc9e4c8eb,4270,sao paulo,SP,Sao Paulo,Southeast,470.0,15,14,33.57
bbf9ad41dca6603e614efcdad7aab8c4,60348,fortaleza,CE,Ceara,Northeast,7846.0,14,14,560.43
d7b2377bae6ace1b11fc69a11900ac36,2415,sao paulo,SP,Sao Paulo,Southeast,329.6,4,4,82.4
57fe6232e67823593374a2281d7a8af8,13360,capivari,SP,Sao Paulo,Southeast,178.68,8,8,22.34
4da0e408c99d2fdc2126dc9fce518060,86300,cornelio procopio,PR,Parana,South,3026.0,54,44,68.77
8b28d096634035667e8263d57ba3368c,12243,sao jose dos campos,SP,Sao Paulo,Southeast,9375.7,155,143,65.56
82cb9f452fe8334df74b22d37824b431,95013,caxias do sul,RS,Rio Grande do Sul,South,838.2,18,14,59.87
9bc484c87d79cd4874e05ca182658045,2422,sao paulo,SP,Sao Paulo,Southeast,1120.0,9,9,124.44
c6218512d16fcac0af02fe92691cf274,32315,contagem,MG,Minas Gerais,Southeast,674.0,8,8,84.25
d17f467e4bf608a510c20d82f4ba3b6b,95098,caxias do sul,RS,Rio Grande do Sul,South,3021.66,12,12,251.8
4371b634e0efc0e22b09b52907d9d469,2028,sao paulo,SP,Sao Paulo,Southeast,8194.0,112,102,80.33
1b45169b635ef59425637e9a33eb5fb3,87050,maringa,PR,Parana,South,308.9,8,7,44.13
bd23da7354813347129d751591d1a6e2,3971,sao paulo,SP,Sao Paulo,Southeast,10544.300000000001,90,89,118.48
412a4720f3e9431b4afa1476a1acddbe,13060,campinas,SP,Sao Paulo,Southeast,2058.1,22,21,98.0
7238a95bb63ef7e498389fb863b834a1,13487,limeira,SP,Sao Paulo,Southeast,2265.7,15,15,151.05
26785a546900236d66f2e4197c211158,8430,sao paulo,SP,Sao Paulo,Southeast,1019.2,15,15,67.95
b7ed9fb14c8eadb37adb9c45d67ab0fb,12331,jacarei,SP,Sao Paulo,Southeast,566.0,11,7,80.86
a0d7fbb07bb5ebc3b05980e750db56f3,8500,ferraz de vasconcelos,SP,Sao Paulo,Southeast,848.99,4,3,283.0
10264f60a8f0a4d2f30810f5c661c673,13090,campinas,SP,Sao Paulo,Southeast,284.6,4,4,71.15
35857757f553273b1056c1cabdace7fb,14020,ribeirao preto,SP,Sao Paulo,Southeast,454.6,6,6,75.77
538caafddff204241cecbf3a02e6b3cf,4516,sao paulo,SP,Sao Paulo,Southeast,148.3,9,9,16.48
913fd0ebba70bb919f7254a02239173c,89065,blumenau,SC,Santa Catarina,South,159.9,1,1,159.9
b2eecf5ea250510da76590ca79d60e5d,3318,sao paulo,SP,Sao Paulo,Southeast,1060.0,11,9,117.78
1c742ac33582852aaf3bcfbf5893abcf,30668,belo horizonte,MG,Minas Gerais,Southeast,97.9,1,1,97.9
8f2ce03f928b567e3d56181ae20ae952,5141,pirituba,SP,Sao Paulo,Southeast,21712.9,175,153,141.91
4d9fea3499bdc22aa4da4e339365f215,4209,sao paulo,SP,Sao Paulo,Southeast,192.54000000000002,2,2,96.27
d4e12e7884759a14fa0f5f896c791cae,2242,sao paulo,SP,Sao Paulo,Southeast,1400.0,32,29,48.28
e24fc9fcd865784fb25705606fe3dfe7,12913,braganca paulista,SP,Sao Paulo,Southeast,12936.0,56,52,248.77
5882f40daf39bc2a465e0cb453ddc222,5616,sao paulo,SP,Sao Paulo,Southeast,640.0,1,1,640.0
26e2c91ef821e1ff8985f408788fe35b,14940,ibitinga,SP,Sao Paulo,Southeast,1649.4,14,12,137.45
53336f97ddbe53e2a617d07b17447b95,3461,sao paulo,SP,Sao Paulo,Southeast,599.5,1,1,599.5
fec8cd45395b3cb0c2b173d7739706a1,12270,jambeiro,SP,Sao Paulo,Southeast,1280.0,4,4,320.0
e116c7455dd26a4d8c3e92532583905f,1140,sao paulo,SP,Sao Paulo,Southeast,36.76,2,1,36.76
900ba814c251a692506d7834c1218441,13328,salto,SP,Sao Paulo,Southeast,29099.690000000002,88,88,330.68
afe0067131b73e40875c9b6c10bd2e21,35590,lagoa da prata,MG,Minas Gerais,Southeast,5130.400000000001,46,46,111.53
542917da124346b47ea1ac79a93ce454,82560,curitiba,PR,Parana,South,1303.9,20,20,65.2
35b96509602ec4b7da831b5cd73ff2c2,93040,sao leopoldo,RS,Rio Grande do Sul,South,558.9,2,2,279.45
4a23adac87cf538689fa600d976f78b2,4537,sao paulo,SP,Sao Paulo,Southeast,405.0,3,3,135.0
85cc55e048b6bcc90c75afe7f0e72f72,27345,barra mansa,RJ,Rio de Janeiro,Southeast,308.28,9,9,34.25
2009a095de2a2a41626f6c6d7722678d,15025,sao jose do rio preto,SP,Sao Paulo,Southeast,388.89,12,8,48.61
3a52d63a8f9daf5a28f3626d7eb9bd28,71900,aguas claras df,SP,Sao Paulo,Southeast,35.0,1,1,35.0
e9b6c33b71b67737693b4cfa68341c8d,3009,sao paulo,SP,Sao Paulo,Southeast,119.9,1,1,119.9
c458e2045a8aa8964f8879af03fdcce6,9572,sao caetano do sul,SP,Sao Paulo,Southeast,494.91,9,4,123.73
6601ee6383e7f452be71929f8de48bbb,14027,ribeirao pretp,SP,Sao Paulo,Southeast,153.6,2,2,76.8
5a4236931428800e9d9cc04af0987118,2916,sao paulo,SP,Sao Paulo,Southeast,44.97,3,1,44.97
258447aad3f7b01e2643c89f64dc5647,87210,cianorte,PR,Parana,South,51.9,1,1,51.9
8a32e327fe2c1b3511609d81aaf9f042,2443,sao paulo,SP,Sao Paulo,Southeast,6429.01,180,132,48.7
0f519b0d2e5eb2227c93dd25038bfc01,14940,ibitinga,SP,Sao Paulo,Southeast,79.9,1,1,79.9
d7d517afce974cd491b8d52bb5b5b1fc,3508,sao paulo,SP,Sao Paulo,Southeast,89.99,1,1,89.99
ec5c1d94df153d473b37f880977ae58e,21320,rio de janeiro,SP,Sao Paulo,Southeast,199.67000000000002,3,2,99.84
31561f325664a8a7aba4c8d0c3a9b3db,3287,sao paulo,SP,Sao Paulo,Southeast,2702.19,38,36,75.06
70c4eedec9cb4a85cda2f3f9673557b4,1208,sao paulo,SP,Sao Paulo,Southeast,479.8,2,2,239.9
4fb41dff7c50136976d1a5cf004a42e2,44002,feira de santana,BA,Bahia,Northeast,1230.0,3,3,410.0
d23019c84ffae2d5ef2270367b8605fc,86073,londrina,PR,Parana,South,29205.1,39,39,748.85
ad8ada0ffa993cb1197d102d9ab21a3e,38445,araguari,MG,Minas Gerais,Southeast,599.8,2,1,599.8
ce20a2ec1514c25e16f2b5b39bc818f0,5186,sao paulo,SP,Sao Paulo,Southeast,287.0,7,4,71.75
0f94588695d71662beec8d883ffacf09,88037,florianopolis,SC,Santa Catarina,South,9.0,1,1,9.0
3a79f35a2344ede41af21267f61d5ec6,13040,campinas,SP,Sao Paulo,Southeast,186.0,1,1,186.0
b586cd24c010a13916af621b0325fbba,89164,rio do sul,SC,Santa Catarina,South,1108.94,7,6,184.82
2075d8cd4dd63ff12df0749a5866bb06,80010,curitiba,PR,Parana,South,184.70000000000002,3,3,61.57
0d83f8e03188682112cc0d93523705cc,91150,porto alegre,RS,Rio Grande do Sul,South,696.26,8,4,174.06
85044848b1b767db2a4a58526adef4b4,6018,osasco,SP,Sao Paulo,Southeast,240.60000000000002,4,4,60.15
c3251e13f1bbda6c74e37c160f991e19,13660,porto ferreira,SP,Sao Paulo,Southeast,437.79999999999995,2,2,218.9
4a1f694197d05fe70026b016a7316b41,13920,pedreira,SP,Sao Paulo,Southeast,907.77,23,14,64.84
6ebf4eceee4dd9847201c82e77ef8123,23587,rio de janeiro,RJ,Rio de Janeiro,Southeast,59.9,1,1,59.9
0873d9f8f36123f8d910f4760e788cfb,6465,barueri,SP,Sao Paulo,Southeast,7265.59,6,6,1210.93
a44fb5a447105f8469bdf16bf9159f25,91920,porto alegre,RS,Rio Grande do Sul,South,3706.1,19,19,195.06
dcf3755cefcdc158ad0b7bdde51e871b,96503,cachoeira do sul,RS,Rio Grande do Sul,South,269.70000000000005,3,3,89.9
4869f7a5dfa277a7dca6462dcf3b52b2,14840,guariba,SP,Sao Paulo,Southeast,229472.63,1156,1132,202.71
6bb66d9870c2e01c05655c7ed0e7ee13,4101,sao paulo,SP,Sao Paulo,Southeast,269.0,3,3,89.67
1c5e4e49b9079480255b49d50aac1aa9,11030,santos,SP,Sao Paulo,Southeast,10173.11,12,12,847.76
6a3139c7bf09ece22a4713d956acbe5e,13790,sao sebastiao da grama/sp,SP,Sao Paulo,Southeast,61.9,1,1,61.9
37515688008a7a40ac93e3b2e4ab203f,17900,dracena,SP,Sao Paulo,Southeast,5986.6,240,228,26.26
8fec2e460530482132c436cfb5439925,18500,laranjal paulista,SP,Sao Paulo,Southeast,468.46,5,3,156.15
1746c1ae87ac63d530c7c943d0ac42e2,6501,santana de parnaiba,SP,Sao Paulo,Southeast,229.9,1,1,229.9
afac9f6b0c4e5f0a7ee87e922cd0f873,17047,bauru,SP,Sao Paulo,Southeast,20.99,1,1,20.99
3be5841cdcc46de4ed3f9116f104b2c5,6473,barueri,SP,Sao Paulo,Southeast,599.6,4,4,149.9
0249d282d911d23cb8b869ab49c99f53,5676,sao paulo,SP,Sao Paulo,Southeast,393.0,11,11,35.73
23ca5f678e0b3ea6c630b30fa8bf51ea,2839,sao paulo,SP,Sao Paulo,Southeast,183.0,7,6,30.5
5eeb9c756d9780b96283e5a2ac6da334,14010,ribeirao preto,SP,Sao Paulo,Southeast,2471.0,9,9,274.56
25be943a321c8938947bdaabca979a90,9725,sao bernardo do campo,SP,Sao Paulo,Southeast,769.0,5,5,153.8
818d28f936e791926d33bcb6ee94ef79,4141,sao paulo,SP,Sao Paulo,Southeast,139.5,5,5,27.9
bfd938b22bc99bce1ae60dc602889f52,22775,rio de janeiro,RJ,Rio de Janeiro,Southeast,922.8000000000001,12,6,153.8
c12b92bf1c350f3e6bf88d3596219c86,17400,garca,SP,Sao Paulo,Southeast,4808.78,17,17,282.87
97e995629983723d11830a829bc2b246,12604,lorena,SP,Sao Paulo,Southeast,499.5,5,5,99.9
ffa6adafb71b807dc13159e26431354c,86030,londrina,PR,Parana,South,2669.9,18,18,148.33
080102cd0a76b09e0dcf55fcacc60e05,31140,belo horizonte,MG,Minas Gerais,Southeast,5716.78,130,124,46.1
5a6a02f419701fc8c605af71d4fc57a4,13465,americana,SP,Sao Paulo,Southeast,600.5,11,10,60.05
94b9108d4b637ba65bb4f1e53cfcf8d8,7221,guarulhos,SP,Sao Paulo,Southeast,234.95999999999998,8,7,33.57
0fe2d9733ed841eb064503920015a8c0,19906,ourinhos,SP,Sao Paulo,Southeast,389.64,3,3,129.88
154bdf805377afea75a3bd158e9eab10,14940,ibitinga,SP,Sao Paulo,Southeast,89.9,1,1,89.9
b2ac621f0d0322434d04a12b078b9369,80220,curitiba,PR,Parana,South,9575.5,30,30,319.18
9c54608f0996c32ae4743089d915f845,87900,loanda,PR,Parana,South,194.8,3,3,64.93
17306570e772e7718c92a562d33f5f1d,17250,bariri,SP,Sao Paulo,Southeast,9669.8,32,29,333.44
244c2f1bff6afe1f2eaf9bfe9b2aed38,8832,mogi das cruzes,SP,Sao Paulo,Southeast,2580.0,27,23,112.17
71039d19d4303bf9054d69e9a9236699,3018,sao paulo,SP,Sao Paulo,Southeast,3537.2,38,35,101.06
54065e9aef7e9e9c2dc23b7594db021a,20040,rio de janeiro,RJ,Rio de Janeiro,Southeast,8003.0,14,14,571.64
7ad41305e96a6cab8294cd65891e9a86,28810,rio bonito,SP,Sao Paulo,Southeast,180.0,2,2,90.0
25e47381a6c510ddeb36084e33b89f0c,11720,praia grande,SP,Sao Paulo,Southeast,1289.6000000000001,17,16,80.6
4d6d651bd7684af3fffabd5f08d12e5a,17209,jau,SP,Sao Paulo,Southeast,43587.4,395,369,118.12
24a6daf925d9d591870a66660416de31,14078,robeirao preto,SP,Sao Paulo,Southeast,60.0,2,2,30.0
f0563bacf40c311f1c4d3d6b67b8a7a7,88704,tubarao,SC,Santa Catarina,South,1199.0,1,1,1199.0
b76dba6c951ab00dc4edf0a1aa88037e,3237,sao paulo,SP,Sao Paulo,Southeast,2574.7799999999997,169,159,16.19
1bc2e21de46adfea6b98cc96b00f3b40,89228,joinville,SC,Santa Catarina,South,1039.95,5,3,346.65
b1204cfda1d4948679db3cfc0d3cb95c,7170,guarulhos,SP,Sao Paulo,Southeast,2903.7,11,7,414.81
b4ffb71f0cb1b1c3d63fad021ecf93e1,3880,sao paulo,SP,Sao Paulo,Southeast,6656.09,165,144,46.22
165b1235e9e9942cb5fae67103576fb0,14020,ribeirao preto,SP,Sao Paulo,Southeast,2085.15,16,11,189.56
8eb88b0acb3f90a717ad659221471fa7,89504,cacador,SC,Santa Catarina,South,119.8,2,2,59.9
9599519be538b98748162a2b48248960,5008,sao paulo,SP,Sao Paulo,Southeast,570.0,3,1,570.0
0417b067eeab773d2f7061a726dc477f,89288,sao bento do sul,SC,Santa Catarina,South,1859.18,13,13,143.01
c26ba52cf8d2f34915f2f6b7ffa0a3f3,21510,rio de janeiro,RJ,Rio de Janeiro,Southeast,125.96,4,4,31.49
e5cbe890e679490127e9a390b46bbd20,1041,sao paulo,SP,Sao Paulo,Southeast,908.99,2,2,454.5
974cf2cb8f4b7add98709c30df02fe10,14802,araraquara,SP,Sao Paulo,Southeast,2982.67,33,33,90.38
3c487ae8f8d7542beff5788e2e0aea83,72460,gama,DF,Distrito Federal,Central-West,9385.699999999999,33,30,312.86
4a3ccda38b2129705f3fb522db62ca31,17504,marilia,SP,Sao Paulo,Southeast,17062.59,78,66,258.52
876182d1918783bbe15233febfbd4926,4208,sao paulo,SP,Sao Paulo,Southeast,120.27,3,3,40.09
33576ec5412fb5905d876f12f33bfde6,80040,curitiba,PR,Parana,South,2718.0,32,31,87.68
5b85809efd0d0e4dea1a9544e1280ed9,19020,presidente prudente,SP,Sao Paulo,Southeast,1804.6000000000001,14,12,150.38
5566627eab3fe93fd6ee08798226101a,83005,sao jose dos pinhais,PR,Parana,South,85.5,5,5,17.1
e504a4e2efaa45cbff7e268a2c58c956,13520,sao pedro,SP,Sao Paulo,Southeast,1188.8000000000002,12,11,108.07
056b4ada5bbc2c50cc7842547dda6b51,26379,queimados,RJ,Rio de Janeiro,Southeast,12333.390000000001,66,65,189.74
1e483cc5c76fef08d3ca05f9a8af7d01,2929,sao paulo,SP,Sao Paulo,Southeast,171.99,11,10,17.2
9b1050e85becf3ae99c1cf4934c9bc5d,39400,montes claros,MG,Minas Gerais,Southeast,85.14,2,2,42.57
b248792ac0b60ec3f93d80af1b4fae47,9560,sao caetano do sul,SP,Sao Paulo,Southeast,454.5,9,7,64.93
34056b8b55c1775a22af2331670a799c,16304,penapolis,SP,Sao Paulo,Southeast,6455.4,78,78,82.76
21d59342ba150175ca2aa4f8faddeca6,8593,itaquaquecetuba,SP,Sao Paulo,Southeast,259.9,2,2,129.95
23c38debaffe4a25a30fdbd9b586a13f,18110,votorantim,SP,Sao Paulo,Southeast,5382.18,46,41,131.27
d9c349beabc06aa6ff1c6d68b5e9e22e,3586,sao paulo,SP,Sao Paulo,Southeast,168.1,1,1,168.1
49f8d2ea7b718d0ce587d34207caf2b4,9830,sao bernardo do campo,SP,Sao Paulo,Southeast,149.9,1,1,149.9
bd1d49a326abfa9b1036772e40445430,17017,bauru,SP,Sao Paulo,Southeast,637.7,13,12,53.14
6861de0f40cacb0602e473c51639f980,80420,curitiba,PR,Parana,South,674.0,8,5,134.8
c9c7905cffc4ef9ff9f113554423e671,6871,itapecerica da serra,SP,Sao Paulo,Southeast,10657.18,139,127,83.91
aa17b35ce4de7b565be3249ba838944f,13214,jundiai,SP,Sao Paulo,Southeast,79.8,2,2,39.9
0887a9f087bcd5d9f6642b52f897fc6c,11990,cananeia,SP,Sao Paulo,Southeast,1642.0,12,12,136.83
abc015ebac1d283a323ca9db35ede4b9,14055,ribeirao preto,SP,Sao Paulo,Southeast,1106.8,13,12,92.23
00720abe85ba0859807595bbf045a33b,7070,guarulhos,SP,Sao Paulo,Southeast,1007.5,26,13,77.5
75d34ebb1bd0bd7dde40dd507b8169c3,41820,salvador,BA,Bahia,Northeast,15048.28,72,62,242.71
e5e33c0d8e7e002f398f5dc4cbbb338f,17032,bauru,SP,Sao Paulo,Southeast,6698.7,29,28,239.24
8f54d64f28a993550aa7943f12572959,35160,ipatinga,MG,Minas Gerais,Southeast,2755.5,16,15,183.7
91f5779a8731baca4809fdeade81803f,27321,barra mansa,RJ,Rio de Janeiro,Southeast,1971.46,6,6,328.58
13074f016982ff2bd6c58ced8682f000,95705,bento goncalves,RS,Rio Grande do Sul,South,2116.0,15,14,151.14
bec568278124768c474ee90971ca94d1,3553,sao paulo,SP,Sao Paulo,Southeast,219.9,2,2,109.95
534a01cc6df1e034e05c32028a291fa2,13214,jundiai,SP,Sao Paulo,Southeast,235.59,5,5,47.12
cd3d09fbe6e3e9ff0c0ac0c300e93ae7,13380,nova odessa,SP,Sao Paulo,Southeast,651.04,12,12,54.25
57e632711dec9ec14ca7546769483e7e,88372,navegantes,SC,Santa Catarina,South,6350.06,65,62,102.42
cb3dd9ce66268c7a3ca7241ac70ab58c,3028,sao paulo,SP,Sao Paulo,Southeast,2879.76,52,50,57.6
094ced053e257ae8cae57205592d6712,14095,ribeirao preto,SP,Sao Paulo,Southeast,1519.2,19,19,79.96
9906e7aa42a3c067b7c9a564d01c4320,87065,maringa,PR,Parana,South,2619.0,16,12,218.25
1f1bb1f0859883505541bdd6606193e5,2124,sao paulo,SP,Sao Paulo,Southeast,16040.84,29,27,594.11
4200ddf1967c5e41e48db62bc6d4b5ac,9710,sao bernardo do campo,SP,Sao Paulo,Southeast,734.8,42,22,33.4
ed9eef5be0992d413d251fadba1a410d,13845,mogi guacu,SP,Sao Paulo,Southeast,404.09999999999997,9,3,134.7
139157dd4daa45c25b0807ffff348363,3064,sao paulo,SP,Sao Paulo,Southeast,29.9,1,1,29.9
c1849d4d32d7a6cecd5aa471809d3135,9070,santo andre,SP,Sao Paulo,Southeast,388.98,3,3,129.66
64b87978a11c1ea7501a89eabe8c2c1a,19300,presidente bernardes,SP,Sao Paulo,Southeast,489.92999999999995,7,7,69.99
33ab10be054370c254ddfcf0a6253422,22790,rio de janeiro,RJ,Rio de Janeiro,Southeast,213.2,4,4,53.3
bff9deb0ec77d437f3305a79cf25529e,13481,limeira,SP,Sao Paulo,Southeast,161.95,5,5,32.39
3fefda3299e6dfaea3466ef346a3571a,82620,curitiba,PR,Parana,South,209.0,1,1,209.0
236585a4ddb5fea9fa40233e2249ed91,95088,caxias do sul,RS,Rio Grande do Sul,South,649.53,11,11,59.05
499ec63c58e51296c9cf57edcfe1c8a8,2918,sao paulo,SP,Sao Paulo,Southeast,365.0,5,5,73.0
6f83d9e4da896daae20b9b6b2d3ff8d2,84925,pinhalao,PR,Parana,South,765.19,11,11,69.56
35ef5aa32949680f627efec3c23e705c,88960,sombrio,SC,Santa Catarina,South,361.59999999999997,5,4,90.4
403aa86912527d730337ffcb0fb096ab,30220,belo horizonte,MG,Minas Gerais,Southeast,8959.89,11,11,814.54
ec8463980a4e0ea9f8517aea1ed0c419,88010,florianopolis,SC,Santa Catarina,South,239.2,8,2,119.6
c847e075301870dd144a116762eaff9a,38022,uberaba,MG,Minas Gerais,Southeast,15348.7,43,42,365.45
6c77cd583b36a13aacccf2b3ee23e233,17505,marilia,SP,Sao Paulo,Southeast,18.9,1,1,18.9
5ef131ac72773e5b3f6c0d63cf424657,14075,ribeirao preto,SP,Sao Paulo,Southeast,575.79,11,10,57.58
6cf476a4ca74498db55cbccdaa9dcfb6,2873,sao paulo,SP,Sao Paulo,Southeast,939.9300000000001,7,6,156.66
c447f8dd3ed213f291d65ef074a268eb,19802,assis,SP,Sao Paulo,Southeast,655.0,8,7,93.57
4736e9d642ef4257cd7622516931eb51,13424,piracicaba,SP,Sao Paulo,Southeast,1078.8700000000001,20,16,67.43
a5cba26a62b8b4d0145b68b841e62e7f,87303,campo mourao,PR,Parana,South,14737.84,55,54,272.92
a1bea9970d8f65b240555f99c2214f7f,83323,pinhais,PR,Parana,South,75.0,1,1,75.0
1025f0e2d44d7041d6cf58b6550e0bfa,3204,sao paulo,SP,Sao Paulo,Southeast,138968.55,1428,915,151.88
a5dd1946fb63ada8bcaa0c9cd8f11e22,55002,caruaru,PE,Pernambuco,Northeast,219.62,7,6,36.6
c5f7feb04a6a1fb3596322bfc3cf1917,9571,sao caetano do sul,SP,Sao Paulo,Southeast,1720.6,11,11,156.42
c3e1abd72a42fe690fcd89cf5720fe29,13840,mogi guacu,SP,Sao Paulo,Southeast,1798.61,13,13,138.35
891071be6ba827b591264c90c2ae8a63,3872,sao paulo,SP,Sao Paulo,Southeast,4177.28,98,92,45.41
491a5ada3aa1678414e990262c4bbdc1,4208,sao paulo,SP,Sao Paulo,Southeast,2840.0,2,2,1420.0
84deb808079d1be601c209c1e771b1cc,81200,curitiba,PR,Parana,South,34.93,2,2,17.46
dd58ee93286b0821565574c570e9e1dc,81650,curitiba,PR,Parana,South,2948.0,2,2,1474.0
9558aa23f77a9e0a0eca83540999f43b,86801,apucarana,PR,Parana,South,125.7,2,2,62.85
3c4e0452bff7a2a788179488d3d77032,83408,colombo,PR,Parana,South,3746.4,36,32,117.08
ca5832c6960267b71041f74bb39e8b12,89820,xanxere,SC,Santa Catarina,South,79.9,1,1,79.9
668bf321538e5072858eaef6087ce027,83323,pinhais,PR,Parana,South,19.9,1,1,19.9
01266d4c46afa519678d16a8b683d325,80250,curitiba,PR,Parana,South,90.25,3,3,30.08
6c99c983ce3b6ba0ab813e6790e81691,38400,uberlandia,MG,Minas Gerais,Southeast,546.75,9,9,60.75
6aa3928696eab49a19a466e665a649fd,26285,nova iguacu,RJ,Rio de Janeiro,Southeast,2075.0,22,18,115.28
7d81e74a4755b552267cd5e081563028,4735,sao paulo,SP,Sao Paulo,Southeast,32.5,1,1,32.5
f8d5c7085db9a4ad2b8c1ffbeb2798c8,4104,sao paulo,SP,Sao Paulo,Southeast,263.0,6,6,43.83
7586919161935337bf6b6d7ff5779648,21921,rio de janeiro,RJ,Rio de Janeiro,Southeast,1664.71,18,11,151.34
47f55702f598c7c6cc8458b0fbc1c49a,36213,dores de campos,MG,Minas Gerais,Southeast,127.5,2,2,63.75
50a7e551a7b3f8d37cd6e32d8bfbe5ea,9520,sao caetano do sul,SP,Sao Paulo,Southeast,140.0,1,1,140.0
ea1776927851da2532aa70d6a32c095a,8223,sao paulo,SP,Sao Paulo,Southeast,318.8,3,3,106.27
827f8f69dfa529c561901c4f2e0f332f,81880,curitiba,PR,Parana,South,3408.39,104,91,37.45
60ad151920c4f6f3ebbe8cfdf6166779,6322,carapicuiba,SP,Sao Paulo,Southeast,130.0,2,2,65.0
59fb871bf6f4522a87ba567b42dafecf,3655,sao paulo,SP,Sao Paulo,Southeast,21708.57,128,126,172.29
fa74b2f3287d296e9fbd2cc80f2d1cf1,19023,presidente prudente,SP,Sao Paulo,Southeast,2459.89,11,11,223.63
52454f90d4c30c016768db02f88c1a74,13091,campinas,SP,Sao Paulo,Southeast,80.5,5,3,26.83
a1043bafd471dff536d0c462352beb48,37175,ilicinea,MG,Minas Gerais,Southeast,101901.16,770,718,141.92
3338e7a0710a195872be80e0d2423867,13403,piracicaba,SP,Sao Paulo,Southeast,45.0,1,1,45.0
8378eb36b6b70c5734e83ad7b8cdc3b7,88301,itajai,SC,Santa Catarina,South,1714.8,13,7,244.97
f7df46c1e0ec44eed5c6726478da4a17,93336,novo hamburgo,RS,Rio Grande do Sul,South,429.70000000000005,3,3,143.23
3fac58ce0ad699020c7944d53c41329c,3480,sao paulo,SP,Sao Paulo,Southeast,1244.95,16,10,124.5
debe6615cd90cc0c2eac2b8988e1f628,4282,sao paulo,SP,Sao Paulo,Southeast,278.5,5,5,55.7
baa49d93c8c8841e27400a300f5d74b2,88113,sao jose,SC,Santa Catarina,South,246.39999999999998,6,6,41.07
5ca5d579b5857ee8709479b1047cecc3,4176,sao paulo,SP,Sao Paulo,Southeast,339.89,2,2,169.94
3b872fd4747f01cc56206f2934198618,14940,ibitinga,SP,Sao Paulo,Southeast,2726.7400000000002,27,25,109.07
a4fc6eadaff1576af888509a53420f6a,9561,sao caetano do sul,SP,Sao Paulo,Southeast,100.86,1,1,100.86
7402d13c03a7e91366337cd1de471144,86181,cambe,PR,Parana,South,528.38,4,4,132.1
6e4a902d1054e4e17aa6eab87fac1c75,18090,sorocaba,SP,Sao Paulo,Southeast,586.57,8,7,83.8
ff82e8873fba613f2261a9acc896fd84,35900,itabira,MG,Minas Gerais,Southeast,124.6,4,4,31.15
92eb0f42c21942b6552362b9b114707d,3504,sao paulo,SP,Sao Paulo,Southeast,6548.63,365,341,19.2
f125f3a310c2e5f822d116147de1e474,3068,sao paulo,SP,Sao Paulo,Southeast,2761.4,22,16,172.59
72146da5774cabf2632faedcae097a76,85960,marechal candido rondon,PR,Parana,South,200.94,6,4,50.24
b9c0ffa92f3ff9a5a3d45ef7213c0842,8246,sao paulo,SP,Sao Paulo,Southeast,490.0,3,3,163.33
1d139e3a3b14025640d8df1b230aace0,14860,barrinha,SP,Sao Paulo,Southeast,36.49,2,2,18.24
883dd81e82754ac2c65e9790a7db8c9a,81070,curitiba,PR,Parana,South,319.5,5,5,63.9
09883d9ab71c8fe8a9bfc7fc3075b07e,8180,sao paulo,SP,Sao Paulo,Southeast,329.5,5,5,65.9
2f1e7b90e01d9f086cbcb301c0c3d406,89022,blumenau,SC,Santa Catarina,South,59.0,1,1,59.0
6bbcb8924baf70b7fe2fe2097e8cd407,89031,blumenau,SC,Santa Catarina,South,2382.5,11,10,238.25
8e4f041ff58e7845456d3482524014b3,90250,porto alegre,RS,Rio Grande do Sul,South,133.8,2,2,66.9
0ec28cec4046a4a199b6de9b4c891d97,74110,goiania,GO,Goias,Central-West,296.6,4,3,98.87
5debea795b07621e1f90532e18f96145,86800,apucarana,PR,Parana,South,1883.78,33,25,75.35
2709af9587499e95e803a6498a5a56e9,3813,sao paulo,SP,Sao Paulo,Southeast,1279.56,47,26,49.21
bd43e172d599bed47a85da877172ca8c,89280,sao bento do sul,SC,Santa Catarina,South,23.92,1,1,23.92
725c32fa80c2faacc4fc88450d27314e,3320,sao paulo,SP,Sao Paulo,Southeast,7838.88,93,89,88.08
850913d59ce317156b00f3705f1c3edb,12942,atibaia,SP,Sao Paulo,Southeast,2690.0,34,32,84.06
7354220fb240bde543b3c40c060d41e7,71215,brasilia,DF,Distrito Federal,Central-West,672.0,7,7,96.0
e8b3a3a38279a82f0e5d006d5e5b7d2c,87230,jussara,PR,Parana,South,13154.7,92,87,151.2
b17b679f4f5ce2e03ce6968c62648246,14090,ribeirao preto,SP,Sao Paulo,Southeast,4084.75,57,55,74.27
43a1d4bab73b816e44ef4e4facd9f9b5,87050,maringa,PR,Parana,South,189.9,1,1,189.9
dd264199fc8b687ad029de7de6d760e6,85815,cascavel,PR,Parana,South,87.9,1,1,87.9
67225bff54a172ff67579aaf583efd78,85960,marechal candido rondon,PA,Para,North,1238.0,8,8,154.75
baeda7047354773262ba2405f97038ba,13471,americana,SP,Sao Paulo,Southeast,35.0,1,1,35.0
167fd940acebc789debd6eb418c46e38,14405,franca,SP,Sao Paulo,Southeast,1077.58,5,5,215.52
4ef4c39cf3c24f326434cf0b2e48046a,5004,sao paulo,SP,Sao Paulo,Southeast,891.0,9,8,111.38
ce616e1913288884e7742faac9d981db,6711,cotia,SP,Sao Paulo,Southeast,365.1,24,15,24.34
a1474fd46fd3430168f7ec202da39408,83321,pinhais,SP,Sao Paulo,Southeast,2752.5,14,12,229.38
1b61fb1f0f2185d89e9a126c498e9cc7,87015,maringa,PR,Parana,South,49.7,1,1,49.7
2ff6b7bff164ef05590a52734e1296da,86060,londrina,PR,Parana,South,1803.59,7,7,257.66
e4253cef933647000a82ff39c67b7bde,5856,sao paulo,SP,Sao Paulo,Southeast,68.0,2,2,34.0
3a3c180dd702a725bd0ba4117689239e,84600,uniao da vitoria,PR,Parana,South,41.9,1,1,41.9
bce6a5ecf98e99fd2a8868b15c51f04b,7180,guarulhos,SP,Sao Paulo,Southeast,3464.9,15,14,247.49
ea65d8b58316a6f2362f2a9e4b3e86ad,13030,campinas,SP,Sao Paulo,Southeast,2061.4,16,9,229.04
686886775c8f6b1191c7b953fb52708c,13920,pedreira,SP,Sao Paulo,Southeast,189.0,1,1,189.0
0a85ebe4e328db81ac9109781205e2f7,13205,jundiai,SP,Sao Paulo,Southeast,667.9,12,12,55.66
1660ad786c27fd935378b6192a90b417,9891,sao bernardo do campo,SP,Sao Paulo,Southeast,1570.0,13,12,130.83
0db783cfcd3b73998abc6e10e59a102f,11010,santos,SP,Sao Paulo,Southeast,9077.4,137,132,68.77
52f9db5cfb423382a2fa5c9e39303202,19830,echapora,SP,Sao Paulo,Southeast,1269.77,23,22,57.72
f307937c1bb287c3efc2a514b94b0d1d,38183,araxa,MG,Minas Gerais,Southeast,189.99,1,1,189.99
e88f7a2995ba184710d339c5c4bf2e30,15505,votuporanga,SP,Sao Paulo,Southeast,251.6,2,2,125.8
b76a1f8356322f12529c37b67d5c96c2,11015,santos,SP,Sao Paulo,Southeast,298.5,5,5,59.7
4aba6a02a788d3ec81c03137144d9a80,89460,canoinhas,SC,Santa Catarina,South,89.9,1,1,89.9
9449f25aeaf531019b76999ea49a6949,21040,rio de janeiro,RJ,Rio de Janeiro,Southeast,2046.45,10,10,204.64
431af27f296bc6519d890aa5a05fdb11,14110,ribeirao preto,SP,Sao Paulo,Southeast,13109.5,125,117,112.05
53088c75f948b48a7ece173ac17f0c12,95840,triunfo,RS,Rio Grande do Sul,South,261.70000000000005,3,3,87.23
0f80a40c312b2472dca482cf50f5186f,18681,lencois paulista,SP,Sao Paulo,Southeast,129.9,1,1,129.9
544863df86ed3b78a04e0820d41430ee,29166,serra,ES,Espirito Santo,Southeast,23.9,1,1,23.9
78ef7e885d17f35e2382a47aae8b8cce,96816,santa cruz do sul,RS,Rio Grande do Sul,South,388.0,3,3,129.33
0be8ff43f22e456b4e0371b2245e4d01,4461,sao paulo,SP,Sao Paulo,Southeast,11805.5,180,161,73.33
1835b56ce799e6a4dc4eddc053f04066,14940,ibitinga,SP,Sao Paulo,Southeast,33344.21,558,423,78.83
2e13c71026e1a39ba5cc1b86dcb679aa,2265,sao paulo,SP,Sao Paulo,Southeast,3793.0,28,24,158.04
0af2ab31141893d26aca5a404a537dab,3431,sao paulo,SP,Sao Paulo,Southeast,59.0,1,1,59.0
13d058e4eeac2ce8217660b2f8a05812,6080,osasco,SP,Sao Paulo,Southeast,3829.77,23,23,166.51
e00d85ce20ea50c1224c66ca5050527d,6286,osasco,SP,Sao Paulo,Southeast,149.0,1,1,149.0
e48b04bf1aa1ef711caebeb7aede6180,80240,curitiba,PR,Parana,South,3187.1000000000004,25,25,127.48
f67efa3f0b6761102a7f8c6b7b571f5d,82300,curitiba,PR,Parana,South,5188.68,32,31,167.38
c273175f7c6c80fb02f051e2fc6d0d72,5849,sao paulo,SP,Sao Paulo,Southeast,1188.23,14,14,84.87
382229d1e840115ffe3dbf5ff460e417,23092,rio de janeiro,RJ,Rio de Janeiro,Southeast,4096.96,49,46,89.06
f09b760d23495ac9a7e00d29b769007c,15802,catanduva,SP,Sao Paulo,Southeast,21.9,1,1,21.9
5c243662ce92d84573bfaff24c3e3700,3702,sao paulo,SP,Sao Paulo,Southeast,32862.02,100,98,335.33
38874e327ce94d11390b96eb42d61928,8577,itaquaquecetuba,SP,Sao Paulo,Southeast,3779.94,6,6,629.99
ab3e0c171fe84a7ba7de130f19cfb485,86690,colorado,PR,Parana,South,863.42,10,7,123.35
85e7c62c1d6ea078c3897424f867a7c8,88220,itapema,SC,Santa Catarina,South,60.0,2,2,30.0
262237171f48e85819065498cac80d7b,88352,brusque,SC,Santa Catarina,South,599.0,10,4,149.75
fd386aa7bed2af3c7035c65506c9b4a3,4208,sao paulo,SP,Sao Paulo,Southeast,2304.15,76,69,33.39
b2f4d63c7203f539a78252565ca32257,28950,armacao dos buzios,RJ,Rio de Janeiro,Southeast,14.9,1,1,14.9
dd5450b022b2d00a2145a66331e1aef6,89208,joinville,SC,Santa Catarina,South,59.0,1,1,59.0
ff4e2d38692ce827b1a4f4b8196e680d,3319,sao paulo,SP,Sao Paulo,Southeast,518.9,11,11,47.17
7963e546f34e098b578f9ad102494601,5624,sao paulo,SP,Sao Paulo,Southeast,60.99,1,1,60.99
1588ac4010787100dddef64568f0ae35,87045,maringa,PR,Parana,South,599.97,3,3,199.99
41c2bad7229b0c25e6becf179ebf63ff,59020,natal,RN,Rio Grande do Norte,Northeast,782.0,23,20,39.1
8b655f0855926bcb49f5835d38dfddf6,6192,osasco,SP,Sao Paulo,Southeast,1089.5,5,5,217.9
a213f1bd6458f4a158f3746cb2514559,87043,maringa,PR,Parana,South,41.52,1,1,41.52
1b7e5006cb25dd23ce8686691013b121,2350,sao paulo,SP,Sao Paulo,Southeast,2636.74,11,11,239.7
4559697a8f7e637227c2eeaed843baff,19029,presidente prudente,SP,Sao Paulo,Southeast,3696.0,42,42,88.0
4867209cb29b56b92893d7bde3ce8012,17209,jau,SP,Sao Paulo,Southeast,150.0,1,1,150.0
19a7c9f66ffa6452ff4b4c0cca71da27,85880,itaipulandia,PR,Parana,South,279.0,1,1,279.0
6fa9202c10491e472dffd59a3e82b2a3,18030,sorocaba,SP,Sao Paulo,Southeast,7014.24,3,3,2338.08
20d53aad4fe5ee93a64f8839609d3586,37540,santa rita do sapucai,MG,Minas Gerais,Southeast,51.9,2,2,25.95
42fa4ee7240e9b8eb4576358ec142ba7,95012,caxias do sul,RS,Rio Grande do Sul,South,3845.7,22,22,174.8
c8660dcf9ba70575f45d80fe28c27713,2040,sao paulo,SP,Sao Paulo,Southeast,335.0,7,4,83.75
253c025bab43881055aeecde5e2d8b77,80620,curitiba,PR,Parana,South,94.82,2,2,47.41
7ecd59e5e20407131822c1a68ac59c1f,70719,brasilia,DF,Distrito Federal,Central-West,1466.71,29,24,61.11
c026ef0d72e9132d9fa112308090c8dc,20766,rio de janeiro,RJ,Rio de Janeiro,Southeast,520.0,1,1,520.0
0b09101900100c0e9d312861fad5a1b9,3168,sao paulo,SP,Sao Paulo,Southeast,153.75,1,1,153.75
e8f6dc8e6a1dcde89d20e3995c8d90b3,3476,sao paulo,SP,Sao Paulo,Southeast,2256.34,48,36,62.68
128f9bfbe4c7d5185033914b1de3d39a,12940,atibaia,SP,Sao Paulo,Southeast,1277.29,16,14,91.24
a09a13f18ed27932d08438aa6f12756e,93800,sapiranga,RS,Rio Grande do Sul,South,29.9,1,1,29.9
81a1104df0f08b59c68aa5b03cfe398e,83020,sao jose dos pinhais,PR,Parana,South,9420.880000000001,73,73,129.05
3f84fefc07dc159b268d4a77d3e8c425,83833,fazenda rio grande,PR,Parana,South,200.6,3,3,66.87
750303a20e9c56b2a6bc45cdce0b897d,74333,goiania,GO,Goias,Central-West,8085.0,57,54,149.72
f8db351d8c4c4c22c6835c19a46f01b0,13324,salto,SP,Sao Paulo,Southeast,50525.6,724,667,75.75
0743a0239d764b9a0f959a57d07e36ab,3138,sao paulo,SP,Sao Paulo,Southeast,336.96,4,4,84.24
131fcb0a0c9a47bba4474aacff0f14b7,1201,sao paulo,SP,Sao Paulo,Southeast,369.8,4,4,92.45
1838dd9b8977065acf51d95e0053ea7a,30882,belo horizonte,MG,Minas Gerais,Southeast,2820.3,67,64,44.07
1b8b75e227c9a9c100d0c210fb6176ce,5468,sao paulo,SP,Sao Paulo,Southeast,1914.8300000000002,19,19,100.78
eb1bf309f4f6af9a97e9ddac3fdbeabe,9961,diadema,SP,Sao Paulo,Southeast,22.3,1,1,22.3
5d378b73ab7dd6f0418d743e5dcb0bd1,1026,sao paulo,SP,Sao Paulo,Southeast,13243.0,7,7,1891.86
39d54ff918774174706fb065d7f9dc07,4243,sao paulo,SP,Sao Paulo,Southeast,1593.59,25,23,69.29
353e21e8bf8de2722b4fae1636664b76,92120,canoas,RS,Rio Grande do Sul,South,208.0,4,4,52.0
5b33b527da3c5b969cc99dc435cad09a,87702,paranavai,PR,Parana,South,1872.79,17,16,117.05
c9d2ba8dde44a275ae06475ed1d2fafc,38400,uberlandia,MG,Minas Gerais,Southeast,28.79,1,1,28.79
d149de2f383552baea37a7198c2296ce,4193,sao paulo,SP,Sao Paulo,Southeast,320.70000000000005,3,3,106.9
bf961104a38e01b9062ee026bb657dee,14055,ribeirao preto,SP,Sao Paulo,Southeast,585.56,4,4,146.39
1ca7077d890b907f89be8c954a02686a,6506,santana de parnaiba,SP,Sao Paulo,Southeast,13341.57,137,115,116.01
89a51f50b8095ea78d5768f34c13a76f,71931,brasilia,DF,Distrito Federal,Central-West,677.16,11,10,67.72
3a490ba60afa30ece0e7d50cfe74a4f0,31365,belo horizonte,MG,Minas Gerais,Southeast,1529.2,8,8,191.15
455f46ef09a9e45667e2981df84b5cc2,18052,sorocaba,SP,Sao Paulo,Southeast,59.8,2,2,29.9
651fe66032c9520ee5587f694908040d,94810,alvorada,RS,Rio Grande do Sul,South,464.0,7,7,66.29
6d04126aba80df143fd038e711b8fd96,20091,rio de janeiro,RJ,Rio de Janeiro,Southeast,89.99,1,1,89.99
3febca52652e7209509ccfe61cbde40e,8596,itaquaquecetuba,SP,Sao Paulo,Southeast,84.0,2,2,42.0
d566c37fa119d5e66c4e9052e83ee4ea,4131,sao paulo,SP,Sao Paulo,Southeast,5145.7,73,65,79.16
62d977e2b2aee830de3e039a28490d12,80410,curitiba,PR,Parana,South,399.8,2,2,199.9
010543a62bd80aa422851e79a3bc7540,1212,sao paulo,SP,Sao Paulo,Southeast,1416.0,2,2,708.0
7178e1eaa97257d8b6d4b80efd77a025,18270,tatui,SP,Sao Paulo,Southeast,167.9,1,1,167.9
2199e7fe213c16213bf5d6a7eadc9a5d,11900,registro,SP,Sao Paulo,Southeast,4078.29,31,25,163.13
984c273121e743dd14767befe6cb17f5,13474,americana,SP,Sao Paulo,Southeast,259.6,1,1,259.6
2b3e4a2a3ea8e01938cabda2a3e5cc79,4733,sao paulo,SP,Sao Paulo,Southeast,23629.15,54,52,454.41
feb793c88d836c3a75efa4b5a3465d70,3165,sao paulo,SP,Sao Paulo,Southeast,466.0,1,1,466.0
e333046ce6517bd8bb510291d44f0130,18950,ipaussu,SP,Sao Paulo,Southeast,7268.0,74,68,106.88
5a413ade68e8f8d93071a7f52a64cb9e,3679,sao paulo,SP,Sao Paulo,Southeast,778.9,14,14,55.64
5a425cc503b39b262a847fd6212bf53b,86010,londrina,PR,Parana,South,1360.5900000000001,15,15,90.71
9535a841eecebed61a9fb1ac1cbb5597,1208,sao paulo,SP,Sao Paulo,Southeast,784.9,2,2,392.45
8f78f0903005064036736c7173a5c2ed,36325,tiradentes,MG,Minas Gerais,Southeast,2113.7000000000003,21,13,162.59
9803a40e82e45418ab7fb84091af5231,75901,rio verde,GO,Goias,Central-West,4278.75,18,11,388.98
43b2c864251aa0ce4030c746984e088a,71936,brasilia,DF,Distrito Federal,Central-West,94.8,2,2,47.4
83e197e95a1bbabc8c75e883ed016c47,25900,mage,RJ,Rio de Janeiro,Southeast,6693.6900000000005,55,47,142.42
17908cf9b444ee34047cadd5c0f4a516,75124,anapolis,GO,Goias,Central-West,1993.99,11,11,181.27
17eea220a40cc0d2c0c5346379682398,3565,sao paulo,SP,Sao Paulo,Southeast,1414.98,4,4,353.74
270297ead4c65a6cd2593960d2af6b21,4696,sao paulo,SP,Sao Paulo,Southeast,9422.4,20,18,523.47
5f0057b677eb963672bf05dfa3f16c34,1309,sao paulo,SP,Sao Paulo,Southeast,312.88,5,5,62.58
8185694b58b2ba6de20fd41ae608bbea,6764,tabao da serra,SP,Sao Paulo,Southeast,1372.3,8,8,171.54
17f51e7198701186712e53a39c564617,3908,sao paulo,SP,Sao Paulo,Southeast,48019.0,61,56,857.48
2addf05f476d0637864454e93ba673d5,70856,brasilia,DF,Distrito Federal,Central-West,4552.0,12,12,379.33
b67d6c666e8dce1d078c882825e12704,3641,sao paulo,SP,Sao Paulo,Southeast,352.84,8,7,50.41
ead2bab70821ea148476ae9bc08548ac,31980,belo horizonte,MG,Minas Gerais,Southeast,412.1,9,9,45.79
fa14641f57b655e933124a9ea49cd7a5,1310,sao paulo,SP,Sao Paulo,Southeast,359.92999999999995,7,7,51.42
d1582f4043306e6b91afa6a8a884f898,3445,sao paulo,SP,Sao Paulo,Southeast,990.0,9,9,110.0
d263fa444c1504a75cbca5cc465f592a,13478,americana,SP,Sao Paulo,Southeast,399.0,1,1,399.0
f35b3c613c4f7b2275f4185d0a3c59ec,5417,sao paulo,SP,Sao Paulo,Southeast,4047.25,9,9,449.69
655220df33262c7e0c4949a147366f94,9951,diadema,SP,Sao Paulo,Southeast,2245.0,15,13,172.69
ad8b531ae67582f096925cff5630d0d1,84172,castro,PR,Parana,South,208.35000000000002,3,3,69.45
499185655c29ecfdbfe776ef7cf875b5,90520,porto alegre,RS,Rio Grande do Sul,South,89.0,1,1,89.0
44f091b5abab8018f682fce8124b85e5,2281,sao paulo,SP,Sao Paulo,Southeast,1680.1,6,6,280.02
7210cd29727d674c00741e5e387b3ccd,3279,sao paulo,SP,Sao Paulo,Southeast,729.0899999999999,13,9,81.01
f4ce8ca9fa7157e3b33f536ac9a4487d,16306,penapolis,SP,Sao Paulo,Southeast,409.6,4,4,102.4
0570350b23eda5444f8d1d9544932058,5104,sao paulo,SP,Sao Paulo,Southeast,626.9,11,6,104.48
de9727ca376d1be6ec121b110aa7954c,87114,sarandi,PR,Parana,South,1058.7,12,10,105.87
d3891911c2feae53c52fea2bd14054e5,6760,sao paulo,SP,Sao Paulo,Southeast,141.0,2,2,70.5
70a12e78e608ac31179aea7f8422044b,12327,jacarei,SP,Sao Paulo,Southeast,30858.53,328,315,97.96
2eeb6531ee027a48d401e72bebdd87d3,12230,sao jose dos campos,SP,Sao Paulo,Southeast,38.7,3,3,12.9
c1ed9e3daf6154542826a6996af0fb8c,88308,itajai,SC,Santa Catarina,South,971.25,17,9,107.92
d101c6da914ae3d53f7bee42283f2fe2,8072,sao paulo,SP,Sao Paulo,Southeast,1297.4,16,13,99.8
a00824eb9093d40e589b940ec45c4eb0,18590,bofete,SP,Sao Paulo,Southeast,9399.97,3,3,3133.32
0015a82c2db000af6aaaf3ae2ecb0532,9080,santo andre,SP,Sao Paulo,Southeast,2685.0,3,3,895.0
808d4348b916efa08e766ebad39f61eb,2336,sao paulo,SP,Sao Paulo,Southeast,731.1,21,21,34.81
fb3cfbc8a86f5d7fbb4d36b8df63f60d,21825,rio de janeiro,RJ,Rio de Janeiro,Southeast,1007.3000000000001,15,10,100.73
80ceebb4ee9b31afb6c6a916a574a1e2,86026,londrina,PR,Parana,South,6729.0,1,1,6729.0
2d2c62bef4c8ba0dd74e0e228e808539,14096,ribeirao preto,SP,Sao Paulo,Southeast,3749.0,16,16,234.31
7c51de0ab286204ce75ff42bf7c10d92,88380,picarras,SC,Santa Catarina,South,759.0,4,4,189.75
c1d1ebb4745cc43cb6f05e9c8a705c9a,8070,sao paulo,SP,Sao Paulo,Southeast,34.5,3,3,11.5
8def3db7f272735afb2ecd03aeca09a7,28035,rio de janeiro,RJ,Rio de Janeiro,Southeast,196.0,2,2,98.0
ff063b022a9a0aab91bad2c9088760b7,9171,santo andre,SP,Sao Paulo,Southeast,12076.5,96,94,128.47
82bd0703a4aefd6b599e5bfdaed378fb,17510,marilia,SP,Sao Paulo,Southeast,2692.28,24,21,128.2
7fe21dd00d2f4943ae09525efa2fd674,20551,rio de janeiro,RJ,Rio de Janeiro,Southeast,299.6,4,4,74.9
7ab0dd5487bab2dc835337b244f689fb,15013,sao jose do rio preto,SP,Sao Paulo,Southeast,12.5,1,1,12.5
12a8eb0f8d1cd3270695bf2a99f55966,4607,sao paulo,SP,Sao Paulo,Southeast,397.0,2,2,198.5
beadbee30901a7f61d031b6b686095ad,7097,guarulhos,SP,Sao Paulo,Southeast,4373.98,68,64,68.34
bc39d8938f90a3a2b98193723ed59774,7791,cajamar,SP,Sao Paulo,Southeast,306.8,2,2,153.4
fd312b6bf05efac6c3772d5b52205d8a,18111,votorantim,SP,Sao Paulo,Southeast,118.69999999999999,4,2,59.35
df683dfda87bf71ac3fc63063fba369d,95180,farroupilha,RS,Rio Grande do Sul,South,39.9,1,1,39.9
25cf099de44674fde97473224f9d59ab,6716,cotia,SP,Sao Paulo,Southeast,1654.36,50,50,33.09
7139dc5186aa238b006e066d8fbab2e4,13901,amparo,SP,Sao Paulo,Southeast,1712.0,24,22,77.82
d94a40fd42351c259927028d163af842,37443,baependi,MG,Minas Gerais,Southeast,13823.8,110,101,136.87
406740ee611378a662d274c7d8c43c4a,29056,vitoria,ES,Espirito Santo,Southeast,1790.0,10,8,223.75
6bd503a8230299c9316fb0f726933927,75650,morrinhos,GO,Goias,Central-West,324.28999999999996,5,4,81.07
6576fd3e23c88f0e5d4d23f39bba0542,6766,taboao da serra,SP,Sao Paulo,Southeast,14.5,1,1,14.5
0885aaf116795758dfeb5f1032487bcd,8541,ferraz de vasconcelos,SP,Sao Paulo,Southeast,2648.0,30,28,94.57
6288c69c4ce638e59925e59193f98b16,9010,santo andre,SP,Sao Paulo,Southeast,4506.28,22,22,204.83
dfc5fb7259bb2b599ca565e6e9448f0f,9780,sao bernardo do campo,SP,Sao Paulo,Southeast,6124.63,34,33,185.59
41958cbd3335433c8740300e8cd600d5,5051,sao paulo,SP,Sao Paulo,Southeast,32.99,1,1,32.99
3a3e46d10f74d8a6ca76e2b538f106a0,2522,sao paulo,SP,Sao Paulo,Southeast,334.9,6,3,111.63
2d2322d842118867781fc737e96d59a1,5879,sao paulo,SP,Sao Paulo,Southeast,176.4,10,8,22.05
e4fc40017a6d22c46a14ac2e17f87c3e,86702,arapongas,PR,Parana,South,387.0,3,3,129.0
5a9b3bcab695173c820e53934574ae80,13320,salto,SP,Sao Paulo,Southeast,139.0,1,1,139.0
2bf6a2c1e71bbd29a4ad64e6d3c3629f,28615,nova friburgo,RJ,Rio de Janeiro,Southeast,50628.9,31,30,1687.63
7c4618c82226628831613e95e9c22f44,18136,sao roque,SP,Sao Paulo,Southeast,333.92999999999995,13,13,25.69
06579cb253ecd5a3a12a9e6eb6bf8f47,4007,sao paulo - sp,SP,Sao Paulo,Southeast,4727.2,72,62,76.25
8ab42aa58097fd4668d60cc648225d5f,74150,goiania,GO,Goias,Central-West,2616.75,26,20,130.84
4978a02ea9c8be7a9b5480680f40334e,8215,sao paulo,SP,Sao Paulo,Southeast,2356.61,19,18,130.92
8e29d051f810eb22959ede205b462b9f,15131,mirassol,SP,Sao Paulo,Southeast,599.8,2,2,299.9
ccb83a794700270fde70898fe9ff368b,88960,sombrio,SC,Santa Catarina,South,11062.0,12,12,921.83
612a743d294c27884fb7b80d2b19ba35,80620,curitiba,PR,Parana,South,3057.7000000000003,3,2,1528.85
cb6c9f5888a7a090c75beaf615925792,29100,vila velha,ES,Espirito Santo,Southeast,779.8900000000001,11,11,70.9
c12d7463a579237ffb9248bd7cff378b,8275,sao paulo,SP,Sao Paulo,Southeast,25.9,1,1,25.9
fe701d88b67eaca109dffd464d1be9f9,24900,marica,RJ,Rio de Janeiro,Southeast,1548.9,11,11,140.81
46dc3b2cc0980fb8ec44634e21d2718e,22240,rio de janeiro,RJ,Rio de Janeiro,Southeast,128111.19,542,521,245.89
fedaedd3ca31d56ab33e92035e4b361c,24310,niteroi,RJ,Rio de Janeiro,Southeast,39.9,1,1,39.9
dbc51f5e45d654ecc16cb68e6817ecea,14402,franca,SP,Sao Paulo,Southeast,199.99,1,1,199.99
81f89e42267213cb94da7ddc301651da,19063,presidente prudente,SP,Sao Paulo,Southeast,3955.0,52,46,85.98
630008e0f062605a415d694489f6f82e,1026,sao paulo,SP,Sao Paulo,Southeast,105.15,3,2,52.58
58f1a6197ed863543e0136bdedb3fce2,36407,conselheiro lafaiete,MG,Minas Gerais,Southeast,6833.0,45,44,155.3
df56d7b40d437f88407c5f78b63bc328,85812,cascavel,PR,Parana,South,2791.28,25,22,126.88
165fc07beebdcb6190fba8a06db2a449,87015,maringa,PR,Parana,South,17481.4,64,50,349.63
0691148aee60ca47977c187804f935ae,86010,londrina,PR,Parana,South,5868.51,53,47,124.86
cac876b37d3abcd6bd76caca30277996,85816,cascavel,PR,Parana,South,2229.77,33,27,82.58
9ac4f14370b1e24ddc58be041b7f99df,76330,jaragua,GO,Goias,Central-West,314.51,5,5,62.9
70eea00b476a314817cefde4aad4f89a,13250,itatiba,SP,Sao Paulo,Southeast,31994.649999999998,114,108,296.25
282c7480173bb9c01dd41cc739fec010,4795,sao paulo,SP,Sao Paulo,Southeast,4274.2,8,5,854.84
c840d3fdbba0790404fdae73d253b253,81530,curitiba,PR,Parana,South,4522.28,14,9,502.48
4f40d2ed38d1cc945364a7cd202a82c7,2337,sao paulo,SP,Sao Paulo,Southeast,319.9,1,1,319.9
9cad4b68bb993ee401a3c5aaa2bc26dd,16200,birigui,SP,Sao Paulo,Southeast,649.3000000000001,7,5,129.86
dbbcfe2c8d026742134ac3e28ccde274,81630,curitiba,PR,Parana,South,308.59000000000003,4,4,77.15
2fdde51ad3e12f297da656d4fbd5d0b5,89228,joinville,SC,Santa Catarina,South,6252.0,10,10,625.2
7040e82f899a04d1b434b795a43b4617,1026,sao paulo,SP,Sao Paulo,Southeast,9738.2,228,212,45.93
83a75eea11694e36e56dd0cb2240229a,13905,amparo,SP,Sao Paulo,Southeast,487.0,3,3,162.33
a1544b9ea0b2390e020537d4daa89049,13211,jundiai,SP,Sao Paulo,Southeast,841.2,8,8,105.15
b8a0adc91af209270c2c725168eb00fd,14940,ibitinga,SP,Sao Paulo,Southeast,281.4,6,6,46.9
20b54c376b794ed028df09a3cd88e8dc,9560,sao caetano do sul,SP,Sao Paulo,Southeast,1342.95,11,11,122.09
5415337f1863452476d42d9f14a16a61,30840,belo horizonte,MG,Minas Gerais,Southeast,44.9,1,1,44.9
e0482f2c769468c3bbcd8a01e09d98c5,2320,sao paulo,SP,Sao Paulo,Southeast,189.0,1,1,189.0
3fe7120d6257285ac6a3ce7cb071ccec,35044,governador valadares,MG,Minas Gerais,Southeast,199.98,2,2,99.99
7daca0837f033a41a6f3428c18657533,15170,tanabi,SP,Sao Paulo,Southeast,1228.98,7,7,175.57
d66c305afaec317ebee552073a674429,33936,ribeirao das neves,MG,Minas Gerais,Southeast,4886.46,47,41,119.18
a5ff20ff766e7f50bd5066f33da14413,5522,sao paulo,SP,Sao Paulo,Southeast,66.59,4,2,33.3
adbe70ab2c97442046d393988c8d1d27,9321,maua,SP,Sao Paulo,Southeast,289.5,5,5,57.9
74c7dec0a384d8a05950e629bd23bde9,13845,mogi guacu,SP,Sao Paulo,Southeast,187.68,5,5,37.54
42bde9fef835393bb8a8849cb6b7f245,71551,brasilia,DF,Distrito Federal,Central-West,7703.0,40,35,220.09
89bc797e2e29667aa035d4368f9b7f92,2969,sao paulo,SP,Sao Paulo,Southeast,407.3,20,17,23.96
f9eedec3129e8cc6b6429c42d0808c5b,22793,"rio de janeiro, rio de janeiro, brasil",RJ,Rio de Janeiro,Southeast,789.8,2,2,394.9
66922902710d126a0e7d26b0e3805106,31842,belo horizonte,MG,Minas Gerais,Southeast,14362.3,156,151,95.11
32f1bb9dfa65bc7df5c0d9d95a616be4,4705,sao paulo,SP,Sao Paulo,Southeast,276.39,6,5,55.28
05f51e13da97139648b8125c31e5f51b,31910,belo horizonte,MG,Minas Gerais,Southeast,13769.01,63,60,229.48
c43d924a0f1688ee9fae0efcd6f539d4,20710,rio de janeiro,RJ,Rio de Janeiro,Southeast,29.9,1,1,29.9
91543f9849d68d023e17194926598543,89041,blumenau,SC,Santa Catarina,South,834.0,6,4,208.5
3ded4e2d5f135cb103e5949d7263d2dd,37550,pouso alegre,MG,Minas Gerais,Southeast,49.9,1,1,49.9
7d456afc660226829370f3173d14520c,8820,mogi das cruzes,SP,Sao Paulo,Southeast,8338.25,91,56,148.9
1900267e848ceeba8fa32d80c1a5f5a8,14940,ibitinga,SP,Sao Paulo,Southeast,24982.53,529,411,60.78
4ce6e5f6c52515177e18c1c9361d8677,9895,sao bernardo do campo,SP,Sao Paulo,Southeast,226.6,1,1,226.6
157c3e4b42f81ac4a44e8b1ca2fe9876,3211,sao paulo,SP,Sao Paulo,Southeast,2548.5,31,23,110.8
9fbd5666d8618fa571c4230fafa09bd6,4360,sao paulo,SP,Sao Paulo,Southeast,79.9,1,1,79.9
eb9cd5b35d95206585e2185318cb5c61,3064,sao paulo,SP,Sao Paulo,Southeast,550.0,3,2,275.0
08d2d642cf72b622b14dde1d2f5eb2f5,17512,marilia,SP,Sao Paulo,Southeast,914.0,21,17,53.76
525e75a6fb1454a2325ab1734bcec221,6453,barueri,SP,Sao Paulo,Southeast,657.0699999999999,11,10,65.71
0e982cff76cc0579f632cea8a0e38c9d,88316,itajai,SC,Santa Catarina,South,1307.34,12,7,186.76
bc30de0d71bd6260b936a026b5cf7200,13920,pedreira,SP,Sao Paulo,Southeast,392.37,3,3,130.79
014c0679dd340a0e338872e7ec85666a,35180,timoteo,MG,Minas Gerais,Southeast,7058.0,15,14,504.14
78ba5933c21686d1c2f64669c8c459e7,8810,mogi das cruzes,SP,Sao Paulo,Southeast,191.8,2,2,95.9
6ee85be3693ed79a8e80718743d80655,3937,sao paulo,SP,Sao Paulo,Southeast,484.5,13,9,53.83
63272377184e969942f7fff221be858d,3340,sao paulo,SP,Sao Paulo,Southeast,149.7,2,2,74.85
d5ba419e26d246a0719437cf37d9b46d,3437,sao paulo,SP,Sao Paulo,Southeast,4061.4,35,34,119.45
15aac934c58d886785ac1b17953ea898,29480,muqui,ES,Espirito Santo,Southeast,4353.9,26,25,174.16
0b36063d5818f81ccb94b54adfaebbf5,89255,jaragua do sul,SC,Santa Catarina,South,765.0,15,1,765.0
f789d2c4f2c2eb38fc4373e7a4b35264,36010,juiz de fora,MG,Minas Gerais,Southeast,4864.24,49,44,110.55
fcf16b7a8697e559f0123190bb30177d,3679,sao paulo,SP,Sao Paulo,Southeast,1052.8,7,3,350.93
880eda903e719a5f179f7e9fceb3a69d,14610,ipua,SP,Sao Paulo,Southeast,249.0,1,1,249.0
7f5e4d5efad7e44b91115dd1decb65f3,12306,jacarei / sao paulo,SP,Sao Paulo,Southeast,179.9,9,3,59.97
299c89a525fee36c567f4fe72f038100,63540,varzea alegre,CE,Ceara,Northeast,658.0,2,2,329.0
87b740daf17b5d1be335a64164ec6842,8615,suzano,SP,Sao Paulo,Southeast,14699.87,13,13,1130.76
d4f91e8be86b38da2ee35bc489645a9d,12512,guaratingueta,SP,Sao Paulo,Southeast,49.99,1,1,49.99
eb3071b9f0b0ddaa2df5ea130f09f26b,4281,sao paulo,SP,Sao Paulo,Southeast,6230.0,11,9,692.22
7b3f6ce5c6c22e9b96e7581ebf0df6e1,13710,tambau,SP,Sao Paulo,Southeast,29.8,1,1,29.8
31da954dc0855f2495c6310f70a2f931,13601,araras,SP,Sao Paulo,Southeast,4583.0,30,29,158.03
63b9ae557efed31d1f7687917d248a8d,13720,sao jose do rio pardo,SP,Sao Paulo,Southeast,139.5,7,5,27.9
ef9952469137ff190bacafe117f51537,38022,uberaba,MG,Minas Gerais,Southeast,1002.66,5,5,200.53
c18309219e789960add0b2255ca4b091,20521,rio de janeiro,RJ,Rio de Janeiro,Southeast,9.9,1,1,9.9
4a82168aaef173cbb6e46ae88728f919,84500,irati,PR,Parana,South,512.0,4,4,128.0
17e34d8224d27a541263c4c64b11a56b,14085,riberao preto,SP,Sao Paulo,Southeast,56363.24,268,255,221.03
e2aee0892199b1d92530e371abd825bf,86600,rolandia,PR,Parana,South,5662.57,41,38,149.01
870d0118f7a9d85960f29ad89d5d989a,37708,pocos de caldas,MG,Minas Gerais,Southeast,3157.2,61,45,70.16
eb9267cccc90f1b49c8d2f9887c7dd97,52011,recife,PE,Pernambuco,Northeast,319.9,1,1,319.9
5de1c80811ce7007f62f00d971236c09,88063,florianopolis,SC,Santa Catarina,South,76.8,2,2,38.4
ec8879960bd2221d5c32f8e12f7da711,13253,itatiba,SP,Sao Paulo,Southeast,4062.4,36,36,112.84
586a871d4f1221763fddb6ceefdeb95e,90630,porto alegre,RS,Rio Grande do Sul,South,198.0,2,1,198.0
a35124e2d763d7ca3fbe3b97d143200f,4041,sao paulo,SP,Sao Paulo,Southeast,411.5,7,4,102.88
9198786624eaeb375793215cad26cfa6,89136,rodeio,SC,Santa Catarina,South,908.3000000000001,10,9,100.92
fe1b067411b8c5066e962aa146ccee03,19020,presidente prudente,SP,Sao Paulo,Southeast,847.78,8,8,105.97
6b9b80d53ba3676eafe60268a810b5a1,31160,belo horizonte,SP,Sao Paulo,Southeast,882.7,10,10,88.27
a938325a4b357fd23a6a4d5bb126408e,26510,nilopolis,RJ,Rio de Janeiro,Southeast,3231.0,25,24,134.62
f1b854361f4e15d5851b494df66f22b2,20020,rio de janeiro,RJ,Rio de Janeiro,Southeast,1168.8,4,3,389.6
3d49bfdd1b43a7fe169b3740067acc61,39400,montes claros,MG,Minas Gerais,Southeast,215.0,3,3,71.67
9df5750209b83567ec144eb299d7d634,93032,sao leopoldo,RS,Rio Grande do Sul,South,4917.0,11,11,447.0
3d62f86afa7c73be2628a3be1423f5a0,12327,jacarei,SP,Sao Paulo,Southeast,12.0,2,2,6.0
497709c2976a8fa308730a2dec5b0726,9981,diadema,SP,Sao Paulo,Southeast,76.0,2,1,76.0
e73bf2cea7fe4b0b4d287a7568ed1099,89812,chapeco,SC,Santa Catarina,South,737.6999999999999,5,4,184.42
778323240ce2830d68aab11794e00bfb,13600,sao paulo,SP,Sao Paulo,Southeast,189.98000000000002,3,3,63.33
2493dc3f20131696a0ecdb9948051a8d,71065,brasilia,DF,Distrito Federal,Central-West,504.38,4,4,126.1
a3dd39f583bc80bd8c5901c95878921e,41342,salvador,BA,Bahia,Northeast,4607.81,37,34,135.52
4342d4b2ba6b161468c63a7e7cfce593,22793,rio de janeiro,RJ,Rio de Janeiro,Southeast,2867.1,20,20,143.35
06df0c10d34e459d9672bc77388742eb,87045,maringa,PR,Parana,South,9070.0,30,26,348.85
89757206b887aed36f3e18d858460fea,3121,sao paulo,SP,Sao Paulo,Southeast,120.5,2,2,60.25
d8b8f2cf9ff6ba0389072541cb42498c,73813,formosa,GO,Goias,Central-West,149.0,1,1,149.0
3c03b12bab54d8b37d79d914bfdb1aa0,25561,sao joao de meriti,RJ,Rio de Janeiro,Southeast,4236.34,43,37,114.5
9d5a9018aee56acb367ba9c3f05d1d6a,74930,aparecida de goiania,GO,Goias,Central-West,10292.310000000001,79,67,153.62
f9244d45189d3a3605499abddeade7d5,3029,sao paulo,SP,Sao Paulo,Southeast,15731.43,21,21,749.12
2b3b9ce054da76a7428df143a567b156,3572,sao paulo,SP,Sao Paulo,Southeast,301.0,6,5,60.2
198c7ea11960a9844b544d9bcdca860c,37590,jacutinga,MG,Minas Gerais,Southeast,1733.75,25,25,69.35
a478c7961d6a992065b24e63b366f90b,89036,blumenau,SC,Santa Catarina,South,1281.5,9,8,160.19
30c7f28fd3a5897b2c82d152bb760c17,24020,niteroi,RJ,Rio de Janeiro,Southeast,2178.27,7,7,311.18
66e0557ecc2b4dbea057e93f215f68d8,4771,sao paulo,SP,Sao Paulo,Southeast,12480.0,31,31,402.58
be1e9e378700cecaa4ebf71433d7915c,14025,ribeirao preto,SP,Sao Paulo,Southeast,119.89000000000001,2,2,59.95
21e83881401b92b49fb09a16d3852291,38405,uberlandia,MG,Minas Gerais,Southeast,3588.0499999999997,15,14,256.29
55c96925041a14097b6a7825554f4ad5,2122,sao paulo,SP,Sao Paulo,Southeast,294.8,10,6,49.13
918f6fbcf3ab724d805867303e593a1b,13273,valinhos,SP,Sao Paulo,Southeast,79.69999999999999,3,2,39.85
daeb5653dd96c1b11860f72209795012,31310,belo horizonte,MG,Minas Gerais,Southeast,2305.9,41,40,57.65
228e4c1a0be164f613d41c24345f9d2c,86360,bandeirantes,PR,Parana,South,539.7,5,5,107.94
5145090ab595c0d0b8557199f5701fbf,82900,curitiba,PR,Parana,South,1459.6,4,4,364.9
87e24fc7052259b1f7f607d61c10d8be,5734,sao paulo,SP,Sao Paulo,Southeast,7473.49,8,8,934.19
d66c11a9572221d92fbb8c4897db5f9b,20770,rio de janeiro,RJ,Rio de Janeiro,Southeast,776.56,16,16,48.54
e2c92f9c1c7746d899d18f2e158bbff7,15054,sao jose do rio preto,SP,Sao Paulo,Southeast,1894.7,14,14,135.34
ea67327e24487bdfac5fbfa37ea124df,14940,ibitinga,SP,Sao Paulo,Southeast,6250.18,34,32,195.32
db6a4d4b5f1f5f98820ce6ce2619e2de,2968,sao paulo,SP,Sao Paulo,Southeast,135.99,1,1,135.99
1d1bbb8ac1581824986f582583fff01d,89082,indaial,SC,Santa Catarina,South,166.88,4,4,41.72
f90f77ef2799a27f80d90c425ca944f7,86020,londrina,PR,Parana,South,70.0,1,1,70.0
bbf4a892cac7b82422baa711dffb8997,82200,curitiba,PR,Parana,South,70.0,1,1,70.0
39f776d2974049026ff531fc42ef2a3e,74835,goiania,GO,Goias,Central-West,1084.04,4,3,361.35
c70c1b0d8ca86052f45a432a38b73958,13186,hortolandia,SP,Sao Paulo,Southeast,36537.369999999995,338,261,139.99
9e6967d3cf386d284251784b18ccb485,9550,sao caetano do sul,SP,Sao Paulo,Southeast,517.67,11,9,57.52
747e73c01a4593d4cf60dcf970fd2689,55602,vitoria de santo antao,PE,Pernambuco,Northeast,2217.99,3,3,739.33
63704069d9bd3a75c1cf59babe56004a,13212,jundiai,SP,Sao Paulo,Southeast,59.3,1,1,59.3
4e2627090e6e5b9fabba883a37897683,31565,belo horizonte,MG,Minas Gerais,Southeast,199.5,5,2,99.75
61b18775be84fb700a6b2d0ba097bf66,14808,araraquara,SP,Sao Paulo,Southeast,334.5,5,4,83.62
95cca791657aabeff15a07eb152d7841,85950,palotina,PR,Parana,South,9.99,1,1,9.99
dde698c6d0bd24834c586e5111c2bba7,25755,petropolis,RJ,Rio de Janeiro,Southeast,155.9,1,1,155.9
e94b64dc6979b302a5a5be1662c83bb6,6852,itapecerica da serra,SP,Sao Paulo,Southeast,306.89,2,2,153.44
15ead3a5037a918ddb520dfe39a3d2b9,36401,conselheiro lafaiete,MG,Minas Gerais,Southeast,275.5,8,7,39.36
9d489893ff6af05029671b785f54b998,13613,leme,SP,Sao Paulo,Southeast,298.7,6,5,59.74
725af026f869236a8dd0ceb98564d156,35530,claudio,MG,Minas Gerais,Southeast,1177.71,8,7,168.24
f00f5b35d0abcacbdd863672f4bb2c1a,1238,sao paulo,SP,Sao Paulo,Southeast,299.0,1,1,299.0
7bac63f6603d382cc8d0832eb6c100a8,5713,sao paulo,SP,Sao Paulo,Southeast,7751.95,19,19,408.0
f1fdf2d13186575751aa25876536d85c,5314,sao paulo,SP,Sao Paulo,Southeast,26.3,1,1,26.3
98dddbc4601dd4443ca174359b237166,87111,sarandi,PR,Parana,South,158.0,2,2,79.0
f8201cab383e484733266d1906e2fdfa,88137,palhoca,SC,Santa Catarina,South,889.0,10,10,88.9
74871d19219c7d518d0090283e03c137,4650,sao paulo,SP,Sao Paulo,Southeast,550.04,7,6,91.67
e603cf3fec55f8697c9059638d6c8eb5,96080,pelotas,RS,Rio Grande do Sul,South,297.0,11,8,37.12
9e25199f6ef7e7c347120ff175652c3b,12051,taubate,SP,Sao Paulo,Southeast,12.5,1,1,12.5
